"ASV","taxon_label","Kingdom","Phylum","Class","Order","Family","Genus","n_samples_dominant","proportion_samples_dominant","mean_dominance","median_dominance","max_dominance","total_reads_when_dominant"
"ASV4","g__ Fusobacterium | ASV4","Bacteria","Fusobacteriota","Fusobacteriia","Fusobacteriales","Fusobacteriaceae","Fusobacterium",5,0.151515151515152,0.236100045230286,0.235002242655304,0.320731668113286,33992
"ASV1","g__ Clostridium | ASV1","Bacteria","Bacillota","Clostridia","Clostridiales","Clostridiaceae","Clostridium",4,0.121212121212121,0.421529481813278,0.454731334639405,0.516714816343376,58326
"ASV6","g__ Peptoclostridium | ASV6","Bacteria","Bacillota","Clostridia","Peptostreptococcales-Tissierellales","Peptostreptococcaceae","Peptoclostridium",3,0.0909090909090909,0.274861496986876,0.286653833814565,0.34087798364213,26678
"ASV9","g__ Bacteroides | ASV9","Bacteria","Bacteroidota","Bacteroidia","Bacteroidales","Bacteroidaceae","Bacteroides",3,0.0909090909090909,0.20058326988088,0.18904263275991,0.259908236836356,16627
"ASV93","g__ Ureaplasma | ASV93","Bacteria","Bacillota","Bacilli","Mycoplasmatales","Mycoplasmataceae","Ureaplasma",2,0.0606060606060606,0.344857804803673,0.344857804803673,0.38934217236104,7958
"ASV37","g__ Helicobacter | ASV37","Bacteria","Campylobacterota","Campylobacteria","Campylobacterales","Helicobacteraceae","Helicobacter",2,0.0606060606060606,0.261921593519982,0.261921593519982,0.368564161038505,16649
"ASV10","g__ Fusobacterium | ASV10","Bacteria","Fusobacteriota","Fusobacteriia","Fusobacteriales","Fusobacteriaceae","Fusobacterium",2,0.0606060606060606,0.246052825702774,0.246052825702774,0.304019646791145,16081
"ASV15","g__ Clostridium | ASV15","Bacteria","Bacillota","Clostridia","Clostridiales","Clostridiaceae","Clostridium",2,0.0606060606060606,0.228404571803906,0.228404571803906,0.273275378575435,9815
"ASV7","g__ Bisgaardia | ASV7","Bacteria","Pseudomonadota","Gammaproteobacteria","Enterobacterales","Pasteurellaceae","Bisgaardia",1,0.0303030303030303,0.996244335464647,0.996244335464647,0.996244335464647,32097
"ASV3","g__ Actinobacillus | ASV3","Bacteria","Pseudomonadota","Gammaproteobacteria","Enterobacterales","Pasteurellaceae","Actinobacillus",1,0.0303030303030303,0.443525644089671,0.443525644089671,0.443525644089671,9279
"ASV35","g__ Muricomes | ASV35","Bacteria","Bacillota","Clostridia","Lachnospirales","Lachnospiraceae","Muricomes",1,0.0303030303030303,0.408325952170062,0.408325952170062,0.408325952170062,12908
"ASV19","g__ Bacteroides | ASV19","Bacteria","Bacteroidota","Bacteroidia","Bacteroidales","Bacteroidaceae","Bacteroides",1,0.0303030303030303,0.396998913633895,0.396998913633895,0.396998913633895,11694
"ASV38","g__ Terrisporobacter | ASV38","Bacteria","Bacillota","Clostridia","Peptostreptococcales-Tissierellales","Peptostreptococcaceae","Terrisporobacter",1,0.0303030303030303,0.374548179493961,0.374548179493961,0.374548179493961,8497
"ASV124","g__ Pedobacter | ASV124","Bacteria","Bacteroidota","Bacteroidia","Sphingobacteriales","Sphingobacteriaceae","Pedobacter",1,0.0303030303030303,0.292397356507259,0.292397356507259,0.292397356507259,5619
"ASV48","g__ Cetobacterium | ASV48","Bacteria","Fusobacteriota","Fusobacteriia","Fusobacteriales","Fusobacteriaceae","Cetobacterium",1,0.0303030303030303,0.257508744008735,0.257508744008735,0.257508744008735,13915
"ASV182","g__ Enhydrobacter | ASV182","Bacteria","Pseudomonadota","Gammaproteobacteria","Pseudomonadales","Moraxellaceae","Enhydrobacter",1,0.0303030303030303,0.219962305638448,0.219962305638448,0.219962305638448,2801
"ASV67","g__ Pseudomonas | ASV67","Bacteria","Pseudomonadota","Gammaproteobacteria","Pseudomonadales","Pseudomonadaceae","Pseudomonas",1,0.0303030303030303,0.213993205826237,0.213993205826237,0.213993205826237,9197
"ASV71","g__ Burkholderia-Caballeronia-Paraburkholderia | ASV71","Bacteria","Pseudomonadota","Gammaproteobacteria","Burkholderiales","Burkholderiaceae","Burkholderia-Caballeronia-Paraburkholderia",1,0.0303030303030303,0.140777450828558,0.140777450828558,0.140777450828558,909
