"","Specimen.ID","Clostridium","NA","Actinobacillus","Fusobacterium","UCG-005","Peptoclostridium","Bisgaardia","Paeniclostridium","Edwardsiella","Bacteroides","Helicobacter","Peptostreptococcus","Mycobacterium","Tyzzerella","Ligilactobacillus","Cetobacterium","Hathewaya","Mycoplasma","Muricomes","Escherichia-Shigella","Terrisporobacter","NA.1","Mycoplasmoides","Odoribacter","NA.2","NA.3","Slackia","Romboutsia","Erysipelothrix","NA.4","Faecalimonas","Parabacteroides","NA.5","[Clostridium] innocuum group","Oceanivirga","Anaerobiospirillum","Pseudomonas","NA.6","Burkholderia-Caballeronia-Paraburkholderia","NA.7","Staphylococcus","Pectinatus","Faecalibacterium","NA.8","Allomeiothermus","Streptococcus","Alistipes","Ureaplasma","Paludicola","Christensenellaceae R-7 group","Psychrobacter","NA.9","Shewanella","Colidextribacter","Plesiomonas","Blautia","NK4A214 group","NA.10","NA.11","NA.12","Negativibacillus","NA.13","Marvinbryantia","Moritella","Fournierella","NA.14","Prevotellaceae Ga6A1 group","Phascolarctobacterium","[Ruminococcus] gauvreauii group","Hydrogenophilus","Sutterella","Anaerofilum","Cereibacter","Oscillospira","Gemella","Lachnospiraceae UCG-010","Malacoplasma","NA.15","Mucispirillum","Thomasclavelia","Paraeggerthella","Extibacter","Anaeroplasma","Rikenellaceae RC9 gut group","Parasutterella","NA.16","Enhydrobacter","UCG-002","NA.17","Peptococcus","[Eubacterium] brachy group","NA.18","Porphyromonas","NA.19","Neisseria","Collinsella","Flavobacterium","Acinetobacter","Oscillibacter","Lactobacillus","NA.20","NA.21","Bacillus","Veillonella","Deinococcus","Flavonifractor","Angelakisella","Bordetella","Photobacterium","Tepidimonas","Longibaculum","Morganella","Proteus","Campylobacter","Rheinheimera","NA.22","Agathobaculum","Bradyrhizobium","NA.23","NA.24","Listeria","Enterococcus","NA.25","Harryflintia","Alcaligenes","Candidatus Arthromitus","Schaalia","UCG-008","Raoultibacter","NA.26","NA.27","Aliivibrio","Balneicella","NA.28","Hydrogenoanaerobacterium","NA.29","NA.30","Intestinimonas","Parvimonas","Candidatus Soleaferrea","Acutalibacter","Curvibacter","NA.31","Mediterraneibacter","Desulfovibrio","Roseobacter","Corynebacterium","Ruthenibacterium","Psychrilyobacter","Roseburia","Brevinema","Anaerobutyricum","Family XIII AD3011 group","Pygmaiobacter","Aeromonas","NA.32","Sporosarcina","Lachnospiraceae NC2004 group","Paucibacter","NA.33","Pantoea","Pseudogracilibacillus","NA.34","Vibrio","NA.35","Bergeyella","Coprobacillus","Rhodoluna","Psychromonas","NA.36","Pseudoalteromonas","Lactococcus","Anaerococcus","NA.37","NA.38","Stenotrophomonas","Paraclostridium","NA.39","Tenacibaculum","NA.40","Proteocatella","Anaerotruncus","NA.41","Carnobacterium","Kocuria","Caproiciproducens","Hymenobacter","Haemophilus","NA.42","Lawsonella","Monoglobus","UCG-009","Aurantimicrobium","NA.43","Candidatus Megaira","NA.44","Candidatus Bacilloplasma","NA.45","NA.46","Cloacibacterium","Actinomyces","NA.47","NA.48","NA.49","Chthoniobacter","NA.50","Rhodoferax","Prosthecobacter","NA.51","Pseudoxanthomonas","Ancylomarina","Epulopiscium","Malikia","Leucobacter","Lautropia","Arthrobacter","NA.52","Mesomycoplasma","Sphaerotilus","Aeromicrobium","Francisella","Dietzia","Anaerofustis","Cellvibrio","Anaerosalibacter","GCA-900066575","SH-PL14","NA.53","NA.54","Synechococcus CC9902","NA.55","Sphingomonas","Methylobacterium","NA.56","Ralstonia","NA.57","Arcobacter","Schnuerera","JTB215","NA.58","NA.59","Paenibacillus","Pirellula","Colwellia","Polaromonas","Zag_111","Pasteurella","Roseomonas","Mariniblastus","NA.60","SH3-11","Chitinivorax","Psychrobium","Candidatus Nitrosopumilus","NA.61","Massilia","Mycoplasmopsis","Varibaculum","Tissierella","NA.62","Rikenella","Legionella","Suttonella","NA.63","Fimbriiglobus","Rubellimicrobium","Family XIII UCG-001","Brachymonas","Schlesneria","UCG-004","Brevundimonas","Spirosoma","Ornithobacterium","Woeseia","NA.64","NA.65","Fusibacter","NA.66","Chryseobacterium","Duganella","NA.67","Nocardioides","Candidatus Ovatusbacter","Dielma","Thermus"
"WADE-003-006","2014122",0.134,0,0.001,0.099,0,0,0,0.003,0.007,0,0,0.63,0,0,0.004,0.006,0.095,0,0,0,0,0,0,0,0,0,0,0,0,0,0,0,0,0,0,0,0,0,0,0.016,0,0,0,0,0,0,0,0,0,0,0,0,0,0,0.001,0,0,0,0,0,0,0,0,0,0,0,0,0,0,0,0,0,0,0,0,0,0,0,0,0,0.006,0,0,0,0,0,0,0,0,0,0,0,0,0,0,0,0,0,0,0,0,0,0,0,0,0,0,0,0,0,0,0,0,0,0,0,0,0,0,0,0,0,0,0,0,0,0,0,0,0,0,0,0,0,0,0,0,0,0,0,0,0,0,0,0,0,0,0,0,0,0,0,0,0,0,0,0,0,0,0,0,0,0,0,0,0,0,0,0,0,0,0,0,0,0,0,0,0,0,0,0,0,0,0,0,0,0,0,0,0,0,0,0,0,0,0,0,0,0,0,0,0,0,0,0,0,0,0,0,0,0,0,0,0,0,0,0,0,0,0,0,0,0,0,0,0,0,0,0,0,0,0,0,0,0,0,0,0,0,0,0,0,0,0,0,0,0,0,0,0,0,0,0,0,0,0,0,0,0,0,0,0,0,0,0,0,0,0,0,0,0,0,0,0,0,0,0,0,0,0,0,0,0,0,0
"WADE-003-007","2017198",0.36,0,0.001,0.033,0,0,0,0.002,0.284,0.003,0,0.103,0,0,0.175,0,0.034,0,0,0,0,0,0,0,0,0,0,0,0,0,0,0,0,0,0,0,0,0,0,0,0,0,0,0,0,0,0,0,0,0,0,0,0,0,0,0,0,0,0,0,0,0,0,0,0,0,0,0,0,0,0,0,0,0,0,0,0,0,0,0,0.003,0,0,0,0,0,0,0,0,0,0,0,0,0,0,0,0,0,0,0,0,0,0,0,0,0,0,0,0,0,0,0,0,0,0,0,0,0,0,0,0,0,0,0,0,0,0,0,0,0,0,0,0,0,0,0,0,0,0,0,0,0,0,0,0,0,0,0,0,0,0,0,0,0,0,0,0,0,0,0,0,0,0,0,0,0,0,0,0,0,0,0,0,0,0,0,0,0,0,0,0,0,0,0,0,0,0,0,0,0,0,0,0,0,0,0,0,0,0,0,0,0,0,0,0,0,0,0,0,0,0,0,0,0,0,0,0,0,0,0,0,0,0,0,0,0,0,0,0,0,0,0,0,0,0,0,0,0,0,0,0,0,0,0,0,0,0,0,0,0,0,0,0,0,0,0,0,0,0,0,0,0,0,0,0,0,0,0,0,0,0,0,0,0,0,0,0,0,0,0,0,0,0,0,0
"WADE-003-008","2017206",0.131,0,0,0.001,0,0,0,0,0.032,0.176,0,0.588,0.006,0,0.033,0,0.008,0,0,0,0,0,0,0,0,0,0,0,0,0,0,0,0,0,0,0,0,0,0,0,0,0,0,0,0,0,0,0,0,0,0,0,0,0,0,0,0,0,0,0.001,0,0,0,0,0,0,0,0,0,0,0,0,0,0,0,0,0,0,0,0,0.02,0,0,0,0,0,0,0,0,0,0,0,0,0,0,0,0,0,0,0,0,0,0,0,0,0,0,0,0,0,0,0,0,0,0,0,0,0,0,0,0,0,0,0,0,0,0,0,0,0,0,0,0,0,0,0,0,0,0,0,0,0,0,0,0,0,0,0,0,0,0,0,0,0,0,0,0,0,0,0,0,0,0,0,0,0,0,0,0,0,0,0.001,0,0,0,0,0,0,0,0,0,0,0.001,0,0,0,0,0,0,0,0,0,0,0,0,0,0,0,0,0,0,0,0,0,0,0,0,0,0,0,0,0,0,0,0,0,0,0,0,0,0,0,0,0,0,0,0,0,0,0,0,0,0,0,0,0,0,0,0,0,0,0,0,0,0,0,0,0,0,0,0,0,0,0,0,0,0,0,0,0,0,0,0,0,0,0,0,0,0,0,0,0,0,0,0,0,0,0,0,0,0,0,0,0,0
"WADE-003-009","2017215",0.417,0,0,0.109,0,0,0,0,0.015,0.335,0,0.008,0,0,0,0,0.025,0,0,0,0,0,0,0,0,0,0,0,0,0,0,0,0,0,0,0,0,0,0.001,0.008,0,0,0,0,0,0,0,0,0,0,0,0,0,0,0,0,0,0,0,0,0,0,0,0,0,0,0,0,0,0,0,0,0,0,0,0,0,0,0,0,0.011,0,0,0,0,0,0,0,0,0,0,0,0.05,0,0,0,0,0,0,0,0,0,0,0.019,0,0,0,0,0,0,0,0,0,0,0,0,0,0,0,0,0,0,0,0,0,0,0,0,0,0,0,0,0,0,0,0,0,0,0,0,0,0,0,0,0,0,0,0,0,0,0,0,0,0,0,0,0,0,0,0,0,0,0,0,0,0,0,0,0,0,0,0,0,0,0,0,0,0,0,0,0,0,0,0,0,0,0,0,0,0,0,0,0,0,0,0,0,0,0,0,0,0,0,0,0,0,0,0,0,0,0,0,0,0,0,0,0,0,0,0,0,0,0,0,0,0,0,0,0,0,0,0,0,0,0,0,0,0,0,0,0,0,0,0,0,0,0,0,0,0,0,0,0,0,0,0,0,0,0,0,0,0,0,0,0,0,0,0,0,0,0,0,0,0,0,0,0,0,0,0,0,0,0,0,0
"WADE-003-010","2017217",0.359,0,0.007,0,0,0,0,0.125,0,0,0.024,0,0,0,0,0,0,0,0,0.47,0,0,0,0,0,0,0,0,0,0,0,0,0,0,0,0,0,0,0,0,0,0,0,0,0,0,0,0,0,0,0,0,0,0,0,0,0,0,0,0,0,0,0,0,0,0,0,0,0,0,0,0,0,0,0,0,0,0,0,0,0,0,0,0,0,0,0,0,0,0,0,0,0,0,0,0,0,0,0,0,0,0,0,0,0,0,0,0,0,0,0,0,0,0,0,0,0,0,0,0,0,0,0,0,0,0,0,0,0,0,0,0,0,0,0,0,0,0,0,0,0,0,0,0,0,0,0,0,0,0,0,0,0,0,0,0,0,0,0,0,0,0,0,0.01,0,0,0,0,0,0,0,0,0,0,0,0,0,0,0,0,0.004,0,0,0,0,0,0,0,0,0,0,0,0,0,0,0,0,0,0,0,0,0,0,0,0,0,0,0,0,0,0,0,0,0,0,0,0,0,0,0,0,0,0,0,0,0,0,0,0,0,0,0,0,0.001,0,0,0,0,0,0,0,0,0,0,0,0,0,0,0,0,0,0,0,0,0,0,0,0,0,0,0,0,0,0,0,0,0,0,0,0,0,0,0,0,0,0,0,0,0,0,0,0,0,0,0
"WADE-003-011","2017221",0.122,0,0,0,0,0,0,0.001,0.165,0.521,0,0.082,0,0,0.1,0.005,0.001,0,0,0,0,0,0,0,0,0,0,0,0,0,0,0,0,0,0,0,0,0,0,0,0,0,0,0,0,0,0,0,0,0,0,0,0,0,0.001,0,0,0,0,0,0,0,0,0,0,0,0,0,0,0,0,0,0,0,0,0,0,0,0,0,0.001,0,0,0,0,0,0,0,0,0,0,0,0,0,0,0,0,0,0,0,0,0,0,0,0,0,0,0,0,0,0,0,0,0,0,0,0,0,0,0,0,0,0,0,0,0,0,0,0,0,0,0,0,0,0,0,0,0,0,0,0,0,0,0,0,0,0,0,0,0,0,0,0,0,0,0,0,0,0,0,0,0,0,0,0,0,0,0,0,0,0,0,0,0,0,0,0,0,0,0,0,0,0,0,0,0,0,0,0,0,0,0,0,0,0,0,0,0,0,0,0,0,0,0,0,0,0,0,0,0,0,0,0,0,0,0,0,0,0,0,0,0,0,0,0,0,0,0,0,0,0,0,0,0,0,0,0,0,0,0,0,0,0,0,0,0,0,0,0,0,0,0,0,0,0,0,0,0,0,0,0,0,0,0,0,0,0,0,0,0,0,0,0,0,0,0,0,0,0,0,0,0,0,0,0
"WADE-003-012","2017222",0.304,0,0,0.25,0,0,0,0.003,0.086,0.3,0,0,0,0,0.033,0,0.017,0,0,0,0,0,0,0,0,0,0,0,0,0,0,0,0,0,0,0,0,0,0,0.005,0,0,0,0,0,0,0,0,0,0,0,0,0,0,0,0,0,0,0,0,0,0,0,0,0,0,0,0,0,0,0,0,0,0,0,0,0,0,0,0,0.002,0,0,0,0,0,0,0,0,0,0,0,0,0,0,0,0,0,0,0,0,0,0,0,0,0,0,0,0,0,0,0,0,0,0,0,0,0,0,0,0,0,0,0,0,0,0,0,0,0,0,0,0,0,0,0,0,0,0,0,0,0,0,0,0,0,0,0,0,0,0,0,0,0,0,0,0,0,0,0,0,0,0,0,0,0,0,0,0,0,0,0,0,0,0,0,0,0,0,0,0,0,0,0,0,0,0,0,0,0,0,0,0,0,0,0,0,0,0,0,0,0,0,0,0,0,0,0,0,0,0,0,0,0,0,0,0,0,0,0,0.001,0,0,0,0,0,0,0,0,0,0,0,0,0,0,0,0,0,0,0,0,0,0,0,0,0,0,0,0,0,0,0,0,0,0,0,0,0,0,0,0,0,0,0,0,0,0,0,0,0,0,0,0,0,0,0,0,0,0,0,0,0,0,0,0
"WADE-003-013","2017228",0.736,0,0,0.002,0,0,0,0.044,0.008,0.012,0,0.001,0.003,0,0.096,0,0.089,0,0,0,0,0,0,0,0,0,0,0,0,0,0,0,0,0,0,0,0,0,0,0,0,0,0,0,0,0.001,0,0,0,0,0,0,0,0,0,0,0,0,0,0,0,0,0,0,0,0,0,0,0,0,0.001,0,0,0,0,0,0,0,0,0,0.008,0,0,0,0,0,0,0,0,0,0,0,0,0,0,0,0,0,0,0,0,0,0,0,0,0,0,0,0,0,0,0,0,0,0,0,0,0,0,0,0,0,0,0,0,0,0,0,0,0,0,0,0,0,0,0,0,0,0,0,0,0,0,0,0,0,0,0,0,0,0,0,0,0,0,0,0,0,0,0,0,0,0,0,0,0,0,0,0,0,0,0,0,0,0,0,0,0,0,0,0,0,0,0,0,0,0,0,0,0,0,0,0,0,0,0,0,0,0,0,0,0,0,0,0,0,0,0,0,0,0,0,0,0,0,0,0,0,0,0,0,0,0,0,0,0,0,0,0,0,0,0,0,0,0,0,0,0,0,0,0,0,0,0,0,0,0,0,0,0,0,0,0,0,0,0,0,0,0,0,0,0,0,0,0,0,0,0,0,0,0,0,0,0,0,0,0,0,0,0,0,0,0,0,0
"WADE-003-014","2017230",0.301,0,0.003,0.401,0,0,0,0.066,0,0.119,0,0,0,0,0.02,0,0,0,0,0,0,0,0.002,0,0,0,0,0,0,0,0,0,0,0,0,0,0,0,0,0,0,0,0,0,0,0,0,0.001,0,0,0,0,0,0,0,0,0,0,0,0,0,0,0,0,0,0,0,0,0,0,0.081,0,0,0,0,0,0,0,0,0,0.002,0,0,0,0,0,0,0,0,0,0,0,0,0,0,0,0,0,0,0,0,0,0,0.002,0,0,0,0,0,0,0,0.002,0,0,0,0,0,0,0,0,0,0,0,0,0,0,0,0,0,0,0,0,0,0,0,0,0,0,0,0,0,0,0,0,0,0,0,0,0,0,0,0,0,0,0,0,0,0,0,0,0,0,0,0,0,0,0,0,0,0,0,0,0,0,0,0,0,0,0,0,0,0,0,0,0,0,0,0,0,0,0,0,0,0,0,0,0,0,0,0,0,0,0,0,0,0,0,0,0,0,0,0,0,0,0,0,0,0,0,0,0,0,0,0,0,0,0,0,0,0,0,0,0,0,0,0,0,0,0,0,0,0,0,0,0,0,0,0,0,0,0,0,0,0,0,0,0,0,0,0,0,0,0,0,0,0,0,0,0,0,0,0,0,0,0,0,0,0,0,0,0,0,0,0,0
"WADE-003-015","2018278",0.849,0,0,0,0,0,0,0.005,0,0,0,0,0.003,0,0,0,0.009,0,0,0,0,0,0.001,0,0,0,0,0,0.044,0,0,0,0,0,0,0,0,0,0,0.085,0,0,0,0,0,0,0,0,0,0,0,0,0,0,0,0,0,0,0,0,0,0,0,0,0,0,0,0,0,0,0,0,0,0,0,0,0,0,0,0,0.001,0,0,0,0,0,0,0,0,0,0,0,0,0,0,0,0,0,0,0,0,0,0,0,0,0,0,0,0,0,0,0,0,0,0,0,0,0,0,0,0,0.002,0,0,0,0,0,0,0,0,0,0,0,0,0,0,0,0,0,0,0,0,0,0,0,0,0,0,0,0,0,0,0,0,0,0,0,0,0,0,0,0,0,0,0,0,0,0,0,0,0,0,0,0,0,0,0,0,0,0,0,0,0,0,0,0,0,0,0,0,0,0,0,0,0,0,0,0,0,0,0,0,0,0,0,0,0,0,0,0,0,0,0,0,0,0,0,0,0,0,0,0,0,0,0,0,0,0,0,0,0,0,0,0,0,0,0,0,0,0,0,0,0,0,0,0,0,0,0,0,0,0,0,0,0,0,0,0,0,0,0,0,0,0,0,0,0,0,0,0,0,0,0,0,0,0,0,0,0,0,0,0,0,0,0
"WADE-003-016","2020230",0.917,0,0,0,0,0,0,0.058,0,0,0.001,0,0,0,0,0,0.01,0,0,0,0,0.001,0,0,0,0,0,0.008,0,0,0,0,0,0,0,0,0,0,0,0.003,0,0,0,0,0,0,0,0,0,0,0,0,0,0,0,0,0,0,0,0,0,0,0,0,0,0,0,0,0,0,0,0,0,0,0,0,0,0,0,0,0,0,0,0,0,0,0,0,0,0,0,0,0,0,0,0,0,0,0,0,0,0,0,0,0,0,0,0,0,0,0,0,0,0,0,0,0,0,0,0,0,0,0,0,0,0,0,0,0,0,0,0,0,0,0,0,0,0,0,0.001,0,0,0,0,0,0,0,0,0,0,0,0,0,0,0,0,0,0,0,0,0,0,0,0,0,0,0,0,0,0,0,0,0,0,0,0,0,0,0,0,0,0,0,0,0,0,0,0,0,0,0,0,0,0,0,0,0,0,0,0,0,0,0,0,0,0,0,0,0,0,0,0,0,0,0,0,0,0,0,0,0,0,0,0,0,0,0,0,0,0,0,0,0,0,0,0,0,0,0,0,0,0,0,0,0,0,0,0,0,0,0,0,0,0,0,0,0,0,0,0,0,0,0,0,0,0,0,0,0,0,0,0,0,0,0,0,0,0,0,0,0,0,0,0,0
"WADE-003-017","2021028",0.21,0,0,0,0,0,0,0.16,0.279,0.004,0,0,0,0,0,0.296,0,0,0,0,0,0,0,0,0,0,0,0,0,0,0,0,0,0,0,0,0,0,0,0,0,0,0,0,0,0,0,0,0,0,0,0,0,0,0,0,0,0,0,0,0,0,0,0,0,0,0,0,0,0,0,0,0,0,0,0,0,0,0,0,0.002,0.048,0,0,0,0,0,0,0,0,0,0,0,0,0,0,0,0,0,0,0,0,0,0,0,0,0,0,0,0,0,0,0,0,0,0,0,0,0,0,0,0,0,0,0,0,0,0,0,0,0,0,0,0,0,0,0,0,0,0,0,0,0,0,0,0,0,0,0,0,0,0,0,0,0,0,0,0,0,0,0,0,0,0,0,0,0,0,0,0,0,0,0,0,0,0,0,0,0,0,0,0,0,0,0,0,0,0,0,0,0,0,0,0,0,0,0,0,0,0,0,0,0,0,0,0,0,0,0,0,0,0,0,0,0,0,0,0,0,0,0,0,0,0,0,0,0,0,0,0,0,0,0,0,0,0,0,0,0,0,0,0,0,0,0,0,0,0,0,0,0,0,0,0,0,0,0,0,0,0,0,0,0,0,0,0,0,0,0,0,0,0,0,0,0,0,0,0,0,0,0,0,0,0,0
"WADE-003-018","2021214",0.193,0,0,0.293,0,0,0,0.014,0,0.123,0,0.001,0.001,0,0.029,0.001,0.083,0,0,0,0,0,0,0,0,0,0,0,0.07,0,0,0,0,0,0,0,0,0,0,0.158,0,0,0,0,0,0,0,0,0,0,0,0,0,0,0.001,0,0,0,0,0,0,0,0,0,0,0,0,0,0,0,0.016,0,0,0,0,0,0,0,0,0,0.002,0,0,0,0,0,0,0,0,0,0,0,0,0,0,0,0,0,0,0,0,0,0,0.014,0,0,0,0,0,0,0,0,0,0,0,0,0,0,0,0,0,0,0,0,0,0,0,0,0,0,0,0,0,0,0,0,0,0,0,0,0,0,0,0,0,0,0,0,0,0,0,0,0,0,0,0,0,0,0,0,0,0,0,0,0,0,0,0,0,0,0,0,0,0,0,0,0,0,0,0,0,0,0,0,0,0,0,0,0,0,0,0,0,0,0,0,0,0,0,0,0,0,0,0,0,0,0,0,0,0,0,0,0,0,0,0,0,0,0,0,0,0,0,0,0,0,0,0,0,0,0,0,0,0,0,0,0,0,0,0,0,0,0,0,0,0,0,0,0,0,0,0,0,0,0,0,0,0,0,0,0,0,0,0,0,0,0,0,0,0,0,0,0,0,0,0,0,0,0,0,0,0,0,0,0
"WADE-003-018-2","2021214",0.193,0,0,0.333,0,0,0,0.021,0,0.104,0,0,0.001,0,0.021,0.001,0.091,0,0,0,0,0,0,0,0,0,0,0,0.04,0,0,0,0,0,0,0,0,0,0,0.16,0,0,0,0,0,0,0,0,0,0,0,0,0,0,0.002,0,0,0,0,0,0,0,0,0,0,0,0,0,0,0,0.02,0,0,0,0,0,0,0,0,0,0.003,0,0,0,0,0,0,0,0,0,0,0,0,0,0,0,0,0,0,0,0,0,0,0.009,0,0,0,0,0,0,0,0,0.001,0,0,0,0,0,0,0,0,0,0,0,0,0,0,0,0,0,0,0,0,0,0,0,0,0,0,0,0,0,0,0,0,0,0,0,0,0,0,0,0,0,0,0,0,0,0,0,0,0,0,0,0,0,0,0,0,0,0,0,0,0,0,0,0,0,0,0,0,0,0,0,0,0,0,0,0,0,0,0,0,0,0,0,0,0,0,0,0,0,0,0,0,0,0,0,0,0,0,0,0,0,0,0,0,0,0,0,0,0,0,0,0,0,0,0,0,0,0,0,0,0,0,0,0,0,0,0,0,0,0,0,0,0,0,0,0,0,0,0,0,0,0,0,0,0,0,0,0,0,0,0,0,0,0,0,0,0,0,0,0,0,0,0,0,0,0,0,0,0,0,0,0
"WADE-003-022","2022161",0.505,0,0.003,0,0,0,0,0.009,0,0.001,0,0,0.001,0,0,0,0.049,0,0,0.001,0,0,0,0,0,0,0,0.003,0.428,0,0,0,0,0,0,0,0,0,0,0,0,0,0,0,0,0,0,0,0,0,0,0,0,0,0,0,0,0,0,0,0,0,0,0,0,0,0,0,0,0,0,0,0,0,0,0,0,0,0,0,0,0,0,0,0,0,0,0,0,0,0,0,0,0,0,0,0,0,0,0,0,0,0,0,0,0,0,0,0,0,0,0,0,0,0,0,0,0,0,0,0,0,0,0,0,0,0,0,0,0,0,0,0,0,0,0,0,0,0,0,0,0,0,0,0,0,0,0,0,0,0,0,0,0,0,0,0,0,0,0,0,0,0,0,0,0,0,0,0,0,0,0,0,0,0,0,0,0,0,0,0,0,0,0,0,0,0,0,0,0,0,0,0,0,0,0,0,0,0,0,0,0,0,0,0,0,0,0,0,0,0,0,0,0,0,0,0,0,0,0,0,0,0,0,0,0,0,0,0,0,0,0,0,0,0,0,0,0,0,0,0,0,0,0,0,0,0,0,0,0,0,0,0,0,0,0,0,0,0,0,0,0,0,0,0,0,0,0,0,0,0,0,0,0,0,0,0,0,0,0,0,0,0,0,0
"WADE-003-023","2022165",0.141,0,0.001,0,0,0,0,0.032,0,0,0,0.367,0,0,0,0,0.383,0,0,0,0,0,0,0,0,0,0,0,0.036,0,0,0,0,0,0,0,0,0,0,0,0,0,0,0,0,0,0,0,0,0,0,0,0,0,0.018,0,0,0,0,0,0,0,0,0,0,0,0,0,0,0,0,0,0,0,0,0,0,0,0,0,0,0,0,0,0,0,0,0,0,0,0,0,0,0,0,0,0,0,0,0,0,0,0,0,0,0,0,0,0,0,0,0.016,0,0,0,0,0,0,0,0,0,0,0,0,0,0,0,0,0,0,0,0,0,0,0,0,0,0,0,0,0,0,0,0,0,0,0,0,0,0,0,0,0,0,0.003,0,0,0,0,0,0,0,0,0.001,0,0,0,0,0,0,0,0,0,0,0,0,0,0,0,0,0,0,0,0,0,0,0,0,0,0,0,0,0,0,0,0,0,0,0,0,0,0,0,0,0,0,0,0,0,0,0,0,0,0,0,0,0,0,0,0,0,0,0,0,0,0,0,0,0,0,0,0,0,0,0,0,0,0,0,0,0,0,0,0,0,0,0,0,0,0,0,0,0,0,0,0,0,0,0,0,0,0,0,0,0,0,0,0,0,0,0,0,0,0,0,0,0,0,0,0,0,0,0,0,0
"WADE-003-001","2023157",0.098,0,0.001,0.043,0,0,0,0.024,0.442,0.003,0.006,0.107,0.034,0,0.237,0,0.001,0,0,0,0,0,0.001,0,0,0,0,0,0,0,0,0,0,0,0,0,0,0,0,0.002,0,0,0,0,0,0,0,0,0,0,0,0,0,0,0,0,0,0,0,0,0,0,0,0,0,0,0,0,0,0,0,0,0,0,0,0,0,0,0,0,0,0,0,0,0,0,0,0,0,0,0,0,0,0,0,0,0,0,0,0,0,0,0,0,0,0,0,0,0,0,0,0,0,0,0,0,0,0,0,0,0,0,0,0,0,0,0,0,0,0,0,0,0,0,0,0,0,0,0,0,0,0,0,0,0,0,0,0,0,0,0,0,0,0,0,0,0,0,0,0,0,0,0,0,0,0,0,0,0,0,0,0,0,0,0,0,0,0,0,0,0,0,0,0,0,0,0,0,0,0,0,0,0,0,0,0,0,0,0,0,0,0,0,0,0,0,0,0,0,0,0,0,0,0,0,0,0,0,0,0,0,0,0,0,0,0,0,0,0,0,0,0,0,0,0,0,0,0,0,0,0,0,0,0,0,0,0,0,0,0,0,0,0,0,0,0,0,0,0,0,0,0,0,0,0,0,0,0,0,0,0,0,0,0,0,0,0,0,0,0,0,0,0,0,0
"WADE-003-003","2023281",0.118,0,0,0.002,0,0,0,0.008,0,0.508,0,0.039,0,0,0.06,0.073,0.009,0,0,0.009,0,0,0,0,0,0,0,0,0.033,0,0,0,0,0,0,0,0,0,0,0,0,0,0,0,0,0,0,0,0,0,0,0,0,0,0.087,0,0,0,0,0,0,0,0,0,0,0,0,0,0,0,0,0,0,0,0,0,0,0,0,0,0.006,0,0,0,0,0,0,0,0,0,0,0,0,0,0,0,0,0,0,0,0,0,0,0,0,0,0,0,0,0,0,0.025,0.023,0,0,0,0,0,0,0,0,0,0,0,0,0,0,0,0,0,0,0,0,0,0,0,0,0,0,0,0,0,0,0,0,0,0,0,0,0,0,0,0,0,0,0,0,0,0,0,0,0,0,0,0,0,0,0,0,0,0,0,0,0,0,0,0,0,0,0,0,0,0,0,0,0,0,0,0,0,0,0,0,0,0,0,0,0,0,0,0,0,0,0,0,0,0,0,0,0,0,0,0,0,0,0,0,0,0,0,0,0,0,0,0,0,0,0,0,0,0,0,0,0,0,0,0,0,0,0,0,0,0,0,0,0,0,0,0,0,0,0,0,0,0,0,0,0,0,0,0,0,0,0,0,0,0,0,0,0,0,0,0,0,0,0,0,0,0,0,0,0,0,0,0
"WADE-003-004","2023295",0.667,0,0,0.006,0,0,0,0.008,0.072,0.107,0,0.026,0.007,0,0.022,0,0.003,0,0,0,0,0,0,0,0,0,0,0,0,0,0,0,0,0,0,0,0,0,0,0,0,0,0,0,0,0,0,0,0,0,0,0,0,0,0,0,0,0,0,0,0,0,0,0,0,0,0,0,0,0,0,0,0,0,0,0,0,0,0,0.001,0.072,0,0,0,0,0,0,0,0,0,0,0,0,0,0,0,0,0,0,0,0,0,0,0.004,0,0,0,0,0,0,0,0,0,0,0,0,0,0,0,0,0,0.002,0,0,0,0,0,0,0,0,0,0,0,0,0,0,0,0,0,0,0,0,0,0,0,0,0,0,0,0,0,0,0,0,0,0,0,0,0,0,0,0,0,0,0,0,0,0,0,0,0,0,0,0,0,0,0,0,0,0,0,0,0,0,0,0,0,0,0,0,0,0,0,0,0,0,0,0,0,0,0,0,0,0.001,0,0,0,0,0,0,0,0,0,0,0,0,0,0,0,0,0.002,0,0,0,0,0,0,0,0,0,0,0,0,0,0,0,0,0,0,0,0,0,0,0,0,0,0.001,0,0,0,0,0,0,0,0,0,0,0,0,0,0,0,0,0,0,0,0,0,0,0,0,0,0,0,0,0,0,0,0,0,0,0,0,0,0
"WADE-003-005","2023296",0.412,0,0.001,0,0,0,0,0.003,0.144,0.1,0,0.061,0.002,0,0.267,0.001,0.004,0,0,0,0,0,0,0,0,0,0,0,0,0,0,0,0,0,0,0,0,0,0,0,0,0,0,0,0,0,0,0,0,0,0,0,0,0,0,0,0,0,0,0,0,0,0,0,0,0,0,0,0,0,0,0,0,0,0,0,0,0,0,0,0.002,0,0,0,0,0,0,0,0,0,0,0,0,0,0,0,0,0,0,0,0,0,0,0,0,0,0,0,0,0,0,0.001,0,0,0,0,0,0,0,0,0,0,0,0,0,0,0,0,0,0,0,0,0,0,0,0,0,0,0,0,0,0,0,0,0,0,0,0,0,0,0,0,0,0,0,0,0,0,0,0,0,0,0,0.001,0,0,0,0,0,0,0,0,0,0,0,0,0,0,0,0,0,0,0.002,0,0,0,0,0,0,0,0,0,0,0,0,0,0,0,0,0,0,0,0,0,0,0,0,0,0,0,0,0,0,0,0,0,0,0,0,0,0,0,0,0,0,0,0,0,0,0,0,0,0,0,0,0,0,0,0,0,0,0,0,0,0,0,0,0,0,0,0,0,0,0,0,0,0,0,0,0,0,0,0,0,0,0,0,0,0,0,0,0,0,0,0,0,0,0,0,0,0,0,0,0,0
"WADE-003-019-2","2021BDL-0708Sa",0.168,0,0,0.018,0,0,0,0.1,0.051,0.019,0,0.008,0.03,0,0.008,0.106,0.02,0,0,0,0.007,0,0,0,0,0,0,0,0.009,0,0,0,0,0,0,0,0.002,0,0.01,0.015,0,0,0,0,0,0,0,0,0,0,0.264,0,0,0,0.003,0,0,0,0,0,0,0,0,0,0,0,0,0,0,0,0.001,0,0,0,0,0,0,0,0,0,0.001,0.022,0,0,0,0,0,0,0,0,0,0,0,0,0,0,0,0.03,0,0,0,0,0,0,0,0,0,0,0,0,0,0,0,0,0,0,0,0,0,0,0,0.107,0,0,0,0,0,0,0,0,0,0,0,0,0,0,0,0,0,0,0,0,0,0,0,0,0,0,0,0,0,0,0,0,0,0,0,0,0,0,0,0,0,0,0,0,0,0,0,0,0,0,0,0,0,0,0,0,0,0,0,0,0,0,0,0,0,0,0,0,0,0,0,0,0,0,0,0,0,0,0,0,0,0,0,0,0,0,0,0,0,0,0,0,0,0,0,0,0,0,0,0,0,0,0,0,0,0,0,0,0,0,0,0,0,0,0,0,0,0,0,0,0,0,0,0,0,0,0,0,0,0,0,0,0,0,0,0,0,0,0,0,0,0,0,0,0,0,0,0,0,0,0,0,0,0,0,0,0,0,0,0,0,0,0
"WADE-003-019","2021BDL-0708Sa",0.279,0,0,0.039,0,0,0,0.047,0.047,0.182,0,0.122,0.008,0,0.028,0.078,0.028,0,0,0,0.005,0,0,0,0,0,0,0,0.005,0,0,0,0,0,0,0,0.002,0,0.002,0.031,0,0,0,0,0,0,0,0,0,0,0.049,0,0,0,0.002,0,0,0,0,0,0,0,0,0,0,0,0,0,0,0,0,0,0,0,0,0,0,0,0,0,0,0.014,0,0,0,0,0,0,0,0,0,0,0,0,0,0,0,0.006,0,0,0,0,0,0.003,0,0,0,0,0,0,0,0.001,0,0,0,0,0,0,0,0,0,0.019,0,0,0,0,0,0,0,0,0,0,0,0,0,0,0,0,0,0,0,0,0,0,0,0,0,0,0,0,0,0,0,0,0,0,0,0,0.002,0,0,0,0,0,0,0,0,0,0,0,0,0,0,0,0,0,0,0,0,0,0,0,0,0,0,0,0,0,0,0,0,0,0,0,0,0,0,0,0,0,0,0,0,0,0,0,0,0,0,0,0,0,0,0,0,0,0,0,0,0,0,0,0,0,0,0,0,0,0,0,0,0,0,0,0,0,0,0,0,0,0,0,0,0,0,0,0,0,0,0,0,0,0,0,0,0,0,0,0,0,0,0,0,0,0,0,0,0,0,0,0,0,0,0,0,0,0,0,0,0,0,0,0,0,0
"WADE-003-020-2","2021BDL-0723A",0,0,0,0,0,0,0,0.001,0,0.001,0.752,0,0.199,0,0,0,0,0,0,0,0,0,0.008,0,0,0,0,0,0,0,0,0,0,0,0,0,0.019,0,0,0,0,0,0,0,0,0,0,0.002,0,0,0.014,0,0.004,0,0,0,0,0,0,0,0,0,0,0,0,0,0,0,0,0,0,0,0,0,0,0,0,0,0,0,0,0,0,0,0,0,0,0,0,0,0,0,0,0,0,0,0,0,0,0,0,0,0,0,0,0,0,0,0,0,0,0,0,0,0,0,0,0,0,0,0,0,0,0,0,0,0,0,0,0,0,0,0,0,0,0,0,0,0,0,0,0,0,0,0,0,0,0,0,0,0,0,0,0,0,0,0,0,0,0,0,0,0,0,0,0,0,0,0,0,0,0,0,0,0,0,0,0,0,0,0,0,0,0,0,0,0,0,0,0,0,0,0,0,0,0,0,0,0,0,0,0,0,0,0,0,0,0,0,0,0,0,0,0,0,0,0,0,0,0,0,0,0,0,0,0,0,0,0,0,0,0,0,0,0,0,0,0,0,0,0,0,0,0,0,0,0,0,0,0,0,0,0,0,0,0,0,0,0,0,0,0,0,0,0,0,0,0,0,0,0,0,0,0,0,0,0,0,0,0,0,0,0,0,0
"WADE-003-020","2021BDL-0723A",0,0,0,0,0,0,0,0.001,0.001,0,0.771,0,0.2,0,0,0.001,0,0,0,0,0,0,0.001,0,0,0,0,0,0,0,0,0,0,0,0,0,0.008,0,0,0,0,0,0,0,0,0,0,0.001,0,0,0.011,0,0.004,0,0,0,0,0,0,0,0,0,0,0,0,0,0,0,0,0,0,0,0,0,0,0,0,0,0,0,0,0,0,0,0,0,0,0,0,0,0,0,0,0,0,0,0,0,0,0,0,0,0,0,0,0,0,0,0,0,0,0,0,0,0,0,0,0,0,0,0,0,0,0,0,0,0,0,0,0,0,0,0,0,0,0,0,0,0,0,0,0,0,0,0,0,0,0,0,0,0,0,0,0,0,0,0,0,0,0,0,0,0,0,0,0,0,0,0,0,0,0,0,0,0,0,0,0,0,0,0,0,0,0,0,0,0,0,0,0,0,0,0,0,0,0,0,0,0,0,0,0,0,0,0,0,0,0,0,0,0,0,0,0,0,0,0,0,0,0,0,0,0,0,0,0,0,0,0,0,0,0,0,0,0,0,0,0,0,0,0,0,0,0,0,0,0,0,0,0,0,0,0,0,0,0,0,0,0,0,0,0,0,0,0,0,0,0,0,0,0,0,0,0,0,0,0,0,0,0,0,0,0,0,0
"WADE-003-024","2022Beluga-0713-SD",0,0.007,0.004,0.001,0,0,0,0.023,0,0,0.123,0,0.828,0,0,0.006,0,0,0,0,0,0,0,0,0,0,0,0,0,0,0,0,0,0,0,0,0,0,0.008,0,0,0,0,0,0,0,0,0,0,0,0,0,0,0,0,0,0,0,0,0,0,0,0,0,0,0,0,0,0,0,0,0,0,0,0,0,0,0,0,0,0,0,0,0,0,0,0,0,0,0,0,0,0,0,0,0,0,0,0,0,0,0,0,0,0,0,0,0,0,0,0,0,0,0,0,0,0,0,0,0,0,0,0,0,0,0,0,0,0,0,0,0,0,0,0,0,0,0,0,0,0,0,0,0,0,0,0,0,0,0,0,0,0,0,0,0,0,0,0,0,0,0,0,0,0,0,0,0,0,0,0,0,0,0,0,0,0,0,0,0,0,0,0,0,0,0,0,0,0,0,0,0,0,0,0,0,0,0,0,0,0,0,0,0,0,0,0,0,0,0,0,0,0,0,0,0,0,0,0,0,0,0,0,0,0,0,0,0,0,0,0,0,0,0,0,0,0,0,0,0,0,0,0,0,0,0,0,0,0,0,0,0,0,0,0,0,0,0,0,0,0,0,0,0,0,0,0,0,0,0,0,0,0,0,0,0,0,0,0,0,0,0,0,0,0
"WADE-003-025","DL17HB001",0.323,0.02,0.371,0.005,0,0,0,0.022,0.009,0.026,0,0.009,0.038,0,0.109,0.019,0.007,0,0,0,0,0,0.006,0,0,0,0,0,0,0,0,0,0,0,0,0,0,0,0,0.001,0,0,0,0,0,0,0,0.005,0,0,0.002,0,0,0,0,0,0,0,0,0,0,0,0,0,0,0,0,0,0,0,0,0,0,0,0,0,0,0,0,0,0,0,0,0,0,0,0,0,0,0,0,0,0,0,0,0,0.013,0,0,0,0,0,0,0,0,0,0,0,0,0,0,0,0,0,0,0,0,0,0,0,0,0,0,0,0,0,0,0,0,0,0,0,0,0,0,0,0,0,0,0,0,0,0,0,0,0,0,0,0,0,0,0,0,0,0,0.013,0,0,0,0.001,0,0,0,0,0,0,0,0,0,0,0,0,0,0,0,0,0,0,0,0,0,0,0,0,0,0,0,0,0,0,0,0,0,0,0,0,0,0,0,0,0,0,0,0,0,0,0,0,0,0,0,0,0,0,0,0,0,0,0,0,0,0,0,0,0,0,0,0,0,0,0,0,0,0,0,0,0,0,0,0,0,0,0,0,0,0,0,0,0,0,0,0,0,0,0,0,0,0,0,0,0,0,0,0,0,0,0,0,0,0,0,0,0,0,0,0,0,0,0,0,0,0,0,0,0
"WADE-003-026","DL17OME001",0.2,0.025,0.443,0.001,0,0,0,0.036,0.013,0.006,0.005,0.002,0.038,0,0.206,0.005,0,0,0,0.001,0,0,0.007,0,0,0,0,0.001,0,0,0,0,0,0,0,0,0,0,0,0,0,0.007,0,0,0,0,0,0.001,0,0,0,0,0,0,0,0,0,0,0,0,0,0,0,0,0,0,0,0,0,0,0,0,0,0,0,0,0.001,0,0,0,0,0,0,0,0,0,0,0,0,0,0,0,0,0,0,0,0,0,0,0,0,0,0,0,0,0,0,0,0,0,0,0,0,0.001,0,0,0,0,0,0,0,0,0,0,0,0,0,0,0,0,0,0,0,0,0,0,0,0,0,0,0,0,0,0,0,0,0,0,0,0,0,0,0,0,0,0,0,0,0,0,0,0,0,0,0,0,0,0,0,0,0,0,0,0,0,0,0,0,0,0,0,0,0,0,0,0,0,0,0,0,0,0,0,0,0,0,0,0,0,0,0,0,0,0,0,0,0,0,0,0,0,0,0,0,0,0,0,0,0,0,0,0,0,0,0,0,0,0,0,0,0,0,0,0,0,0,0,0,0,0,0,0,0,0,0,0,0,0,0,0,0,0,0,0,0,0,0,0,0,0,0,0,0,0,0,0,0,0,0,0,0,0,0,0,0,0,0,0,0,0,0,0,0,0,0
"WADE-003-027","DL18OME001",0.255,0.037,0.386,0,0,0,0,0.105,0,0,0.014,0,0,0,0.016,0.002,0,0,0,0,0,0,0.001,0,0,0,0,0,0,0,0,0,0,0,0,0,0,0,0,0,0,0.179,0,0,0,0,0,0.003,0,0,0,0,0,0,0,0,0,0,0,0,0,0,0,0,0,0,0,0,0,0,0,0,0,0,0,0,0,0,0,0,0,0,0,0,0,0,0,0,0,0,0,0,0,0,0,0,0,0,0,0,0,0,0,0,0,0,0,0,0.003,0,0,0,0,0,0,0,0,0,0,0,0,0,0,0,0,0,0,0,0,0,0,0,0,0,0,0,0,0,0,0,0,0,0,0,0,0,0,0,0,0,0,0,0,0,0,0,0,0,0,0,0,0,0,0,0,0,0,0,0,0,0,0,0,0,0,0,0,0,0,0,0,0,0,0,0,0,0,0,0,0,0,0,0,0,0,0,0,0,0,0,0,0,0,0,0,0,0,0,0,0,0,0,0,0,0,0,0,0,0,0,0,0,0,0,0,0,0,0,0,0,0,0,0,0,0,0,0,0,0,0,0,0,0,0,0,0,0,0,0,0,0,0,0,0,0,0,0,0,0,0,0,0,0,0,0,0,0,0,0,0,0,0,0,0,0,0,0,0,0,0,0,0,0,0,0
"WADE-003-028","DL18OME002",0.23,0.355,0.295,0,0,0,0,0.003,0,0,0.003,0,0,0,0.014,0.044,0,0,0,0,0,0,0.002,0,0,0,0,0.006,0,0,0,0,0,0,0,0,0,0,0,0,0,0.047,0,0,0,0,0,0.001,0,0,0,0,0,0,0,0,0,0,0,0,0,0,0,0,0,0,0,0,0,0,0,0,0,0,0,0,0,0,0,0,0,0,0,0,0,0,0,0,0,0,0,0,0,0,0,0,0,0,0,0,0,0,0,0,0,0,0,0,0.001,0,0,0,0,0,0,0,0,0,0,0,0,0,0,0,0,0,0,0,0,0,0,0,0,0,0,0,0,0,0,0,0,0,0,0,0,0,0,0,0,0,0,0,0,0,0,0,0,0,0,0,0,0,0,0,0,0,0,0,0,0,0,0,0,0,0,0,0,0,0,0,0,0,0,0,0,0,0,0,0,0,0,0,0,0,0,0,0,0,0,0,0,0,0,0,0,0,0,0,0,0,0,0,0,0,0,0,0,0,0,0,0,0,0,0,0,0,0,0,0,0,0,0,0,0,0,0,0,0,0,0,0,0,0,0,0,0,0,0,0,0,0,0,0,0,0,0,0,0,0,0,0,0,0,0,0,0,0,0,0,0,0,0,0,0,0,0,0,0,0,0,0,0,0,0,0
"WADE-003-029","DL18OME003",0.403,0,0.083,0,0,0,0,0.004,0,0,0.065,0,0.202,0,0.24,0,0,0,0,0,0,0,0.001,0,0,0,0,0,0,0,0,0,0,0,0,0,0,0,0,0,0,0,0,0,0,0,0,0.001,0,0,0,0,0,0,0,0,0,0,0,0,0,0,0,0,0,0,0,0,0,0,0,0,0,0,0,0,0,0,0,0,0,0,0,0,0,0,0,0,0,0,0,0,0,0,0,0,0,0,0,0,0,0,0,0,0,0,0,0,0,0,0,0,0,0.001,0,0,0,0,0,0,0,0,0,0,0,0,0,0,0,0,0,0,0,0,0,0,0,0,0,0,0,0,0,0,0,0,0,0,0,0,0,0,0,0,0,0,0,0,0,0,0,0,0,0,0,0,0,0,0,0,0,0,0,0,0,0,0,0,0,0,0,0,0,0,0,0,0,0,0,0,0,0,0,0,0,0,0,0,0,0,0,0,0,0,0,0,0,0,0,0,0,0,0,0,0,0,0,0,0,0,0,0,0,0,0,0,0,0,0,0,0,0,0,0,0,0,0,0,0,0,0,0,0,0,0,0,0,0,0,0,0,0,0,0,0,0,0,0,0,0,0,0,0,0,0,0,0,0,0,0,0,0,0,0,0,0,0,0,0,0,0,0,0,0,0
"WADE-003-030","DL18OME004",0.187,0.019,0.401,0,0,0,0,0.095,0,0,0.033,0,0.013,0,0.239,0,0,0,0,0,0,0,0.006,0,0,0,0,0,0,0,0,0,0,0,0,0,0,0,0,0,0,0,0,0,0,0,0,0.003,0,0,0,0,0,0,0,0,0,0,0,0,0,0,0,0,0,0,0,0,0,0,0,0,0,0,0,0,0,0,0,0,0,0,0,0,0,0,0,0,0,0,0,0,0,0,0,0,0,0,0,0,0,0,0,0,0,0,0,0,0,0,0,0,0,0,0,0,0,0,0,0,0,0,0,0,0,0,0,0,0,0,0,0,0,0,0,0,0,0,0,0,0,0,0,0,0,0,0,0,0,0,0,0,0,0,0,0,0,0,0,0,0,0,0,0.003,0,0,0,0,0,0,0,0,0,0,0,0,0,0,0,0,0,0,0,0,0,0,0,0,0,0,0,0,0,0,0,0,0,0,0,0,0,0,0,0,0,0,0,0,0,0,0,0,0,0,0,0,0,0,0,0,0,0,0,0,0,0,0,0,0,0,0,0,0,0,0,0,0,0,0,0,0,0,0,0,0,0,0,0,0,0,0,0,0,0,0,0,0,0,0,0,0,0,0,0,0,0,0,0,0,0,0,0,0,0,0,0,0,0,0,0,0,0,0,0,0
"WADE-003-031","DL20OME001",0.094,0.011,0.402,0,0,0,0,0.284,0.006,0,0,0,0.027,0,0.124,0.009,0,0,0,0,0,0,0.003,0,0,0,0,0,0,0,0,0,0,0,0,0,0,0,0,0,0,0,0,0,0,0,0,0.002,0,0,0,0,0,0,0,0,0,0,0,0,0,0,0,0,0,0,0,0,0,0,0,0,0,0,0,0,0,0,0,0,0,0,0,0,0,0,0,0,0,0,0,0,0,0,0,0,0,0,0,0,0,0,0,0,0,0,0,0,0.036,0,0,0,0,0.001,0,0,0,0,0,0,0,0,0,0,0,0,0,0,0,0,0,0,0,0,0,0,0,0,0,0,0,0,0,0,0,0,0,0,0,0,0,0,0,0,0,0,0,0,0,0,0,0,0,0,0,0,0,0,0,0,0,0,0,0,0,0,0,0,0,0,0,0,0,0,0,0,0,0,0,0,0,0,0,0,0,0,0,0,0,0,0,0,0,0,0,0,0,0,0,0,0,0,0,0,0,0,0,0,0,0,0,0,0,0,0,0,0,0,0,0,0,0,0,0,0,0,0,0,0,0,0,0,0,0,0,0,0,0,0,0,0,0,0,0,0,0,0,0,0,0,0,0,0,0,0,0,0,0,0,0,0,0,0,0,0,0,0,0,0,0,0,0,0,0,0
"WADE-003-032","DL20OME002",0.143,0,0.11,0.012,0,0,0,0.385,0.037,0,0,0,0.001,0,0.093,0.215,0,0,0,0,0,0,0,0,0,0,0,0,0,0,0,0,0,0,0,0,0,0,0,0,0,0,0,0,0,0,0,0,0,0,0,0,0,0,0,0,0,0.002,0,0.001,0,0,0,0,0,0,0,0,0,0,0,0,0,0,0,0,0,0,0,0,0,0,0,0,0,0,0,0,0,0,0,0,0,0,0,0,0,0,0,0,0,0,0,0,0,0,0,0,0,0,0,0,0,0,0,0,0,0,0,0,0,0,0,0,0,0,0,0,0,0,0,0,0,0,0,0,0,0,0,0,0,0,0,0,0,0,0,0,0,0,0,0,0,0,0,0,0,0,0,0,0,0,0,0,0,0,0,0,0,0,0,0,0,0,0,0,0,0,0,0,0,0,0,0,0,0,0,0,0,0,0,0,0,0,0,0,0,0,0,0,0,0,0,0,0,0,0,0,0,0,0,0,0,0,0,0,0,0,0,0,0,0,0,0,0,0,0,0,0,0,0,0,0,0,0,0,0,0,0,0,0,0,0,0,0,0,0,0,0,0,0,0,0,0,0,0,0,0,0,0,0,0,0,0,0,0,0,0,0,0,0,0,0,0,0,0,0,0,0,0,0,0,0,0,0
"WADE-003-033","DL20OME003",0.289,0.103,0.149,0.001,0,0,0,0.007,0,0,0,0.001,0.115,0,0.327,0.001,0,0,0,0,0,0,0,0,0,0,0,0,0,0,0,0,0,0,0,0,0,0,0,0,0,0,0,0,0,0,0,0.004,0,0,0,0,0,0,0,0,0,0,0,0,0,0,0,0,0,0,0,0,0,0,0,0,0,0,0,0,0,0,0,0,0,0,0,0,0,0,0,0,0,0,0,0,0,0,0,0,0,0,0,0,0,0,0,0,0,0,0,0,0.002,0,0,0,0,0,0,0,0,0,0,0,0,0,0,0,0,0,0,0,0,0,0,0,0,0,0,0,0,0,0,0,0,0,0,0,0,0,0,0,0,0,0,0,0,0,0,0,0,0,0,0,0,0,0,0,0,0,0,0,0,0,0,0,0,0,0,0,0,0,0,0,0,0,0,0,0,0,0,0,0,0,0,0,0,0,0,0,0,0,0,0,0,0,0,0,0,0,0,0,0,0,0,0,0,0,0,0,0,0,0,0,0,0,0,0,0,0,0,0,0,0,0,0,0,0.002,0,0,0,0,0,0,0,0,0,0,0,0,0,0,0,0,0,0,0,0,0,0,0,0,0,0,0,0,0,0,0,0,0,0,0,0,0,0,0,0,0,0,0,0,0,0,0,0,0,0,0
"WADE-003-034","DL21OTZ007",0.006,0.02,0.1,0,0,0,0,0,0,0,0.37,0,0.249,0,0.012,0.001,0,0,0,0,0,0,0.142,0,0,0,0,0,0,0,0,0,0,0,0.003,0,0,0,0,0,0,0,0,0,0,0,0,0.09,0,0,0,0,0,0,0,0,0,0,0,0,0,0,0,0,0,0,0,0,0,0,0,0,0,0,0,0,0,0,0,0,0,0,0,0,0,0,0,0,0,0,0,0,0,0,0,0,0,0,0,0,0,0,0,0,0,0,0,0,0.001,0,0,0,0,0,0,0,0,0,0,0,0,0,0,0,0,0,0,0,0,0,0,0,0,0,0,0,0,0,0,0,0,0,0,0,0,0,0,0,0,0,0.004,0,0,0,0,0,0,0,0,0,0,0,0,0,0,0,0,0,0,0,0,0,0,0,0,0,0,0,0,0,0,0,0,0,0,0,0,0,0,0,0,0,0,0,0,0,0,0,0,0,0,0,0,0,0,0,0,0,0,0,0,0,0,0,0,0,0,0,0,0,0,0,0,0,0,0,0,0,0,0,0,0,0,0,0,0,0,0,0,0,0,0,0,0,0.001,0,0,0,0,0,0,0,0,0,0.001,0,0,0,0,0,0,0,0,0,0,0,0,0,0,0,0,0,0,0,0,0,0,0,0,0,0,0,0,0,0
"WADE-003-035","DL22OME001",0.255,0,0.061,0.001,0,0,0,0.072,0,0,0.01,0,0.001,0,0.318,0.123,0,0,0,0,0,0,0,0,0,0,0,0,0,0,0,0,0,0,0,0,0,0,0,0,0,0.028,0,0,0,0,0,0,0,0,0,0,0,0,0,0,0,0.073,0,0.057,0,0,0,0,0,0,0,0,0,0,0.001,0,0,0,0,0,0,0,0,0,0,0,0,0,0,0,0,0,0,0,0,0,0,0,0,0,0,0,0,0,0,0,0,0,0,0,0,0,0,0,0,0,0,0,0,0,0,0,0,0,0,0,0,0,0,0,0,0,0,0,0,0,0,0,0,0,0,0,0,0,0,0,0,0,0,0,0,0,0,0,0,0,0,0,0,0,0,0,0,0,0,0,0,0,0,0,0,0,0,0,0,0,0,0,0,0,0,0,0,0,0,0,0,0,0,0,0,0,0,0,0,0,0,0,0,0,0,0,0,0,0,0,0,0,0,0,0,0,0,0,0,0,0,0,0,0,0,0,0,0,0,0,0,0,0,0,0,0,0,0,0,0,0,0,0,0,0,0,0,0,0,0,0,0,0,0,0,0,0,0,0,0,0,0,0,0,0,0,0,0,0,0,0,0,0,0,0,0,0,0,0,0,0,0,0,0,0,0,0,0,0,0,0,0,0
"WADE-003-036","DL22OME002",0.063,0.329,0.112,0,0,0,0,0.09,0,0,0.006,0,0.003,0,0.214,0,0,0,0,0,0,0,0.001,0,0,0,0,0.002,0,0,0,0,0,0,0,0,0,0,0,0,0,0.018,0,0,0,0,0,0.001,0,0,0,0,0,0,0,0,0,0.096,0,0.065,0,0,0,0,0,0,0,0,0,0,0,0,0,0,0,0,0,0,0,0,0,0,0,0,0,0,0,0,0,0,0,0,0,0,0,0,0,0,0,0,0,0,0,0,0,0,0,0,0,0,0,0,0,0,0,0,0,0,0,0,0,0,0,0,0,0,0,0,0,0,0,0,0,0,0,0,0,0,0,0,0,0,0,0,0,0,0,0,0,0,0,0,0,0,0,0,0,0,0,0,0,0,0,0,0,0,0,0,0,0,0,0,0,0,0,0,0,0,0,0,0,0,0,0,0,0,0,0,0,0,0,0,0,0,0,0,0,0,0,0,0,0,0,0,0,0,0,0,0,0,0,0,0,0,0,0,0,0,0,0,0,0,0,0,0,0,0,0,0,0,0,0,0,0,0,0,0,0,0,0,0,0,0,0,0,0,0,0,0,0,0,0,0,0,0,0,0,0,0,0,0,0,0,0,0,0,0,0,0,0,0,0,0,0,0,0,0,0,0,0,0,0,0,0,0
"WADE-003-037","DL22OME003",0.111,0.057,0.05,0.018,0,0,0.049,0.023,0.034,0.005,0.03,0,0,0,0.073,0,0.002,0.014,0,0,0,0,0.02,0,0.008,0,0,0,0,0,0,0,0,0,0.002,0,0.002,0.002,0.254,0,0.003,0,0,0,0.005,0,0,0,0,0,0.012,0,0,0,0.005,0,0,0.005,0,0,0,0,0,0,0,0,0,0,0,0.002,0,0,0,0,0,0,0,0,0,0,0,0,0,0,0,0,0.007,0,0,0,0,0,0,0,0,0,0.005,0.005,0,0,0,0,0,0.002,0,0,0,0.003,0,0,0,0,0,0,0,0,0,0,0,0,0,0,0,0,0.033,0,0,0,0,0,0.002,0,0,0,0,0,0.03,0,0,0,0,0,0,0,0,0,0.009,0,0,0,0,0,0,0,0.01,0.006,0.019,0,0,0,0,0,0.003,0,0,0,0,0.001,0,0,0,0,0.019,0.01,0,0.01,0,0.001,0,0,0,0,0,0,0,0,0.015,0,0,0,0,0,0,0,0,0,0,0,0,0,0,0,0,0,0.003,0.003,0.003,0,0,0,0,0,0,0,0.001,0,0,0,0,0,0,0,0,0,0,0,0,0,0,0.001,0,0.005,0,0,0,0,0.002,0.001,0,0,0.002,0,0,0,0,0,0,0,0,0,0,0,0,0,0,0,0,0,0,0,0,0,0,0,0,0,0,0,0,0,0,0.001,0,0,0,0,0,0,0,0,0,0,0,0,0
"WADE-003-038","DL22OME004",0.199,0.161,0,0.251,0,0,0,0,0.228,0,0.001,0,0,0,0,0,0,0.092,0,0,0,0,0.048,0,0,0,0,0.001,0,0,0,0,0,0,0,0,0,0,0,0,0,0,0,0,0,0,0,0.002,0,0,0,0,0,0,0.017,0,0,0,0,0,0,0,0,0,0,0,0,0,0,0,0,0,0,0,0,0,0,0,0,0,0,0,0,0,0,0,0,0,0,0,0,0,0,0,0,0,0,0,0,0,0,0,0,0,0,0,0,0,0,0,0,0,0,0,0,0,0,0,0,0,0,0,0,0,0,0,0,0,0,0,0,0,0,0,0,0,0,0,0,0,0,0,0,0,0,0,0,0,0,0,0,0,0,0,0,0,0,0,0,0,0,0,0,0,0,0,0,0,0,0,0,0,0,0,0,0,0,0,0,0,0,0,0,0,0,0,0,0,0,0,0,0,0,0,0,0,0,0,0,0,0,0,0,0,0,0,0,0,0,0,0,0,0,0,0,0,0,0,0,0,0,0,0,0,0,0,0,0,0,0,0,0,0,0,0,0,0,0,0,0,0,0,0,0,0,0,0,0,0,0,0,0,0,0,0,0,0,0,0,0,0,0,0,0,0,0,0,0,0,0,0,0,0,0,0,0,0,0,0,0,0,0,0,0,0
"WADE-003-039","DL22OME005",0.138,0.002,0.449,0,0,0,0,0.265,0,0,0.004,0,0.001,0,0.114,0,0,0,0,0,0,0,0.007,0,0,0,0,0,0,0,0,0,0,0,0,0,0,0,0,0,0,0.011,0,0,0,0,0,0.006,0,0,0,0,0,0,0,0,0,0,0,0,0,0,0,0,0,0,0,0,0,0,0,0,0,0,0,0,0,0,0,0,0,0,0,0,0,0,0,0,0,0,0,0,0,0,0,0,0,0,0,0,0,0,0,0,0,0,0,0,0.002,0,0,0,0,0.001,0,0,0,0,0,0,0,0,0,0,0,0,0,0,0,0,0,0,0,0,0,0,0,0,0,0,0,0,0,0,0,0,0,0,0,0,0,0,0,0,0,0,0,0,0,0,0,0,0,0,0,0,0,0,0,0,0,0,0,0,0,0,0,0,0,0,0,0,0,0,0,0,0,0,0,0,0,0,0,0,0,0,0,0,0,0,0,0,0,0,0,0,0,0,0,0,0,0,0,0,0,0,0,0,0,0,0,0,0,0,0,0,0,0,0,0,0,0,0,0,0,0,0,0,0,0,0,0,0,0,0,0,0,0,0,0,0,0,0,0,0,0,0,0,0,0,0,0,0,0,0,0,0,0,0,0,0,0,0,0,0,0,0,0,0,0,0,0,0,0,0
"WADE-003-040","DL22OTZ004",0.338,0,0.109,0,0,0,0,0.425,0,0,0.008,0,0.001,0,0.081,0.015,0,0,0,0,0,0,0.001,0,0,0,0,0.002,0,0,0,0,0,0,0,0,0,0,0,0,0,0,0,0,0,0,0,0.019,0,0,0,0,0,0,0,0,0,0,0,0,0,0,0,0,0,0,0,0,0,0,0,0,0,0,0,0,0,0,0,0,0,0,0,0,0,0,0,0,0,0,0,0,0,0,0,0,0,0,0,0,0,0,0,0,0,0,0,0,0,0,0,0,0,0,0,0,0,0,0,0,0,0,0,0,0,0,0,0,0,0,0,0,0,0,0,0,0,0,0,0,0,0,0,0,0,0,0,0,0,0,0,0,0,0,0,0,0,0,0,0,0,0,0,0,0,0,0,0,0,0,0,0,0,0,0,0,0,0,0,0,0,0,0,0,0,0,0,0,0,0,0,0,0,0,0,0,0,0,0,0,0,0,0,0,0,0,0,0,0,0,0,0,0,0,0,0,0,0,0,0,0,0,0,0,0,0,0,0,0,0,0,0,0,0,0,0,0,0,0,0,0,0,0,0,0,0,0,0,0,0,0,0,0,0,0,0,0,0,0,0,0,0,0,0,0,0,0,0,0,0,0,0,0,0,0,0,0,0,0,0,0,0,0,0,0
"WADE-003-041","DL22SCM001",0.417,0.003,0,0,0,0,0,0,0.172,0,0.105,0,0.001,0,0,0,0.001,0,0,0,0,0,0.087,0,0,0,0,0,0,0,0,0,0,0,0.002,0,0,0,0.021,0,0,0,0,0,0,0.001,0,0.076,0,0,0.001,0,0,0,0.047,0,0,0,0,0,0,0,0,0,0,0,0,0,0,0,0,0,0,0,0,0,0.001,0,0,0,0,0,0,0,0,0,0.001,0,0,0,0,0.001,0,0,0,0,0,0,0,0,0,0,0,0,0,0,0,0.001,0.004,0,0,0,0,0,0,0,0,0,0,0,0,0,0,0,0.004,0,0,0,0,0,0.001,0.001,0.001,0,0,0,0,0,0,0,0,0,0.002,0,0,0.02,0.001,0,0,0,0,0,0,0,0,0,0,0,0,0,0,0,0,0.001,0,0.001,0,0,0,0,0,0,0,0,0,0,0,0.009,0,0.007,0,0,0,0,0,0,0,0,0,0.001,0,0,0,0,0,0,0,0,0,0,0,0,0,0,0,0,0,0,0.002,0,0,0,0,0,0,0,0,0,0,0,0,0,0,0,0,0,0,0,0,0.001,0,0,0,0,0,0,0,0,0,0,0,0.001,0,0.001,0,0,0,0,0,0.001,0,0,0,0,0,0,0,0,0,0,0,0,0,0,0,0,0,0,0,0,0,0,0,0,0,0,0,0,0,0,0,0,0,0,0
"WADE-003-042","DL23OME001",0.193,0.07,0.276,0,0,0,0,0.015,0,0,0.002,0,0.006,0,0.356,0,0,0,0,0,0,0,0.046,0,0,0,0,0,0,0,0,0,0,0,0,0,0,0,0,0,0,0,0,0,0,0,0,0.005,0,0,0,0,0,0,0,0,0,0.009,0,0.001,0,0,0,0,0,0,0,0,0,0,0,0,0,0,0,0,0.001,0,0,0,0,0,0,0,0,0,0,0,0,0,0,0,0,0,0,0,0,0,0,0,0,0,0,0,0,0,0,0,0,0,0,0,0.02,0,0,0,0,0,0,0,0,0,0,0,0,0,0,0,0,0,0,0,0,0,0,0,0,0,0,0,0,0,0,0,0,0,0,0,0,0,0,0,0,0,0,0,0,0,0,0,0,0,0,0,0,0,0,0,0,0,0,0,0,0,0,0,0,0,0,0,0,0,0,0,0,0,0,0,0,0,0,0,0,0,0,0,0,0,0,0,0,0,0,0,0,0,0,0,0,0,0,0,0,0,0,0,0,0,0,0,0,0,0,0,0,0,0,0,0,0,0,0,0,0,0,0,0,0,0,0,0,0,0,0,0,0,0,0,0,0,0,0,0,0,0,0,0,0,0,0,0,0,0,0,0,0,0,0,0,0,0,0,0,0,0,0,0,0,0,0,0,0,0,0,0
"WADE-003-043","DL23OME002",0.207,0.208,0.303,0.001,0,0,0,0,0.015,0,0.001,0,0.002,0,0.2,0.007,0,0,0,0,0,0,0.005,0,0,0,0,0.002,0,0,0,0,0,0,0.001,0,0,0,0,0,0,0,0,0,0,0,0,0.016,0,0,0,0,0,0,0,0,0,0.026,0,0.006,0,0,0,0,0,0,0,0,0,0,0,0,0,0,0,0,0.001,0,0,0,0,0,0,0,0,0,0,0,0,0,0,0,0,0,0,0,0,0,0,0,0,0,0,0,0,0,0,0,0,0,0,0,0,0,0,0,0,0,0,0,0,0,0,0,0,0,0,0,0,0,0,0,0,0,0,0,0,0,0,0,0,0,0,0,0,0,0,0,0,0,0,0,0,0,0,0,0,0,0,0,0,0,0,0,0,0,0,0,0,0,0,0,0,0,0,0,0,0,0,0,0,0,0,0,0,0,0,0,0,0,0,0,0,0,0,0,0,0,0,0,0,0,0,0,0,0,0,0,0,0,0,0,0,0,0,0,0,0,0,0,0,0,0,0,0,0,0,0,0,0,0,0,0,0,0,0,0,0,0,0,0,0,0,0,0,0,0,0,0,0,0,0,0,0,0,0,0,0,0,0,0,0,0,0,0,0,0,0,0,0,0,0,0,0,0,0,0,0,0,0,0,0,0,0,0
"WADE-003-044","DL23OME003",0.281,0.309,0.248,0,0,0,0,0,0,0,0.017,0,0.038,0,0.06,0,0,0,0,0,0,0,0.017,0,0,0,0,0,0,0,0,0,0,0,0,0,0.001,0,0,0,0,0,0,0,0,0,0,0.008,0,0,0.002,0,0,0,0,0,0,0,0,0.013,0,0,0,0,0,0,0,0,0,0,0,0,0,0,0,0,0,0,0,0,0,0,0,0,0,0,0,0,0,0,0,0,0,0,0,0,0,0,0,0,0,0,0,0,0,0,0,0,0,0,0,0,0,0,0,0,0,0,0,0,0,0,0,0,0,0,0,0,0,0,0,0,0,0,0,0,0,0,0,0,0,0,0,0,0,0,0,0,0,0,0,0,0,0,0,0,0,0,0,0,0,0,0,0,0,0,0,0,0,0,0,0,0,0,0,0,0.005,0,0,0,0,0,0,0,0,0,0,0,0,0,0,0,0,0,0,0,0,0,0,0,0,0,0,0,0,0,0,0,0,0,0,0,0,0,0,0,0,0,0,0,0,0,0,0,0,0,0,0,0,0,0,0,0,0,0,0,0,0,0,0,0,0,0,0,0,0,0,0,0,0,0,0,0,0,0,0,0,0,0,0,0,0,0,0,0,0,0,0,0,0,0,0,0,0,0,0,0,0,0,0,0,0,0,0,0
"WADE-003-045","DL23SCM001",0,0,0.001,0,0,0,0,0,0,0,0.628,0,0.086,0,0.003,0,0,0,0,0,0,0,0.148,0,0,0,0,0,0,0,0,0,0,0,0,0,0.002,0,0,0,0,0,0,0,0,0,0,0.117,0,0,0.004,0,0.002,0,0,0,0,0,0,0,0,0,0,0,0,0,0,0,0,0,0,0,0,0,0,0,0,0,0,0,0,0,0,0,0,0,0,0,0,0,0,0,0,0,0,0,0.003,0.002,0,0,0,0,0,0,0,0,0,0,0,0,0,0,0,0.001,0,0,0,0,0,0,0,0,0,0,0,0,0,0,0,0,0,0,0,0,0,0,0,0,0,0,0,0,0,0,0,0,0,0,0,0,0,0,0,0,0,0,0,0,0,0,0,0,0,0,0,0,0,0,0,0,0,0,0,0,0,0,0,0,0,0,0,0,0,0,0,0,0,0,0,0,0,0,0,0,0,0,0,0,0,0,0,0,0,0,0,0,0,0,0,0,0,0,0,0,0,0,0,0,0,0,0,0,0,0,0,0,0,0,0,0,0,0,0,0,0,0,0,0,0,0,0,0,0,0,0,0,0,0,0,0,0,0,0,0,0,0,0,0.001,0,0,0,0,0,0,0,0,0,0,0,0,0,0,0,0,0,0,0,0,0,0,0,0,0,0,0
"WADE-003-122","EB23PH005-S",0,0,0,0,0,0,0.993,0,0,0,0,0,0,0,0,0,0,0,0,0,0,0,0,0,0,0,0,0,0,0,0,0,0,0,0,0,0,0,0,0,0,0,0,0,0,0.003,0,0.002,0,0,0,0,0,0,0,0,0,0,0,0,0,0,0,0,0,0,0,0,0,0,0,0,0,0,0,0,0,0,0,0,0,0,0,0,0,0,0,0,0,0,0,0,0,0,0,0,0,0,0,0,0,0,0,0,0,0,0,0,0,0,0,0,0,0,0,0,0,0,0,0,0,0,0,0,0,0,0,0,0,0,0,0,0,0,0,0,0,0,0,0,0,0,0,0,0,0,0,0,0,0,0,0,0,0,0,0,0,0,0,0,0,0,0,0,0,0,0,0,0,0,0,0,0,0,0,0,0,0,0,0,0,0,0,0,0,0,0,0,0,0,0,0,0,0,0.002,0,0,0,0,0,0,0,0,0,0,0,0,0,0,0,0,0,0,0,0,0,0,0,0,0,0,0,0,0,0,0,0,0,0,0,0,0,0,0,0,0,0,0,0,0,0,0,0,0,0,0,0,0,0,0,0,0,0,0,0,0,0,0,0,0,0,0,0,0,0,0,0,0,0,0,0,0,0,0,0,0,0,0,0,0,0,0,0,0,0
"WADE-003-108","EB24GAM020-S",0.001,0,0,0,0,0,0.005,0,0,0,0.667,0,0,0,0,0,0,0.004,0,0,0,0,0.002,0,0.302,0,0,0,0,0,0,0,0,0,0,0,0,0,0,0,0,0,0,0,0,0,0,0,0,0,0,0,0,0,0.001,0,0,0,0,0,0,0,0,0,0,0,0,0,0,0,0,0,0,0,0,0,0,0,0,0,0,0,0,0,0,0,0,0,0,0,0,0,0.001,0,0,0,0,0,0,0,0,0,0,0,0,0,0,0,0,0,0,0,0,0,0,0,0,0,0,0,0,0,0,0,0,0,0,0,0,0,0,0,0,0,0,0.014,0,0,0,0,0,0,0,0,0,0,0,0,0,0,0,0,0,0,0,0,0,0,0,0,0,0,0,0,0,0,0,0,0,0,0,0,0,0,0,0,0,0,0,0,0,0,0,0,0,0,0,0,0,0,0,0,0,0,0,0,0,0,0,0,0,0,0,0,0,0,0,0,0,0,0,0,0,0,0,0,0,0,0,0,0,0,0,0,0,0,0,0,0,0,0,0,0,0,0,0,0,0,0,0,0,0,0,0,0,0,0,0,0,0,0,0,0,0,0,0,0,0,0,0,0,0,0,0,0,0,0,0,0,0,0,0,0,0,0,0,0,0,0,0,0,0,0,0,0
"WADE-003-109","EB24GAM027-S",0.215,0.002,0,0.13,0.018,0.018,0,0,0.002,0.101,0.132,0,0,0,0,0.009,0,0.195,0,0.001,0,0,0,0,0.002,0,0,0,0,0,0.005,0,0,0,0,0.018,0,0,0,0,0,0,0,0.001,0.001,0,0,0.001,0,0,0.001,0,0,0.137,0,0,0,0,0,0,0,0,0,0,0,0,0,0,0,0,0.002,0,0,0,0,0,0,0,0.007,0,0,0,0,0,0,0,0,0,0,0,0,0,0,0,0,0,0,0,0,0,0,0,0,0,0,0,0,0,0,0,0,0,0,0,0,0,0,0,0,0,0,0,0,0,0,0,0,0,0,0,0,0,0,0,0,0.001,0,0,0,0,0,0,0,0,0,0,0,0,0,0,0,0,0,0,0,0,0,0,0,0,0,0,0,0,0,0,0,0,0,0,0,0,0,0,0,0,0,0,0,0,0,0,0,0,0,0,0,0,0,0,0,0,0,0,0,0.002,0,0,0,0,0,0,0,0,0,0,0,0,0,0,0,0,0,0,0,0,0,0,0,0,0,0,0,0,0,0,0,0,0,0,0,0,0,0,0,0,0,0,0,0,0,0,0,0,0,0,0,0,0,0,0,0,0,0,0,0,0,0,0,0,0,0,0,0,0,0,0,0,0,0,0,0,0,0,0,0,0,0,0,0,0,0,0,0,0
"WADE-003-110","EB24PH055-S",0.382,0,0.147,0,0,0,0,0.275,0,0,0.003,0,0.011,0,0.138,0,0,0,0,0,0,0,0.03,0,0,0,0,0,0,0,0,0,0,0,0,0,0,0,0,0,0,0,0,0,0,0,0,0.013,0,0,0,0,0,0,0,0,0,0,0,0,0,0,0,0,0,0,0,0,0,0,0,0,0,0,0,0,0,0,0,0,0,0,0,0,0,0,0,0,0,0,0,0,0,0,0,0,0,0,0,0,0,0,0,0,0,0,0,0,0,0,0,0,0,0,0,0,0,0,0,0,0,0,0,0,0,0,0,0,0,0,0,0,0,0,0,0,0,0,0,0,0,0,0,0,0,0,0,0,0,0,0,0,0,0,0,0,0,0,0,0,0,0,0,0,0,0,0,0,0,0,0,0,0,0,0,0,0,0,0,0,0,0,0,0,0,0,0,0,0,0,0,0,0,0,0,0,0,0,0,0,0,0,0,0,0,0,0,0,0,0,0,0,0,0,0,0,0,0,0,0,0,0,0,0,0,0,0,0,0,0,0,0,0,0,0,0,0,0,0,0,0,0,0,0,0,0,0,0,0,0,0,0,0,0,0,0,0,0,0,0,0,0,0,0,0,0,0,0,0,0,0,0,0,0,0,0,0,0,0,0,0,0,0,0,0
"WADE-003-124","EB24PH075-S",0.509,0.062,0,0,0,0,0.011,0,0.048,0,0.012,0,0,0,0,0,0,0.328,0,0,0,0,0.003,0,0,0,0,0.003,0,0,0,0,0,0,0.006,0.002,0,0,0.001,0,0,0,0,0,0,0,0,0,0,0,0,0,0,0,0.01,0,0,0,0,0,0,0,0,0,0,0,0,0,0,0,0,0,0,0,0,0,0,0,0,0,0,0,0,0,0,0,0,0,0,0,0,0,0,0,0,0,0,0,0,0,0,0,0,0,0,0,0,0,0,0,0,0,0,0,0,0,0,0,0,0,0,0,0,0,0,0,0,0,0,0,0,0,0,0,0,0,0,0,0,0,0,0,0,0,0,0,0,0,0,0,0,0,0,0,0,0,0,0,0,0,0,0,0,0,0,0,0,0,0,0,0,0,0,0,0,0,0,0,0,0,0,0,0,0,0,0,0,0,0,0,0,0,0,0,0,0,0,0.003,0,0,0,0,0,0,0,0,0,0,0,0,0,0,0,0,0,0,0,0,0,0,0,0,0,0,0,0,0,0,0,0,0,0,0,0,0,0,0,0,0,0,0,0,0,0,0,0,0,0,0,0,0,0,0,0,0,0,0,0,0,0,0,0,0,0,0,0,0,0,0,0,0,0,0,0,0,0,0,0,0,0,0,0,0,0,0
"WADE-003-112","PH22SH004-S",0.015,0.001,0,0.01,0,0.005,0,0,0.003,0.008,0.102,0,0,0.001,0,0,0,0,0,0,0,0,0.085,0,0.011,0,0,0,0,0,0,0,0,0,0.003,0,0,0,0.15,0,0.01,0,0,0,0.023,0.008,0,0,0,0,0.001,0.033,0.002,0,0,0,0,0,0,0,0,0,0,0.115,0,0,0,0,0,0.006,0,0,0,0,0,0,0,0,0,0,0,0,0,0,0,0,0,0,0,0,0,0.115,0,0.008,0,0,0.002,0,0,0,0.001,0,0.004,0,0,0,0,0.003,0.045,0.004,0,0,0,0,0.001,0,0,0,0,0,0,0,0,0,0,0,0,0,0,0,0.001,0.14,0,0,0,0,0,0,0,0,0,0,0,0,0,0,0.004,0,0.006,0,0.033,0,0,0,0,0,0,0,0.008,0,0,0,0.002,0,0,0,0,0,0,0,0,0,0,0.001,0,0,0,0,0.021,0,0,0,0,0,0,0,0,0.002,0,0,0,0,0,0,0,0,0,0,0,0,0,0,0,0,0,0,0,0,0,0,0,0,0,0.001,0,0,0,0.001,0,0,0,0,0,0,0,0,0,0,0,0,0,0,0,0,0,0,0,0,0,0,0,0,0,0,0,0,0,0,0,0,0,0,0,0,0,0,0,0,0.001,0,0.001,0,0,0,0,0,0,0,0,0,0,0,0,0,0,0,0,0,0,0,0,0,0,0,0
"WADE-003-113","PH22SH005-S",0,0,0,0,0,0,0.996,0,0,0,0,0,0,0,0,0,0,0,0,0,0,0,0,0,0,0,0,0,0,0,0,0,0,0,0,0,0,0,0,0,0,0,0,0,0,0,0,0.001,0,0,0,0,0,0,0,0,0,0,0,0,0,0,0,0,0,0,0,0,0,0,0,0,0,0,0,0,0,0,0,0,0,0,0,0,0,0,0,0,0,0,0,0,0,0,0,0,0,0,0,0,0,0,0,0,0,0,0,0,0,0,0,0,0,0,0,0,0,0,0,0,0,0,0,0,0,0,0,0,0,0,0,0,0,0,0,0,0,0,0,0,0,0,0,0,0,0,0,0,0,0,0,0,0,0,0,0,0,0,0,0,0,0,0,0,0,0,0,0,0,0,0,0,0,0,0,0,0,0,0,0,0,0,0,0,0.001,0,0,0,0,0,0,0,0,0,0,0,0,0,0,0,0,0,0,0,0,0,0,0,0,0,0,0,0,0,0,0,0,0,0,0,0,0,0,0,0,0,0,0,0,0,0,0,0,0,0,0,0,0,0,0,0,0,0,0,0,0,0,0,0,0,0,0,0,0,0,0,0,0,0,0,0,0,0,0,0,0,0,0,0,0,0,0,0,0,0,0,0,0,0,0,0,0,0,0,0
"WADE-003-114","PH22SH015-S",0.895,0,0,0,0,0,0.002,0,0,0,0.069,0,0,0,0,0,0,0,0,0,0,0,0,0,0,0,0,0,0,0,0,0,0,0,0,0,0,0,0.007,0,0,0,0,0,0,0,0,0,0,0,0,0,0,0,0,0,0,0,0,0,0,0,0,0,0,0,0,0,0,0,0,0,0,0,0,0,0,0,0,0,0,0,0,0,0,0,0,0,0,0,0,0,0.028,0,0,0,0,0,0,0,0,0,0,0,0,0,0,0,0,0,0,0,0,0,0,0,0,0,0,0,0,0,0,0,0,0,0,0,0,0,0,0,0,0,0,0,0,0,0,0,0,0,0,0,0,0,0,0,0,0,0,0,0,0,0,0,0,0,0,0,0,0,0,0,0,0,0,0,0,0,0,0,0,0,0,0,0,0,0,0,0,0,0,0,0,0,0,0,0,0,0,0,0,0,0,0,0,0,0,0,0,0,0,0,0,0,0,0,0,0,0,0,0,0,0,0,0,0,0,0,0,0,0,0,0,0,0,0,0,0,0,0,0,0,0,0,0,0,0,0,0,0,0,0,0,0,0,0,0,0,0,0,0,0,0,0,0,0,0,0,0,0,0,0,0,0,0,0,0,0,0,0,0,0,0,0,0,0,0,0,0,0,0,0,0
"WADE-003-115","PH22SH036-S",0.138,0.161,0.444,0,0,0,0,0.041,0,0,0.005,0,0.005,0,0.127,0,0,0,0,0,0,0,0.055,0,0,0,0,0,0,0,0,0,0,0,0,0,0,0,0,0,0,0,0,0,0,0,0,0.022,0,0,0,0,0,0,0,0,0,0,0,0,0,0,0,0,0,0,0,0,0,0,0,0,0,0,0,0,0,0,0,0,0,0,0,0,0,0,0,0,0,0,0,0,0,0,0,0,0,0,0,0,0,0,0,0,0,0,0,0,0.001,0,0,0,0,0,0,0,0,0,0,0,0,0,0,0,0,0,0,0,0,0,0,0,0,0,0,0,0,0,0,0,0,0,0,0,0,0,0,0,0,0,0,0,0,0,0,0,0,0,0,0,0,0,0,0,0,0,0,0,0,0,0,0,0,0,0,0,0,0,0,0,0,0,0,0,0,0,0,0,0,0,0,0,0,0,0,0,0,0,0,0,0,0,0,0,0,0,0,0,0,0,0,0,0,0,0,0,0,0,0,0,0,0,0,0,0,0,0,0,0,0,0,0,0,0,0,0,0,0,0,0,0,0,0,0,0,0,0,0,0,0,0,0,0,0,0,0,0,0,0,0,0,0,0,0,0,0,0,0,0,0,0,0,0,0,0,0,0,0,0,0,0,0,0,0,0
"WADE-003-116","PH22SH043-S",0.032,0,0,0.005,0.001,0,0.125,0.012,0,0.001,0.267,0,0,0,0,0,0,0.001,0,0,0,0,0.006,0,0,0,0,0,0,0,0,0,0,0,0.001,0,0,0,0.062,0,0,0,0,0,0.005,0,0,0.393,0,0,0.001,0,0,0,0,0,0,0,0,0,0,0,0,0,0,0,0,0,0,0,0,0,0,0.002,0.002,0,0,0,0,0,0,0,0,0,0,0,0.005,0,0,0,0,0.062,0,0.001,0,0,0.001,0.001,0,0,0,0,0,0,0,0,0,0,0,0,0,0,0,0,0.002,0,0,0,0,0,0,0.001,0,0,0,0,0,0,0,0,0,0,0,0,0,0,0,0,0,0,0,0,0,0,0,0,0,0,0,0,0,0,0,0,0,0,0,0,0,0,0,0,0,0,0,0,0,0,0,0,0,0,0,0,0,0,0,0,0,0,0,0,0,0,0,0,0,0,0,0.002,0,0,0,0,0,0,0,0,0.002,0,0,0.004,0,0,0,0,0,0,0,0,0,0,0,0,0,0,0,0,0,0,0,0.003,0,0,0,0,0,0,0,0,0,0,0,0,0,0,0,0,0,0,0,0,0,0,0,0,0,0,0,0,0,0,0,0,0,0,0,0,0,0,0,0,0,0,0.001,0,0,0,0,0,0,0,0,0,0,0,0,0,0,0,0,0,0,0,0
"WADE-003-116-2","PH22SH043-S",0.003,0.002,0,0.005,0,0,0.119,0,0,0.002,0.233,0.011,0,0,0,0,0,0.002,0.001,0,0,0.003,0,0,0.022,0,0,0,0,0,0,0,0,0,0,0,0,0,0.026,0.004,0.006,0,0,0,0,0,0.005,0.345,0,0,0,0,0,0,0,0,0,0,0,0,0,0,0,0,0,0,0,0,0,0.008,0,0,0,0.005,0.006,0,0,0,0,0,0,0,0,0,0,0,0,0,0,0,0,0.186,0,0,0,0,0,0,0,0,0,0,0,0,0,0,0,0,0,0,0,0,0,0,0,0,0,0,0,0,0,0,0,0,0,0,0,0,0,0,0.001,0,0,0,0,0,0,0,0,0,0,0,0,0,0,0,0,0,0,0,0,0,0,0,0,0,0,0,0,0,0,0,0,0,0,0,0,0,0,0,0,0,0,0,0,0,0,0.003,0,0,0,0,0,0,0,0,0,0,0,0,0,0,0,0,0,0,0,0,0,0,0,0,0,0,0,0,0,0,0,0,0,0,0,0,0,0,0,0,0,0,0,0,0,0,0,0,0,0,0,0,0,0,0,0,0,0,0,0,0,0,0,0,0,0,0,0,0,0,0,0,0,0,0,0,0,0,0,0,0,0,0,0,0,0,0,0,0,0,0,0,0,0,0,0,0,0,0,0,0,0,0,0,0,0,0
"WADE-003-117","PH23GAM007-S",0.111,0.041,0,0.01,0,0,0.054,0.012,0.002,0.002,0.049,0,0,0,0,0,0.001,0.005,0,0.008,0.001,0,0.002,0,0,0,0,0,0,0,0,0,0,0,0.001,0,0.041,0,0.099,0,0.002,0,0,0,0.018,0.003,0,0,0,0,0.151,0,0,0,0,0,0,0,0,0,0,0,0,0,0,0,0,0,0,0.018,0,0,0,0,0.005,0,0,0,0,0,0,0,0,0,0,0,0.245,0,0,0,0,0,0,0,0,0,0.009,0.027,0,0,0,0,0,0,0,0,0,0.001,0,0,0,0,0,0,0,0,0,0,0,0,0,0,0,0,0,0,0,0,0,0,0,0,0,0,0,0,0,0,0,0,0,0,0,0,0,0,0.016,0,0,0,0,0,0,0,0,0,0.003,0,0,0,0.011,0.012,0,0,0,0,0,0,0,0,0,0,0.005,0,0,0,0,0.001,0,0.001,0,0,0,0,0.009,0,0,0,0,0,0,0,0,0,0,0,0,0,0,0.002,0,0,0.006,0,0,0,0,0,0,0.003,0,0,0,0,0,0,0,0,0.004,0,0,0,0,0,0,0,0,0,0,0,0,0.001,0,0,0.001,0.003,0,0,0,0,0,0,0,0,0.002,0,0,0,0,0,0,0,0,0,0,0,0,0,0,0,0,0,0,0.001,0,0,0,0,0,0,0,0,0,0,0,0,0,0,0,0,0,0,0,0,0
"WADE-003-118","PH23SH005-S",0,0,0,0,0,0,0.004,0,0,0,0.009,0,0,0,0,0,0,0,0,0,0,0,0,0,0,0,0,0,0,0,0,0,0,0,0,0,0.248,0,0.003,0,0,0.001,0,0,0,0,0,0,0,0,0.382,0.007,0.187,0,0,0,0,0,0,0,0,0,0,0.126,0,0,0,0,0,0.002,0,0,0,0,0,0,0,0,0,0,0,0,0,0,0,0,0.001,0,0,0,0,0,0,0,0,0,0,0.004,0,0,0,0,0,0,0,0,0,0.006,0.009,0,0,0,0,0,0,0,0,0,0,0,0,0,0,0,0,0,0,0,0,0,0,0,0,0,0,0,0,0,0,0,0,0,0,0,0,0,0,0,0,0,0,0,0,0,0,0,0,0,0,0,0.004,0,0,0,0.005,0,0,0,0,0,0.002,0.001,0,0,0,0,0,0,0,0,0,0,0,0,0,0,0,0,0,0,0,0,0,0,0,0,0,0,0,0,0,0,0,0,0,0,0,0,0,0,0,0,0,0,0,0,0,0,0,0,0,0,0,0,0,0,0,0,0,0,0,0,0,0,0,0,0,0,0,0,0,0,0,0,0,0,0,0,0,0,0,0,0,0,0,0,0,0,0,0,0,0,0,0,0,0,0,0,0,0,0,0,0,0,0,0,0,0,0,0,0,0,0,0,0
"WADE-003-120","PH23SH032-S",0.006,0,0.002,0.005,0,0,0.043,0.341,0,0,0.006,0,0,0,0.006,0.03,0,0,0,0,0,0,0.003,0,0,0,0,0,0,0,0,0,0,0,0.001,0,0.001,0,0.121,0,0.042,0,0,0,0.005,0,0,0,0,0,0.049,0,0.012,0,0,0,0,0,0,0,0,0,0,0,0,0,0,0,0,0.002,0,0,0,0,0,0,0,0,0,0,0,0,0,0,0,0,0,0,0,0,0,0,0,0,0,0,0.068,0,0,0,0,0.154,0,0,0,0,0,0.086,0,0,0,0,0,0,0,0,0,0,0,0,0,0,0,0,0,0,0,0,0,0,0.006,0,0,0,0,0,0,0,0.001,0,0,0,0,0,0,0,0,0,0,0,0,0,0,0,0,0,0,0,0,0,0,0,0,0,0,0,0,0,0,0,0,0,0,0,0,0,0,0,0,0,0,0,0,0,0,0,0,0,0,0,0,0,0,0,0,0,0,0,0,0,0,0,0,0,0,0,0.003,0.004,0,0.004,0,0,0,0,0,0,0,0,0,0,0,0,0,0,0,0,0,0,0,0,0,0,0,0,0,0,0,0,0,0,0,0,0,0,0,0,0,0,0,0,0,0,0,0,0,0,0,0,0,0,0,0,0,0,0,0,0,0,0,0,0,0,0,0,0,0,0,0,0,0,0,0,0,0,0
"WADE-003-121","PH24GAM014-S",0.357,0,0,0.008,0,0,0.007,0,0,0,0,0,0,0,0,0,0,0,0,0,0,0,0,0,0,0,0,0,0,0,0,0,0,0,0.005,0,0.306,0,0.007,0,0,0,0,0,0.002,0,0,0,0,0,0.205,0,0.034,0,0,0,0,0,0,0,0,0,0,0,0,0,0,0,0,0,0,0,0,0,0.045,0,0,0,0,0,0,0,0,0,0,0,0,0,0,0,0,0,0.005,0,0,0,0,0,0,0,0,0,0,0,0,0,0,0,0,0,0,0,0,0,0.002,0,0,0,0,0,0,0,0,0,0,0,0,0,0,0,0,0,0,0,0,0,0,0,0,0,0,0,0,0,0,0,0,0,0,0,0,0,0,0,0,0,0,0,0,0,0,0,0,0,0,0.007,0,0,0,0,0.005,0,0,0,0,0,0,0,0,0,0,0,0,0.001,0,0,0,0,0,0,0,0,0,0,0,0,0,0,0,0,0,0,0,0.003,0,0,0,0,0,0,0,0,0,0,0,0,0,0.001,0,0,0,0,0,0,0,0,0,0,0,0,0,0,0,0,0,0,0,0,0,0,0,0,0,0,0,0,0,0,0,0,0,0,0,0,0,0,0,0,0,0,0,0,0,0,0,0,0,0,0,0,0,0,0,0,0,0,0,0,0,0,0,0,0,0,0
"WADE-003-125","EB21GAM031-F",0.001,0.007,0,0.002,0.23,0.002,0,0,0,0.198,0.007,0,0,0.005,0,0,0,0,0.006,0,0,0.094,0.006,0,0,0.052,0.006,0,0,0.022,0,0.056,0.008,0.004,0,0,0,0.007,0,0,0,0,0,0.002,0,0,0.038,0,0.002,0.02,0,0,0,0,0,0,0.013,0,0.02,0,0,0.006,0.01,0,0,0.017,0.008,0.003,0.005,0,0.006,0,0,0.004,0,0.004,0.008,0.003,0,0,0,0,0.007,0.009,0.001,0,0,0.004,0,0.007,0.007,0,0,0,0,0,0,0,0.013,0,0,0,0,0,0,0,0.004,0,0,0,0,0,0,0,0,0,0,0,0,0,0,0,0.001,0,0,0,0,0,0,0.035,0,0,0,0,0.011,0,0,0,0,0.001,0,0.002,0,0,0,0,0,0,0,0,0,0,0.006,0,0,0,0,0,0,0,0,0,0.008,0,0,0,0,0,0,0,0,0,0,0,0,0,0,0,0,0,0,0,0,0,0,0,0,0,0,0,0.001,0,0,0,0,0,0,0,0,0,0,0,0,0,0,0,0,0,0,0,0,0,0,0,0,0,0,0,0,0,0,0,0,0,0,0,0,0,0,0,0,0,0,0,0,0,0,0,0,0,0,0,0,0,0,0,0,0,0,0,0,0,0,0,0,0,0,0,0,0,0,0,0,0,0,0,0,0,0,0,0,0,0,0,0,0,0,0,0,0,0,0,0,0,0
"WADE-003-126","EB22GAM019-F",0.529,0.016,0,0.01,0.154,0.002,0,0,0,0.033,0.039,0,0,0.085,0,0.012,0,0,0,0,0.007,0.01,0.016,0,0,0,0,0,0,0,0,0,0,0.002,0,0.003,0,0,0,0,0,0,0,0.029,0,0,0,0.001,0.001,0.004,0.001,0,0,0.003,0,0,0,0,0.005,0,0.001,0.001,0,0,0.012,0,0,0.002,0,0.002,0.001,0,0,0.002,0,0,0,0.001,0.004,0,0,0,0,0,0,0,0,0.002,0,0,0,0,0,0,0,0,0,0,0,0,0,0,0,0,0,0.001,0.003,0,0,0,0,0,0,0,0,0,0.001,0,0,0,0,0,0,0,0,0,0,0,0,0.005,0,0,0,0,0,0,0,0,0,0,0,0,0,0,0,0,0,0,0,0,0,0,0,0,0,0,0,0,0,0,0,0,0,0,0,0,0,0,0,0,0,0,0,0,0,0,0,0,0,0,0,0,0,0,0,0,0,0,0,0,0,0,0,0,0,0,0,0,0,0,0,0,0,0,0,0,0,0,0,0,0,0,0,0,0,0,0,0,0,0,0,0,0,0,0,0,0,0,0,0,0,0,0,0,0,0,0,0,0,0,0,0,0,0,0,0,0,0,0,0,0,0,0,0,0,0,0,0,0,0,0,0,0,0,0,0,0,0,0,0,0,0,0,0,0,0,0,0,0,0,0,0,0,0,0
"WADE-003-145","EB23PH028-F",0.034,0.001,0,0.197,0.179,0.06,0,0,0,0.234,0.001,0,0,0,0,0.031,0,0,0.006,0,0,0.019,0,0,0,0.004,0,0,0,0.006,0.006,0,0,0.041,0,0.001,0,0.049,0,0,0,0,0,0.001,0,0,0.028,0,0,0.007,0,0,0,0.01,0,0.002,0.031,0,0,0,0.001,0.001,0.005,0,0.007,0,0,0.002,0.002,0,0.002,0,0,0.003,0,0.002,0,0.005,0,0,0,0.005,0,0,0.003,0,0,0,0,0,0,0,0,0,0,0,0,0,0,0,0.002,0,0,0,0,0,0.001,0,0,0,0,0,0,0,0,0,0.005,0,0,0,0,0,0,0,0,0,0,0,0,0,0,0,0,0,0.001,0,0,0,0,0,0,0,0,0,0,0,0,0,0,0,0,0,0,0.002,0,0,0,0,0,0,0,0,0,0,0,0,0,0,0,0,0,0,0,0,0,0,0,0,0,0,0,0,0,0,0,0,0,0,0.002,0,0,0,0,0,0,0,0,0,0,0,0,0,0,0,0,0,0,0,0,0,0,0,0,0,0,0,0,0,0,0,0,0,0,0,0,0,0,0,0,0,0,0,0,0,0,0,0,0,0,0,0,0,0,0,0,0,0,0,0,0,0,0,0,0,0,0,0,0,0,0,0,0,0,0,0,0,0,0,0,0,0,0,0,0,0,0,0,0,0,0,0,0,0,0,0
"WADE-003-129","EB23SH008-F",0.29,0,0.001,0.001,0.02,0,0,0.048,0.01,0.084,0.003,0,0,0.235,0.006,0,0,0,0,0,0,0.006,0.101,0,0,0,0,0,0,0.011,0,0,0.005,0,0,0,0,0.006,0.061,0,0,0,0,0.043,0.001,0,0,0.007,0,0,0.007,0,0,0,0.008,0,0.001,0,0,0,0,0,0,0,0,0,0,0,0,0,0,0,0,0,0,0,0.025,0,0,0,0,0,0,0,0,0,0,0,0,0,0.002,0,0,0.009,0,0,0,0,0,0,0,0,0,0,0,0,0,0,0,0,0,0,0,0.001,0,0,0,0,0.001,0,0,0,0,0,0,0,0,0,0,0,0,0,0,0,0,0,0,0,0,0,0,0.004,0,0,0,0,0,0,0,0,0,0,0,0,0,0,0,0,0,0,0,0,0,0,0,0,0,0,0,0,0,0,0,0,0,0,0,0,0,0.001,0,0,0,0,0,0,0,0,0,0,0,0,0,0,0,0,0,0,0,0,0,0,0,0,0,0,0,0,0,0,0,0,0,0,0,0,0,0,0,0,0,0,0,0,0,0,0,0,0,0,0,0,0,0,0,0,0,0,0,0,0,0,0,0,0,0,0,0,0,0,0,0,0,0,0,0,0,0,0,0,0,0,0,0,0,0,0,0,0,0,0,0,0,0,0,0,0,0,0,0,0,0,0,0,0
"WADE-003-130","EB23SH009-F",0.007,0.006,0,0.143,0.147,0.015,0,0,0,0.232,0.004,0,0,0.016,0,0.002,0,0,0.005,0,0.004,0.167,0,0,0,0.02,0.006,0,0,0,0,0.004,0,0,0,0.006,0,0.047,0.001,0,0,0,0,0.006,0,0,0.012,0,0.001,0.003,0,0,0,0.009,0.001,0,0.005,0,0,0,0,0.003,0,0,0.004,0.002,0,0.01,0,0,0.007,0,0,0,0,0.055,0,0,0.005,0.001,0.005,0,0.005,0.007,0,0,0,0.003,0,0.002,0.001,0,0,0,0,0,0,0,0.004,0,0.002,0,0,0,0,0,0,0,0,0,0,0,0,0,0,0,0.001,0,0,0,0,0,0,0,0,0,0,0,0,0,0,0,0,0,0,0,0,0,0,0,0,0,0,0,0,0,0,0.004,0,0,0,0,0,0,0,0,0,0,0,0,0,0,0,0,0,0,0,0,0,0,0,0,0,0,0,0,0,0,0,0,0,0,0,0,0,0,0,0,0,0,0,0,0,0.002,0,0,0,0,0,0,0,0,0,0,0,0,0,0,0,0,0,0,0,0,0,0,0,0,0,0,0,0,0,0,0,0,0,0,0,0,0,0,0,0,0,0,0,0,0,0,0,0,0.001,0,0,0,0,0,0.001,0,0,0,0,0,0,0,0,0,0,0,0,0,0,0,0,0,0,0,0,0,0,0,0,0,0,0,0,0,0,0,0,0,0,0,0
"WADE-003-133","EB24PH055-F",0.003,0.009,0,0.046,0.247,0.013,0,0,0,0.137,0.001,0,0,0.009,0,0.034,0,0,0.001,0,0,0.024,0,0,0,0.038,0.019,0,0,0.006,0.001,0.019,0.001,0,0,0.002,0,0.02,0,0,0,0,0,0.015,0,0,0.009,0,0.001,0.002,0,0,0,0.04,0,0,0.012,0,0,0,0,0.005,0.001,0,0.013,0.009,0.02,0.001,0,0,0,0,0,0.016,0,0.085,0,0.018,0,0.001,0,0.001,0.001,0.003,0,0,0,0.009,0,0.001,0.001,0,0,0,0,0,0,0,0.016,0,0.009,0,0,0,0,0.029,0,0,0,0,0.001,0,0,0,0,0.001,0.001,0,0.03,0,0,0,0,0,0,0,0,0.001,0,0.003,0,0,0,0,0.006,0,0,0.001,0,0.001,0.001,0,0,0,0,0,0,0,0,0,0,0,0,0.002,0,0,0,0,0,0,0,0,0,0,0,0,0,0,0,0,0,0,0,0,0,0,0,0,0,0,0,0,0,0,0,0,0,0,0,0,0,0,0,0.001,0,0,0,0,0,0,0,0,0,0,0,0,0,0,0,0,0,0,0,0,0,0,0,0,0,0,0,0,0,0,0,0,0,0,0,0,0,0,0,0,0,0,0,0,0,0,0,0,0,0,0,0,0,0,0,0,0,0,0,0,0,0,0,0,0,0,0,0,0,0,0,0,0,0,0,0,0,0,0,0,0,0,0,0,0,0,0,0,0,0,0
"WADE-003-134","EB24PH075-F",0.063,0.015,0,0,0.256,0.036,0,0,0,0.02,0.012,0,0,0.008,0,0,0,0,0.001,0,0.001,0.005,0.007,0,0,0.007,0.113,0,0,0.008,0.005,0.016,0.284,0,0,0.008,0,0.003,0,0,0,0,0,0.003,0,0,0,0,0.001,0.004,0,0,0,0.001,0,0,0.021,0,0.006,0,0.002,0.003,0,0,0.001,0.015,0.01,0,0,0,0,0,0,0.004,0,0,0,0,0,0,0,0,0.002,0.001,0,0,0,0.004,0,0.004,0.001,0,0,0,0,0,0,0,0.006,0,0,0,0,0,0,0,0.002,0,0,0,0,0,0,0,0,0.019,0.001,0,0.011,0,0,0,0,0,0,0,0,0,0,0,0,0,0,0,0.005,0,0,0.001,0,0.003,0,0,0,0,0,0,0,0,0,0.002,0,0,0,0,0,0,0,0,0,0,0,0,0,0,0,0,0,0,0,0,0,0,0,0,0,0,0,0,0,0,0,0,0,0,0,0,0,0,0,0,0,0,0,0,0,0,0,0,0,0,0,0,0,0,0,0,0,0,0,0,0,0,0,0,0,0,0,0,0,0,0,0,0,0,0,0,0,0,0,0,0,0,0,0,0,0,0,0,0,0,0,0,0,0,0,0,0,0,0,0,0,0,0,0,0,0,0,0,0,0,0,0,0,0,0,0,0,0,0,0,0,0,0,0,0,0,0,0,0,0,0,0,0,0,0
"WADE-003-135","PH22SH004-F",0,0,0,0.518,0.01,0.112,0,0,0,0.135,0.001,0,0,0,0,0.023,0,0,0.007,0.004,0,0.022,0,0,0,0.006,0,0,0,0,0,0,0,0.005,0,0.018,0,0.002,0,0,0,0,0.002,0.001,0,0,0.006,0,0.051,0,0,0,0,0.005,0,0.002,0.001,0,0,0,0.006,0.001,0,0,0.041,0,0,0.001,0,0,0,0,0,0,0,0.012,0,0,0,0,0,0,0,0,0.005,0,0,0,0,0,0,0,0,0,0,0,0,0,0,0,0,0,0,0,0,0,0,0,0,0,0,0,0,0,0,0,0,0,0,0,0,0,0,0,0,0,0,0,0,0,0,0,0,0,0,0,0,0,0,0,0,0,0,0,0,0,0,0,0,0,0,0,0,0,0,0,0,0,0,0,0,0,0,0,0,0,0,0,0,0,0,0,0,0,0,0,0,0,0,0,0,0,0,0,0,0,0,0,0,0,0,0,0,0,0,0,0,0,0,0,0,0,0,0,0,0,0,0,0,0,0,0,0,0,0,0,0,0,0,0,0,0,0,0,0,0,0,0,0,0,0,0,0,0,0,0,0,0,0,0,0,0,0,0,0,0,0,0,0,0,0,0,0,0,0,0,0,0,0,0,0,0,0,0,0,0,0,0,0,0,0,0,0,0,0,0,0,0,0,0,0,0,0,0,0
"WADE-003-136","PH22SH005-F",0.033,0.002,0,0.202,0.146,0.032,0,0,0,0.295,0,0,0,0,0,0.039,0,0,0.009,0,0,0.015,0,0,0,0.009,0,0,0,0.011,0.006,0,0,0.021,0,0.001,0,0.04,0,0,0,0,0,0.002,0,0,0.036,0,0.001,0.006,0,0,0,0.015,0,0,0.018,0,0,0,0.002,0.002,0.002,0,0.006,0,0,0.003,0,0,0.001,0,0,0.004,0,0.003,0,0.006,0,0,0,0.004,0,0,0.008,0,0,0.001,0,0,0,0,0,0,0,0,0,0,0.001,0,0.004,0,0,0,0,0,0.001,0,0,0,0,0,0,0,0,0,0.007,0,0,0,0,0,0,0,0,0,0,0,0,0,0,0,0,0,0.001,0,0,0,0,0,0,0,0,0,0,0,0,0,0,0,0,0,0,0.001,0,0,0,0,0,0,0,0,0,0,0,0,0,0,0,0,0,0,0,0,0,0,0,0,0,0,0,0,0,0,0,0,0,0,0.003,0,0,0.001,0,0,0,0,0,0,0,0,0,0,0,0,0,0,0,0,0,0,0,0,0,0,0,0,0,0,0,0,0,0,0,0,0,0,0,0,0,0,0,0,0,0,0,0,0,0,0,0,0,0,0,0,0,0,0,0,0,0,0,0,0,0,0,0,0,0,0,0,0,0,0,0,0,0,0,0,0,0,0,0,0,0,0,0,0,0,0,0,0,0,0,0,0
"WADE-003-137","PH22SH015-F",0.453,0.059,0,0.036,0.05,0.014,0,0,0,0.11,0,0,0,0,0,0,0,0,0.002,0,0.151,0.002,0,0,0,0.004,0,0.039,0,0,0,0,0,0,0,0,0,0.006,0,0,0,0,0,0,0,0,0.001,0,0.032,0,0,0,0,0,0,0,0,0,0.007,0,0,0,0.003,0,0.011,0,0,0.002,0,0,0,0,0,0,0,0,0,0,0,0,0,0,0,0,0.017,0,0,0,0,0,0,0,0,0,0,0,0,0,0,0,0,0,0,0,0,0,0,0,0,0,0,0,0,0,0,0,0,0,0,0,0,0,0,0,0,0,0,0,0,0,0,0,0,0,0,0,0,0,0,0,0,0,0,0,0,0,0,0,0,0,0,0,0,0,0,0,0,0,0,0,0,0,0,0,0,0,0,0,0,0,0,0,0,0,0,0,0,0,0,0,0,0,0,0,0,0,0,0,0,0,0,0,0,0,0,0,0,0,0,0,0,0,0,0,0,0,0,0,0,0,0,0,0,0,0,0,0,0,0,0,0,0,0,0,0,0,0,0,0,0,0,0,0,0,0,0,0,0,0,0,0,0,0,0,0,0,0,0,0,0,0,0,0,0,0,0,0,0,0,0,0,0,0,0,0,0,0,0,0,0,0,0,0,0,0,0,0,0,0,0,0,0,0,0,0
"WADE-003-138","PH22SH036-F",0.002,0,0,0.109,0.163,0.014,0,0,0,0.088,0.381,0,0,0,0,0.05,0,0,0.002,0,0,0.005,0,0,0,0.009,0,0,0,0,0.001,0,0,0,0,0.041,0,0.016,0,0,0,0,0,0.001,0,0,0.01,0,0.001,0.004,0,0,0,0.003,0,0,0,0,0.002,0,0,0,0.002,0,0.018,0.001,0,0.003,0.001,0,0,0,0,0.001,0,0.001,0,0.002,0.033,0,0,0.004,0.002,0,0.001,0,0,0,0,0,0.004,0,0,0,0,0,0,0,0,0,0.014,0,0,0,0,0,0.001,0,0,0,0,0,0,0,0,0,0,0,0,0,0,0,0.002,0,0,0,0,0,0.005,0,0,0,0,0,0,0,0,0,0,0,0.001,0,0,0.001,0,0,0,0,0,0,0,0,0,0,0,0,0,0,0,0,0,0,0,0,0,0,0,0,0,0,0,0,0,0,0,0,0,0,0,0,0,0,0,0,0,0,0,0,0,0,0,0,0,0,0,0,0,0,0,0,0,0,0,0,0,0,0,0,0,0,0,0,0,0,0,0,0,0,0,0,0,0,0,0,0,0,0,0,0,0,0,0,0,0,0,0,0,0,0,0,0,0,0,0,0,0,0,0,0,0,0,0,0,0,0,0,0,0,0,0,0,0,0,0,0,0,0,0,0,0,0,0,0,0,0,0,0,0,0,0,0,0,0,0,0
"WADE-003-139","PH22SH043-F",0.012,0,0,0.182,0.07,0.057,0,0.003,0,0.204,0.001,0,0,0,0,0.02,0,0,0.037,0,0.053,0.015,0,0,0,0.08,0,0.057,0,0,0.001,0,0.002,0.012,0,0.003,0,0.015,0,0,0.001,0,0.007,0.001,0,0,0.034,0,0.003,0.001,0,0,0,0.011,0,0.005,0.028,0,0.007,0,0.001,0.002,0,0,0.008,0,0,0.007,0.006,0,0,0,0,0.002,0,0,0,0.001,0.004,0,0,0.006,0,0,0.001,0,0,0,0.024,0,0.004,0,0,0,0,0,0,0,0,0,0.001,0,0,0,0,0,0.001,0,0,0,0,0,0,0,0,0,0,0,0,0,0,0,0.001,0,0,0,0,0,0,0,0,0,0,0,0.001,0,0,0,0,0,0.001,0,0,0,0,0,0,0,0,0,0,0,0,0,0,0,0,0,0,0,0,0,0,0,0,0,0.005,0,0,0,0,0,0,0,0,0,0,0,0,0,0,0,0,0,0,0,0,0,0,0,0,0,0,0,0,0,0,0,0,0,0,0,0,0,0,0,0,0,0,0,0,0,0,0,0,0,0,0,0,0,0,0,0,0,0,0,0,0,0,0,0,0,0,0,0,0,0,0,0,0,0,0,0,0,0,0,0,0,0,0,0,0,0,0,0,0,0,0,0,0,0,0,0,0,0,0,0,0,0,0,0,0,0,0,0,0,0,0,0,0,0,0,0,0,0
"WADE-003-140","PH23GAM007-F",0,0,0,0.005,0.107,0.019,0,0,0,0.513,0,0,0,0,0,0,0,0,0,0,0,0.028,0,0,0,0.001,0,0,0,0,0.045,0,0,0.001,0,0,0,0.107,0,0.003,0,0,0,0.005,0,0,0.001,0,0,0,0,0,0,0.043,0,0.069,0.002,0,0,0,0,0,0.001,0,0.003,0,0,0,0.008,0,0,0,0,0.004,0,0,0,0.003,0,0,0,0,0,0,0,0,0,0,0,0,0,0,0,0,0,0,0,0,0,0,0,0,0,0,0,0,0.002,0,0,0,0,0,0,0,0,0,0.01,0,0,0,0,0,0,0,0,0,0,0,0,0,0,0,0,0,0,0,0,0.018,0,0,0,0,0,0,0,0,0,0,0,0,0,0,0,0,0,0,0,0,0,0,0,0,0,0,0,0,0,0,0,0,0,0,0,0,0,0,0,0,0,0,0,0,0,0,0,0,0,0,0,0,0,0,0,0,0,0,0,0,0,0,0,0,0,0,0,0,0,0,0,0,0,0,0,0,0,0,0,0,0,0,0,0,0,0,0,0,0,0,0,0,0,0,0,0,0,0,0,0,0,0,0,0,0,0,0,0,0,0,0,0,0,0,0,0,0,0,0,0,0,0,0,0,0,0,0,0,0,0,0,0,0,0,0,0,0,0,0,0,0,0,0,0,0,0,0
"WADE-003-141","PH23SH005-F",0.016,0,0,0.082,0.078,0.038,0,0,0,0.097,0,0,0,0,0,0.019,0,0,0.408,0.005,0,0.001,0,0,0,0.03,0,0,0,0,0.001,0,0,0.054,0,0.001,0,0.005,0,0,0,0,0.004,0,0,0,0.034,0,0.02,0.013,0,0,0,0.008,0,0.004,0.013,0,0,0,0.004,0.014,0.004,0.004,0.011,0,0,0.008,0.001,0,0,0,0,0,0,0.002,0,0,0,0,0,0,0,0,0.003,0,0,0,0,0,0,0,0,0,0,0,0,0,0,0,0,0,0,0,0,0,0,0,0.001,0,0,0,0,0,0,0,0,0,0,0,0,0,0,0,0,0,0,0,0,0,0,0,0,0,0,0,0,0,0,0,0.013,0,0,0,0,0,0,0,0,0,0,0,0,0,0,0,0,0,0,0,0,0,0,0,0,0,0,0,0,0,0,0,0,0,0,0,0,0,0,0,0,0,0,0,0,0,0,0,0,0,0,0,0,0,0,0,0,0,0,0,0,0,0,0,0,0,0,0,0,0,0,0,0,0,0,0,0,0,0,0,0,0,0,0,0,0,0,0,0,0,0,0,0,0,0,0,0,0,0,0,0,0,0,0,0,0,0,0,0,0,0,0,0,0,0,0,0,0,0,0,0,0,0,0,0,0,0,0,0,0,0,0,0,0,0,0,0,0,0,0,0,0,0,0,0
"WADE-003-142","PH23SH013-F",0.005,0,0,0.354,0.053,0.05,0,0.001,0,0.214,0.001,0,0,0,0,0.046,0,0,0.015,0,0.037,0.024,0,0,0,0.013,0.006,0.01,0,0,0,0,0,0.004,0,0.026,0,0.013,0,0,0,0,0.015,0.007,0,0,0.006,0,0,0.001,0.001,0,0,0.019,0,0.001,0.006,0,0,0,0,0,0.001,0,0.015,0,0,0.017,0.002,0,0.007,0,0,0.008,0,0.002,0,0.002,0.001,0,0,0.002,0,0,0,0,0,0.005,0,0,0.001,0,0,0,0,0,0,0,0,0,0,0,0,0,0,0,0.004,0,0,0,0,0,0,0,0,0,0.001,0,0,0,0,0,0,0,0,0,0,0,0,0,0,0,0,0,0.001,0,0,0.001,0,0,0.001,0,0,0,0,0,0,0,0,0,0,0,0,0,0,0,0,0,0,0,0,0,0,0,0,0,0,0,0,0,0,0,0,0,0,0,0,0,0,0,0,0,0,0,0,0,0,0,0.001,0,0,0,0,0,0,0,0,0,0,0,0,0,0,0,0,0,0,0,0,0,0,0,0,0,0,0,0,0,0,0,0,0,0,0,0,0,0,0,0,0,0,0,0,0,0,0,0,0,0,0,0,0,0,0,0,0,0,0,0,0,0,0,0,0,0,0,0,0,0,0,0,0,0,0,0,0,0,0,0,0,0,0,0,0,0,0,0,0,0,0,0,0,0,0,0
"WADE-003-143","PH23SH032-F",0.079,0.052,0,0.272,0.11,0.055,0,0,0,0.117,0,0,0,0,0,0.034,0,0,0.023,0,0.002,0.02,0,0,0,0.001,0.019,0.006,0,0.001,0.007,0,0,0.005,0,0.009,0.002,0.019,0,0,0,0,0.005,0.003,0,0,0.011,0,0,0.002,0,0,0,0.018,0,0.007,0.017,0,0,0,0.003,0.006,0,0,0.021,0,0,0.003,0,0,0.013,0,0,0.003,0,0.003,0,0,0,0,0,0.033,0,0,0,0,0,0,0.001,0,0.004,0,0,0,0,0,0,0,0,0,0.001,0,0,0,0,0,0,0,0,0,0,0,0,0.001,0,0,0.001,0,0,0,0,0,0,0,0,0,0,0,0.002,0,0,0,0,0,0,0,0,0,0,0,0,0,0,0,0,0,0,0,0,0.007,0,0,0,0,0,0,0,0,0,0,0,0,0,0,0,0,0,0,0,0,0,0,0,0,0,0,0,0,0,0,0,0,0,0,0,0,0,0,0,0,0,0,0,0,0,0,0,0,0,0,0,0,0,0,0,0,0,0,0,0,0,0,0,0,0,0,0,0,0,0,0,0,0,0,0,0,0,0,0,0,0,0,0,0,0,0,0,0,0,0,0,0,0,0,0,0,0,0,0,0,0,0,0,0,0,0,0,0,0,0,0,0,0,0,0,0,0,0,0,0,0,0,0,0,0,0,0,0,0,0,0,0,0,0,0
"WADE-003-148","2025011A",0.016,0,0,0.185,0,0,0,0,0,0.118,0,0,0,0,0,0,0,0,0,0,0,0.001,0,0.495,0,0,0,0,0,0,0,0,0,0,0,0,0,0,0,0,0,0,0,0,0,0,0,0,0,0,0,0.005,0,0,0,0,0,0,0,0,0,0,0,0,0,0,0,0,0,0,0,0,0,0,0,0,0,0,0,0,0,0,0.096,0,0,0.064,0,0,0,0,0,0,0,0,0,0,0,0,0,0,0,0,0,0,0,0,0,0,0,0,0,0,0,0,0,0,0,0,0,0,0,0,0,0,0,0,0,0,0,0,0,0,0,0.016,0,0,0,0,0,0,0,0,0,0,0,0,0,0,0,0,0,0,0,0,0,0,0,0,0,0,0,0,0,0,0,0,0,0,0,0.001,0,0,0,0,0,0,0,0,0,0,0,0,0,0,0,0,0,0,0,0,0,0,0,0,0,0,0,0,0,0,0,0,0,0,0,0,0,0,0,0,0,0,0,0,0,0,0,0,0,0,0,0,0,0,0,0,0,0,0,0,0,0,0,0,0,0,0,0,0,0,0,0,0,0,0,0,0,0,0,0,0,0,0,0,0,0,0,0,0,0,0,0,0,0,0,0,0,0,0,0,0,0,0,0,0,0,0,0,0,0,0,0,0,0,0
"WADE-003-149","2025011B",0.733,0,0,0,0,0,0,0.009,0,0,0,0,0,0,0,0,0.254,0,0,0,0,0,0,0.002,0,0,0,0,0,0,0,0,0,0,0,0,0,0,0.001,0,0,0,0,0,0,0,0,0,0,0,0,0,0,0,0,0,0,0,0,0,0,0,0,0,0,0,0,0,0,0,0,0,0,0,0,0,0,0,0,0,0,0,0,0,0,0,0,0,0,0,0,0,0,0,0,0,0,0,0,0,0,0,0,0,0,0,0,0,0,0,0,0,0,0,0,0,0,0,0,0,0,0.002,0,0,0,0,0,0,0,0,0,0,0,0,0,0,0,0,0,0,0,0,0,0,0,0,0,0,0,0,0,0,0,0,0,0,0,0,0,0,0,0,0,0,0,0,0,0,0,0,0,0,0,0,0,0,0,0,0,0,0,0,0,0,0,0,0,0,0,0,0,0,0,0,0,0,0,0,0,0,0,0,0,0,0,0,0,0,0,0,0,0,0,0,0,0,0,0,0,0,0,0,0,0,0,0,0,0,0,0,0,0,0,0,0,0,0,0,0,0,0,0,0,0,0,0,0,0,0,0,0,0,0,0,0,0,0,0,0,0,0,0,0,0,0,0,0,0,0,0,0,0,0,0,0,0,0,0,0,0,0,0,0,0,0
"WADE-003-150-A","finwhale.fat",0.008,0,0,0.266,0,0,0,0,0,0.052,0,0,0,0,0,0,0,0,0,0,0,0,0,0.254,0,0,0,0,0,0,0,0,0,0,0,0,0,0,0,0,0,0,0,0,0,0,0,0,0,0,0,0.318,0,0,0,0,0,0,0,0,0,0,0,0,0,0,0,0,0,0,0,0,0,0,0,0,0,0,0,0,0,0,0.006,0,0,0.034,0,0,0,0,0,0,0,0,0,0,0,0,0,0,0,0,0,0,0,0,0,0,0,0,0,0,0,0,0,0,0,0,0,0,0,0,0,0,0,0,0,0,0,0,0,0,0,0.021,0,0,0,0,0,0,0,0,0,0,0,0,0,0,0.014,0,0,0,0,0,0,0,0,0,0,0,0,0,0,0,0,0,0,0,0.008,0.007,0,0,0,0,0,0,0,0,0,0,0.003,0,0,0,0,0,0,0,0,0,0,0,0,0,0,0,0,0,0,0,0,0,0,0,0,0,0,0,0,0,0.004,0,0,0,0,0,0,0,0,0,0,0,0,0,0,0,0,0,0,0,0,0,0,0,0,0,0,0,0.001,0.001,0,0,0,0,0,0,0,0,0,0,0,0,0,0,0,0,0,0,0,0,0.001,0,0,0,0,0,0,0,0,0,0,0,0,0,0,0,0,0,0,0,0,0,0,0,0
"WADE-003-150-B","finwhale",0.728,0,0,0,0,0,0,0.016,0,0,0,0,0,0,0,0,0.252,0,0,0,0,0,0,0,0,0,0,0,0,0,0,0,0,0,0,0,0,0,0,0,0,0,0,0,0,0,0,0,0,0,0,0.001,0,0,0,0,0,0,0,0,0,0,0,0,0,0,0,0,0,0,0,0,0,0,0,0,0,0,0,0,0,0,0,0,0,0,0,0,0,0,0,0,0,0,0,0,0,0,0,0,0,0,0,0,0,0,0,0,0,0,0,0,0,0,0,0,0,0,0,0,0,0.003,0,0,0,0,0,0,0,0,0,0,0,0,0,0,0,0,0,0,0,0,0,0,0,0,0,0,0,0,0,0,0,0,0,0,0,0,0,0,0,0,0,0,0,0,0,0,0,0,0,0,0,0,0,0,0,0,0,0,0,0,0,0,0,0,0,0,0,0,0,0,0,0,0,0,0,0,0,0,0,0,0,0,0,0,0,0,0,0,0,0,0,0,0,0,0,0,0,0,0,0,0,0,0,0,0,0,0,0,0,0,0,0,0,0,0,0,0,0,0,0,0,0,0,0,0,0,0,0,0,0,0,0,0,0,0,0,0,0,0,0,0,0,0,0,0,0,0,0,0,0,0,0,0,0,0,0,0,0,0,0,0,0,0
"WADE-003-210","EB10PH008",0.83,0,0,0.073,0.019,0.008,0,0,0,0.032,0.004,0,0,0,0,0.001,0,0,0.001,0,0,0.008,0.001,0,0,0.01,0.001,0,0,0,0,0,0,0.002,0,0,0,0.001,0,0,0,0,0,0.003,0,0,0.001,0,0,0.001,0,0,0,0.001,0,0,0,0,0,0,0,0,0,0,0.001,0,0,0.001,0,0,0,0,0,0,0,0.001,0,0.001,0,0,0,0,0,0,0,0,0,0,0,0,0,0,0,0,0,0,0,0,0,0,0,0,0,0,0,0,0,0,0,0,0,0,0,0,0,0,0,0,0,0,0,0,0,0,0,0,0,0,0,0,0,0,0,0,0,0,0,0,0,0,0,0,0,0,0,0,0,0,0,0,0,0,0,0,0,0,0,0,0,0,0,0,0,0,0,0,0,0,0,0,0,0,0,0,0,0,0,0,0,0,0,0,0,0,0,0,0,0,0,0,0,0,0,0,0,0,0,0,0,0,0,0,0,0,0,0,0,0,0,0,0,0,0,0,0,0,0,0,0,0,0,0,0,0,0,0,0,0,0,0,0,0,0,0,0,0,0,0,0,0,0,0,0,0,0,0,0,0,0,0,0,0,0,0,0,0,0,0,0,0,0,0,0,0,0,0,0,0,0,0,0,0,0,0,0,0,0,0,0,0,0,0,0,0,0
"WADE-003-153-A","EB10PH036",0.199,0.103,0,0.011,0.15,0.005,0,0.007,0,0.047,0.025,0,0,0.116,0,0,0,0,0.002,0,0,0.023,0.029,0.002,0,0.053,0.006,0,0,0,0.004,0.009,0,0.001,0,0.007,0.004,0.014,0,0,0,0,0,0.004,0,0,0.031,0,0,0.01,0,0,0,0.006,0,0.004,0.005,0,0.002,0,0,0.003,0.003,0,0.012,0.01,0,0.001,0,0,0.001,0,0,0.003,0,0.001,0,0.009,0,0,0,0.001,0.002,0,0,0,0,0.008,0,0.002,0.002,0,0,0.006,0,0,0.001,0,0,0,0.012,0,0,0,0,0,0.009,0,0,0,0,0,0,0,0,0,0,0,0.001,0,0,0,0.001,0,0,0,0,0,0,0,0,0,0,0,0.003,0,0.003,0.001,0,0,0.002,0,0,0,0,0,0,0,0,0,0,0.001,0.002,0,0,0,0,0,0,0,0,0,0,0,0,0,0.003,0.003,0,0,0,0,0,0.001,0,0,0,0,0,0,0,0,0,0,0,0,0,0,0,0,0,0,0.001,0,0,0,0,0,0.002,0,0,0,0,0,0,0,0.001,0,0.001,0,0,0,0,0,0,0,0,0,0,0,0,0,0,0.001,0,0,0.001,0,0,0,0.002,0,0,0,0,0,0,0,0,0,0,0,0.001,0,0,0,0,0,0,0,0.001,0,0,0,0,0,0,0,0,0,0,0.001,0,0,0,0,0,0,0,0,0,0,0,0,0,0,0,0,0,0.001,0,0,0,0,0
"WADE-003-153-B","EB10PH036",0.167,0.113,0,0.008,0.199,0.008,0,0.013,0,0.078,0.036,0,0,0.051,0,0,0,0,0,0,0.001,0.034,0.036,0.004,0,0.067,0,0,0,0,0.001,0.004,0,0,0,0.026,0,0,0,0,0,0,0,0.007,0,0,0.027,0,0,0.012,0,0,0,0.012,0,0.002,0.005,0,0,0,0.008,0,0,0,0,0,0,0.011,0,0,0,0,0,0,0,0,0,0,0,0.005,0,0,0,0,0,0,0,0.004,0,0,0,0,0,0.003,0,0,0,0,0.014,0,0,0,0,0,0,0,0.008,0,0,0,0,0,0,0,0,0,0,0.006,0.004,0,0,0,0,0,0,0,0,0,0,0,0,0,0,0,0.003,0,0,0,0,0,0.003,0,0,0,0,0,0,0,0,0,0,0,0,0,0,0,0,0,0,0,0,0,0,0,0,0,0,0,0,0,0,0,0,0,0,0,0,0,0,0,0,0,0,0,0,0,0,0,0,0,0,0,0,0,0,0,0,0,0.002,0,0,0,0,0,0,0,0,0.003,0,0,0,0,0,0,0,0,0,0,0,0,0,0,0,0,0,0,0,0,0,0,0,0,0,0,0.005,0,0,0,0,0,0,0,0,0,0,0,0,0,0,0,0.005,0,0,0,0,0,0,0,0,0.004,0,0,0,0,0,0,0,0,0,0,0,0,0,0,0,0,0,0,0,0,0,0,0,0,0
"WADE-003-154","EB11PH022",0.001,0.016,0,0.004,0.107,0.023,0,0,0.003,0.112,0.014,0,0,0.107,0,0,0,0,0.009,0,0.002,0.028,0.007,0.003,0,0.115,0.013,0,0,0.014,0,0.017,0.002,0.001,0,0.002,0,0.037,0,0,0,0,0.003,0.005,0,0,0.028,0.001,0.004,0.011,0,0,0,0.013,0,0.002,0.005,0,0.001,0,0,0.018,0.005,0,0.004,0.013,0.114,0.008,0.001,0,0,0.003,0,0.001,0,0.003,0.005,0.018,0,0,0,0,0,0.01,0.002,0,0,0.005,0,0.003,0.021,0,0,0,0,0,0,0,0.004,0,0.004,0,0,0,0,0.002,0.002,0,0,0,0.001,0,0,0,0.001,0.005,0,0,0.008,0,0,0,0.007,0,0,0,0,0.001,0,0.003,0,0,0,0,0.004,0,0.001,0.002,0,0.001,0.003,0,0,0,0.002,0,0,0,0,0,0,0,0.001,0.001,0,0,0,0.001,0,0,0,0,0,0,0,0,0,0,0,0,0,0,0,0,0,0,0,0,0,0,0,0,0,0,0,0.001,0,0,0,0,0,0.001,0,0,0,0,0,0,0,0,0,0,0,0,0,0,0,0,0,0,0,0,0,0,0,0,0,0,0,0,0,0,0,0,0,0,0,0,0,0,0,0,0,0,0,0,0,0,0,0,0,0,0,0,0,0,0,0,0,0,0,0,0,0,0,0,0,0,0,0,0,0,0,0,0,0,0,0,0,0,0,0,0,0,0,0,0,0,0,0,0,0,0,0,0
"WADE-003-155","EB11PH042",0.004,0.007,0,0.026,0.129,0.024,0,0,0,0.132,0.028,0,0,0.238,0,0.006,0,0,0.032,0,0.001,0.045,0,0.004,0,0.021,0.011,0,0,0.001,0.003,0.003,0.063,0.002,0,0,0,0.026,0,0,0,0,0,0.002,0,0,0.054,0,0.002,0.003,0,0,0,0.017,0,0.008,0.007,0,0.017,0,0.002,0.011,0.006,0,0.005,0.003,0,0.004,0.001,0,0.002,0,0,0.005,0,0.006,0.005,0.002,0,0,0,0,0,0.003,0,0,0,0.005,0,0.002,0.002,0,0,0,0,0,0,0,0.006,0,0.001,0,0,0,0,0,0.001,0,0,0,0.001,0,0,0,0,0.001,0.003,0,0,0,0,0,0,0,0,0,0,0,0,0,0,0,0,0,0.002,0,0,0.001,0,0,0.001,0,0,0,0,0,0,0.001,0,0,0,0,0,0,0,0,0,0,0,0,0,0,0,0,0,0,0,0,0,0,0,0,0,0,0,0,0,0,0,0,0,0,0,0,0,0,0,0,0.002,0,0,0,0,0,0,0,0,0,0,0,0,0,0,0,0,0,0,0,0,0,0,0,0,0,0,0,0,0,0,0,0,0,0,0,0,0,0,0,0,0,0,0,0,0,0,0,0,0,0,0,0,0,0,0,0,0,0,0,0,0,0,0,0,0,0,0,0,0,0,0,0,0,0,0,0,0,0,0,0,0,0,0,0,0,0,0,0,0,0,0,0,0,0,0,0
"WADE-003-157","EB12PH023",0.051,0.002,0,0.072,0.148,0.049,0,0,0,0.048,0.031,0,0,0.043,0,0.01,0,0,0.003,0,0.003,0.051,0.004,0.004,0,0.006,0.008,0,0,0.005,0.004,0.024,0.002,0,0,0,0,0.09,0,0,0,0,0.005,0.014,0,0,0.049,0.001,0.002,0.008,0,0,0,0.007,0,0,0.007,0,0.003,0,0.005,0.02,0.001,0,0.018,0.027,0,0.002,0.001,0,0.002,0,0,0.007,0,0.013,0.001,0.065,0.002,0,0,0,0.002,0.004,0.002,0,0,0.006,0,0.019,0.003,0,0,0,0,0,0,0,0.008,0,0.002,0,0,0,0,0,0.006,0,0,0,0,0,0,0,0,0,0,0,0.002,0,0,0,0.002,0,0,0,0,0.003,0,0.003,0,0,0,0,0.009,0,0,0.002,0,0,0,0,0,0,0,0,0,0.001,0,0,0,0,0,0.001,0,0,0,0,0,0,0,0,0,0,0,0,0,0,0,0,0,0,0,0,0,0,0,0,0,0,0,0.002,0,0,0,0.001,0,0,0,0,0.001,0,0,0,0,0,0,0,0,0,0,0,0,0,0,0,0,0,0,0,0,0,0,0,0,0,0,0,0,0,0,0,0,0,0,0,0,0,0,0,0.001,0,0,0,0,0,0,0,0,0,0,0,0,0,0,0,0,0,0,0,0,0,0,0,0,0,0,0,0,0,0,0,0,0,0,0,0,0,0,0,0,0,0,0,0,0,0,0,0,0,0,0,0,0,0
"WADE-003-158","EB12SH034",0.341,0.036,0,0.013,0.004,0.017,0,0,0.012,0.001,0.144,0.041,0,0.072,0,0.013,0,0,0,0,0.001,0,0.153,0,0,0.001,0,0.001,0,0,0,0.001,0,0,0,0.001,0,0.001,0,0,0.001,0,0,0.076,0,0,0,0,0,0,0,0,0,0,0,0,0,0,0.001,0,0,0,0,0,0,0,0,0,0,0,0,0,0,0,0,0,0.01,0.002,0.034,0,0,0,0,0,0,0,0,0,0,0.001,0,0,0,0,0,0,0.001,0,0,0,0,0,0,0,0,0,0.014,0,0,0,0,0,0,0,0,0,0,0,0,0,0,0,0,0,0,0,0,0,0,0,0,0,0,0,0,0,0,0,0,0,0,0,0,0,0,0,0,0,0,0,0,0,0,0,0,0,0,0,0,0.001,0,0,0,0,0,0,0,0.001,0,0,0,0,0,0,0,0,0,0,0,0,0,0,0,0,0,0,0,0,0,0,0,0,0,0,0,0,0,0,0,0,0,0,0.002,0,0,0,0,0,0,0,0,0,0,0,0,0,0,0,0,0,0,0,0,0,0,0,0,0,0,0,0,0,0,0,0,0,0,0,0,0,0,0,0,0,0,0,0,0,0,0,0,0.001,0,0,0,0,0,0,0,0,0,0,0,0,0,0,0,0,0,0,0,0,0,0,0,0,0,0,0,0,0,0,0,0,0
"WADE-003-159","EB21GAM025",0.003,0.011,0,0.048,0.046,0.028,0,0,0,0.068,0.008,0,0,0.025,0,0,0,0,0.002,0,0,0.017,0,0.006,0,0.064,0.005,0,0,0,0,0.015,0.015,0,0,0.028,0,0.017,0,0,0,0,0,0.138,0,0,0.02,0.001,0,0.003,0,0,0,0.028,0,0,0.003,0,0,0,0.002,0.01,0.004,0,0.155,0.009,0,0.004,0,0,0,0,0,0.017,0,0.041,0.004,0.013,0.026,0.002,0,0,0.01,0.007,0.002,0,0,0.004,0,0.001,0.002,0,0,0,0,0,0,0,0.003,0,0.021,0,0,0,0,0.002,0.002,0,0,0,0,0,0,0,0,0,0.009,0,0.01,0,0,0,0.014,0,0,0,0,0,0,0.004,0,0,0,0,0.001,0,0,0.003,0,0.001,0.001,0,0,0,0.01,0,0,0,0,0,0,0,0,0.001,0,0,0,0,0,0,0,0,0,0,0,0,0,0,0,0,0,0,0,0,0,0,0,0,0,0,0,0,0,0,0,0,0,0,0,0,0,0,0,0,0,0,0.002,0,0,0,0,0,0,0,0,0,0,0,0,0,0,0,0,0,0,0,0,0,0,0,0,0,0,0,0,0,0,0,0,0,0,0,0,0,0,0,0,0,0,0,0,0,0,0,0,0,0,0,0,0,0,0,0,0,0,0,0,0,0,0,0,0,0,0,0,0,0,0,0,0,0,0,0,0,0,0,0,0,0,0,0,0,0,0,0
"WADE-003-160","EB21GAM028",0.049,0.001,0,0.066,0.098,0.107,0,0,0.011,0.102,0.025,0,0,0.001,0,0.012,0,0,0.008,0,0,0.037,0,0.002,0,0.065,0.005,0,0,0.004,0,0.014,0.002,0.002,0,0.015,0,0.061,0,0,0,0,0,0.057,0,0,0.019,0,0.001,0.01,0,0,0,0.024,0,0,0.01,0,0,0,0.004,0.036,0.001,0,0.011,0.008,0.008,0.005,0,0,0.002,0,0,0.005,0,0.012,0,0.024,0.004,0,0,0,0.008,0.003,0.016,0,0,0.01,0,0.002,0.005,0,0,0,0,0,0,0,0.006,0,0.003,0,0,0,0,0.001,0.002,0,0,0,0,0,0,0,0,0,0.003,0,0.001,0,0,0,0.001,0,0,0,0,0,0,0.003,0,0,0,0,0.001,0,0,0.001,0,0,0,0,0,0,0.002,0,0,0.001,0,0.004,0,0,0,0,0,0,0,0,0,0,0,0,0,0,0,0,0,0,0,0,0,0,0,0,0,0,0,0,0,0,0,0,0,0,0,0,0,0,0,0,0,0,0,0,0,0,0,0,0,0,0,0,0,0,0,0,0,0,0,0,0,0,0,0,0,0,0,0,0,0,0,0,0,0,0,0,0,0,0,0,0,0,0,0,0,0,0,0,0,0,0,0,0,0,0,0,0,0,0,0,0,0,0,0,0,0,0,0,0,0,0,0,0,0,0,0,0,0,0,0,0,0,0,0,0,0,0,0,0,0,0,0,0,0,0
"WADE-003-161","EB22GAM003",0.018,0.028,0,0.003,0.233,0.007,0,0,0,0.098,0,0,0,0.215,0,0.005,0,0,0,0,0,0.031,0,0.005,0,0.011,0.028,0.001,0,0.016,0.003,0.004,0.002,0,0,0,0,0.012,0,0,0,0,0.002,0.004,0,0,0.015,0,0,0.039,0,0,0,0.014,0,0.006,0.019,0,0.004,0,0.002,0.013,0,0,0.003,0.01,0,0.007,0.016,0,0.005,0,0,0.003,0,0.003,0,0.011,0,0,0,0.003,0,0,0,0,0,0.008,0,0.015,0.005,0,0,0,0,0,0,0,0.002,0,0.002,0,0,0,0,0.005,0.02,0,0,0,0.004,0,0,0,0,0,0,0,0.026,0,0,0,0,0,0,0,0,0,0,0,0,0,0,0,0.002,0,0,0.002,0,0,0,0,0,0,0,0,0,0,0,0.001,0,0,0.002,0,0,0,0,0,0,0,0,0,0,0,0,0,0,0,0,0,0,0,0,0,0,0,0,0,0,0,0,0.003,0,0,0,0,0,0,0,0,0.001,0,0,0,0,0,0,0,0,0,0,0,0,0,0,0,0,0,0,0,0,0,0,0,0,0,0,0,0,0,0,0,0,0,0,0,0,0,0,0,0,0,0,0,0.001,0,0,0,0,0,0,0,0,0,0,0,0,0,0,0,0,0,0,0,0,0,0,0,0,0,0,0,0,0,0,0,0,0,0,0,0,0,0,0,0,0,0,0,0,0,0,0,0,0,0
"WADE-003-163","EB22GAM023",0.083,0.097,0,0.059,0.109,0.009,0,0,0.001,0.062,0.05,0,0,0.287,0,0.001,0,0,0.003,0,0,0.025,0.005,0,0,0.043,0.005,0,0,0,0.001,0.006,0.003,0.002,0,0.003,0,0.007,0,0,0,0,0,0.018,0,0,0.006,0.001,0,0.004,0,0,0,0.01,0,0,0.023,0,0.005,0,0.002,0.014,0.004,0,0.003,0.002,0,0.005,0.001,0,0,0.008,0,0.003,0.001,0.002,0.002,0.001,0.002,0,0,0,0,0.001,0.001,0,0,0.001,0,0,0.001,0,0,0,0,0,0,0,0,0,0.001,0,0,0,0,0,0.004,0,0,0,0,0,0,0.001,0,0,0,0,0,0,0,0,0,0,0,0,0,0,0,0,0,0,0,0,0,0,0,0,0,0,0.002,0,0.005,0,0,0,0,0.002,0,0,0,0,0,0,0,0,0,0,0,0,0,0,0,0,0,0,0,0,0,0,0,0,0,0,0,0,0,0,0,0,0,0,0,0,0,0,0,0,0,0,0,0,0,0,0,0,0,0,0,0,0,0,0,0,0,0,0,0,0,0,0,0,0,0,0,0,0,0,0,0,0,0,0,0,0,0,0,0,0,0,0,0,0,0,0,0,0,0,0,0,0,0,0,0,0,0,0,0,0,0,0,0,0,0,0,0,0,0,0,0,0,0,0,0,0,0,0.001,0,0,0,0,0,0,0,0,0,0,0,0,0,0,0,0,0,0
"WADE-003-164","EB22GAM026",0.004,0.001,0,0.059,0.047,0.006,0,0,0,0.063,0.176,0,0,0.015,0,0,0,0,0,0,0,0.029,0,0.001,0,0.007,0.002,0,0,0.046,0,0.145,0.03,0,0,0.001,0,0.005,0,0,0,0,0.006,0.016,0,0,0.003,0.005,0.013,0.023,0,0,0,0.092,0,0.001,0.004,0,0.09,0,0.001,0.009,0,0,0.011,0,0,0.002,0,0,0,0,0,0.011,0,0.004,0.02,0.018,0,0,0,0,0.001,0.001,0.001,0,0,0.002,0,0,0.001,0,0,0,0,0,0,0,0.002,0,0,0,0,0,0,0,0.003,0,0,0,0,0,0,0,0,0,0,0,0.001,0.003,0,0,0,0,0,0,0,0,0,0,0,0,0,0,0,0,0,0,0,0,0.006,0,0.005,0,0,0,0,0.003,0,0,0,0,0,0,0,0,0,0,0,0,0,0,0,0,0,0,0,0,0,0,0,0,0,0,0,0,0,0,0,0,0,0,0,0,0,0,0,0,0,0,0,0,0,0,0,0,0,0,0,0,0,0,0,0,0,0,0,0,0,0,0,0,0,0,0,0,0,0,0,0,0,0,0,0,0,0,0,0,0,0,0,0,0,0,0,0,0,0,0,0,0,0,0,0,0,0,0,0,0,0,0,0,0.001,0,0,0,0,0,0,0,0,0,0,0,0,0,0,0,0,0,0,0,0,0,0,0,0,0,0,0,0,0,0,0,0
"WADE-003-166","EB22SH001",0.361,0.175,0,0.064,0.01,0,0,0.011,0.014,0.021,0.061,0,0,0.043,0,0,0,0,0.137,0,0,0.002,0.001,0,0,0.002,0,0.001,0,0,0,0,0.006,0.004,0,0.002,0,0.002,0,0,0,0,0,0.001,0,0,0,0.006,0,0.001,0,0,0,0.001,0,0,0.008,0,0,0,0,0,0.003,0,0,0,0,0,0,0,0,0,0,0,0,0,0.035,0.001,0,0,0,0.006,0,0,0,0,0,0,0,0,0,0,0,0,0,0,0,0,0,0,0,0,0,0,0,0,0.016,0,0,0,0,0,0,0,0,0,0,0,0,0,0,0,0,0.001,0,0,0,0,0,0,0,0,0,0,0.001,0,0,0,0,0,0,0,0,0,0,0,0,0,0,0,0,0,0,0,0,0,0,0,0,0,0,0,0,0,0,0,0,0,0,0,0,0,0,0,0,0,0,0,0,0,0,0,0,0,0,0,0,0,0,0,0,0,0,0,0,0,0,0,0,0,0,0,0,0,0,0,0,0,0,0,0,0,0,0,0,0,0,0,0,0,0,0,0,0,0,0,0,0,0,0,0,0,0,0,0,0,0,0,0,0,0,0,0,0,0,0,0,0,0,0,0,0,0,0,0,0,0,0,0,0,0,0,0,0,0,0,0,0,0,0,0,0,0,0,0,0,0,0,0,0,0,0,0,0,0
"WADE-003-167","EB22SH004",0.142,0.174,0,0.036,0.035,0.013,0,0,0,0.199,0.013,0,0,0.076,0,0,0,0,0.031,0,0.02,0.061,0.007,0,0,0.004,0.001,0.005,0,0.009,0.014,0,0,0.001,0,0.001,0,0,0,0,0,0,0,0.001,0,0,0.001,0,0.001,0.013,0,0,0,0.005,0,0,0.004,0,0.006,0,0,0.003,0.031,0,0.036,0,0,0.001,0.008,0,0.001,0,0,0,0,0.001,0.002,0,0,0,0,0.002,0,0,0,0,0,0.001,0,0,0.001,0,0,0,0,0,0,0,0.002,0,0,0,0,0,0,0,0,0,0,0,0.017,0,0,0,0,0,0,0,0,0.019,0,0,0,0,0,0,0,0,0,0,0,0,0,0,0,0,0,0,0,0,0,0,0,0,0,0,0,0,0,0,0,0,0,0,0,0,0,0,0,0,0,0,0,0,0,0,0,0,0,0,0,0,0,0,0,0,0,0,0,0,0,0,0,0,0,0,0,0,0,0,0,0,0,0,0,0,0,0,0,0,0,0,0,0,0,0,0,0,0,0,0,0,0,0,0,0,0,0,0,0.001,0,0,0,0,0,0,0,0,0,0,0,0,0,0,0,0,0,0,0,0,0,0,0,0,0,0,0,0,0,0,0,0,0,0,0,0,0,0,0,0,0,0,0,0,0,0,0,0,0,0,0,0,0,0,0,0,0,0,0,0,0,0,0,0,0
"WADE-003-168","EB23GAM001",0.874,0,0,0,0,0.009,0,0,0,0,0,0,0,0,0,0,0,0,0,0,0,0,0,0,0,0,0,0,0,0,0,0,0,0,0,0.006,0,0,0,0,0,0,0,0,0,0,0,0,0,0.012,0,0,0,0,0,0,0,0,0,0,0,0,0,0,0,0,0,0,0,0,0,0,0,0,0,0,0,0,0,0,0,0,0,0,0,0,0,0,0,0,0,0,0,0,0,0,0,0,0,0,0,0,0,0,0,0,0,0,0,0,0,0,0,0,0,0,0,0,0,0,0,0,0,0,0,0,0,0,0,0,0,0,0,0,0,0,0,0,0,0,0,0,0,0,0,0,0,0,0,0,0,0,0,0,0,0,0,0,0,0,0,0,0,0,0,0,0,0,0,0,0,0,0,0,0.1,0,0,0,0,0,0,0,0,0,0,0,0,0,0,0,0,0,0,0,0,0,0,0,0,0,0,0,0,0,0,0,0,0,0,0,0,0,0,0,0,0,0,0,0,0,0,0,0,0,0,0,0,0,0,0,0,0,0,0,0,0,0,0,0,0,0,0,0,0,0,0,0,0,0,0,0,0,0,0,0,0,0,0,0,0,0,0,0,0,0,0,0,0,0,0,0,0,0,0,0,0,0,0,0,0,0,0,0,0,0
"WADE-003-169-A","EB23GAM013",0.953,0,0,0,0,0.005,0,0,0,0,0,0,0,0,0,0,0,0,0,0,0,0,0,0,0,0,0,0,0,0,0,0,0,0,0,0,0,0,0,0,0,0,0,0,0,0,0,0,0,0,0,0,0,0,0,0,0,0,0,0,0,0.004,0,0,0,0,0,0,0,0,0,0,0,0,0,0,0,0,0,0,0,0,0,0,0,0,0,0,0,0,0,0,0,0,0,0,0,0,0,0,0,0,0,0,0,0,0,0,0,0,0,0,0,0,0,0,0,0,0,0,0,0,0,0,0,0,0,0,0,0,0,0,0,0,0,0,0,0,0,0,0,0,0,0,0,0,0,0,0,0,0,0,0,0,0,0,0,0,0,0,0,0,0,0,0,0,0,0,0,0,0,0,0,0,0.038,0,0,0,0,0,0,0,0,0,0,0,0,0,0,0,0,0,0,0,0,0,0,0,0,0,0,0,0,0,0,0,0,0,0,0,0,0,0,0,0,0,0,0,0,0,0,0,0,0,0,0,0,0,0,0,0,0,0,0,0,0,0,0,0,0,0,0,0,0,0,0,0,0,0,0,0,0,0,0,0,0,0,0,0,0,0,0,0,0,0,0,0,0,0,0,0,0,0,0,0,0,0,0,0,0,0,0,0,0,0
"WADE-003-169-B","EB23GAM013",0.075,0.451,0,0,0.028,0.037,0,0,0.013,0,0,0,0,0.146,0,0,0,0,0,0,0,0.002,0,0,0,0.013,0,0.06,0,0,0,0.017,0,0,0,0,0,0,0,0,0,0,0,0.032,0,0,0.012,0,0.002,0,0,0,0,0,0,0,0,0,0,0,0.03,0.003,0,0,0,0,0,0,0,0,0,0.032,0,0,0,0,0.001,0.003,0.003,0,0,0,0,0,0.004,0,0,0,0,0,0,0,0,0.018,0,0,0,0,0,0,0,0,0,0,0,0,0.004,0,0,0,0,0,0,0,0,0,0,0,0,0,0,0,0,0,0,0,0,0,0,0,0,0,0,0,0,0,0,0,0,0.014,0,0,0,0,0,0,0,0,0,0,0,0,0,0,0,0,0,0,0,0,0,0,0,0,0,0,0,0,0,0,0,0,0,0,0,0,0,0,0,0,0,0,0,0,0,0,0,0,0,0,0,0,0,0,0,0,0,0,0,0,0,0,0,0,0,0,0,0,0,0,0,0,0,0,0,0,0,0,0,0,0,0,0,0,0,0,0,0,0,0,0,0,0,0,0,0,0,0,0,0,0,0,0,0,0,0,0,0,0,0,0,0,0,0,0,0,0,0,0,0,0,0,0,0,0,0,0,0,0,0,0,0,0,0,0,0,0,0,0,0,0,0,0,0,0
"WADE-003-219","EB23SH001",0.019,0.009,0,0.024,0.241,0.022,0,0,0.113,0.054,0.008,0,0,0.002,0,0.01,0,0,0.007,0.027,0.002,0.059,0,0,0,0.018,0.077,0,0,0.001,0.001,0.001,0,0,0,0.001,0,0.169,0,0,0,0,0,0.002,0,0.001,0.004,0.001,0.002,0.07,0.001,0,0,0.008,0,0,0.022,0,0.001,0,0,0.001,0.002,0,0.003,0.001,0,0.002,0.001,0,0,0,0,0.002,0,0,0,0.001,0,0,0,0,0.001,0,0,0,0,0.002,0,0.001,0.001,0,0,0,0,0,0,0,0,0,0,0,0,0,0,0,0.003,0,0,0,0,0,0,0,0,0,0,0,0,0,0,0,0,0,0,0,0,0,0,0,0,0,0,0,0.001,0,0,0,0,0,0,0,0,0,0,0,0,0.001,0,0,0,0,0,0,0,0,0,0,0,0,0,0,0,0,0,0,0,0,0,0,0,0,0,0,0,0,0,0,0,0,0,0,0,0,0,0,0,0,0,0,0,0,0,0,0,0,0,0,0,0,0,0,0,0,0,0,0,0,0,0,0,0,0,0,0,0,0,0,0,0,0,0,0,0,0,0,0,0.001,0,0,0,0,0,0,0,0,0,0,0,0,0,0,0,0,0,0,0,0,0,0,0,0,0,0,0,0,0,0,0,0,0,0,0,0,0,0,0,0,0,0,0,0,0,0,0,0,0,0,0,0,0,0,0,0,0
"WADE-003-171","EB23SH004",0.031,0,0,0,0,0,0,0.169,0,0,0,0,0,0,0,0,0,0,0,0,0,0,0,0,0,0,0,0,0,0,0,0,0,0,0,0,0,0,0,0,0,0,0,0,0,0,0,0,0,0,0,0,0,0,0,0,0,0,0,0,0,0,0,0,0,0,0,0,0,0,0,0,0,0,0,0,0,0,0,0,0,0,0,0,0,0,0,0,0,0,0,0,0,0,0,0,0,0,0,0,0,0,0,0,0,0,0,0,0,0,0,0,0,0,0,0,0,0,0,0,0,0,0,0,0,0,0,0,0,0,0.738,0,0,0,0,0,0,0,0,0,0,0,0,0,0,0,0,0,0,0,0,0,0,0,0,0,0,0,0,0,0,0,0,0,0,0,0,0,0,0,0,0,0,0,0,0,0.062,0,0,0,0,0,0,0,0,0,0,0,0,0,0,0,0,0,0,0,0,0,0,0,0,0,0,0,0,0,0,0,0,0,0,0,0,0,0,0,0,0,0,0,0,0,0,0,0,0,0,0,0,0,0,0,0,0,0,0,0,0,0,0,0,0,0,0,0,0,0,0,0,0,0,0,0,0,0,0,0,0,0,0,0,0,0,0,0,0,0,0,0,0,0,0,0,0,0,0,0,0,0,0,0,0,0,0,0
"WADE-003-172","EB24GAM022",0.013,0.009,0,0.172,0.114,0.004,0,0,0.043,0.162,0.009,0,0,0.039,0,0.001,0,0,0,0,0.001,0.041,0,0.002,0,0.013,0.007,0,0,0.002,0,0.086,0.002,0,0,0.005,0,0.044,0,0,0,0,0,0.018,0,0,0.03,0,0.001,0.002,0,0,0,0.002,0,0,0.02,0,0,0,0.001,0.001,0,0,0,0.047,0.005,0,0,0,0.015,0.001,0,0.001,0,0.004,0.002,0.003,0.001,0,0,0,0.011,0.005,0.02,0,0,0.006,0,0.001,0,0,0,0,0,0,0,0,0.006,0,0.002,0,0,0,0,0.001,0.002,0,0,0,0,0,0,0,0,0.001,0.001,0,0.005,0,0,0,0,0,0,0,0,0,0,0.008,0,0,0,0,0,0,0,0.002,0,0,0.003,0,0,0,0,0,0,0,0,0,0,0,0,0.001,0,0,0,0,0,0,0,0,0,0,0,0,0,0,0,0,0,0,0,0,0,0,0,0,0,0,0,0,0,0,0,0,0,0,0,0,0,0,0,0,0,0,0,0,0,0,0,0,0,0,0,0,0,0,0,0,0,0,0,0,0,0,0,0,0,0,0,0,0,0,0,0,0,0,0,0,0.001,0,0,0,0,0,0,0,0,0,0,0,0,0,0,0,0,0,0,0,0,0,0,0,0,0,0,0,0,0,0,0,0,0,0,0,0,0,0,0,0,0,0.001,0,0,0,0,0,0,0,0,0,0,0,0
"WADE-003-174","EB24GAM028",0.02,0.178,0,0.007,0.096,0.003,0,0,0,0.025,0.313,0,0,0.093,0,0.004,0,0,0.001,0,0,0.014,0,0,0,0.001,0.007,0,0,0.037,0.001,0,0.001,0,0,0.001,0,0.003,0,0,0,0,0,0.009,0,0,0.002,0,0.002,0.003,0,0,0,0.019,0,0,0.004,0,0.001,0,0.001,0.004,0,0,0.003,0.003,0,0,0.001,0,0,0.003,0,0,0,0.003,0,0.022,0.001,0,0,0.016,0.001,0.002,0,0,0,0.005,0,0,0.005,0,0,0,0,0,0,0,0.01,0,0.009,0,0,0,0,0.003,0.021,0,0,0,0.001,0,0,0,0,0,0.002,0,0.004,0.001,0,0,0,0,0,0,0,0,0,0.018,0,0,0,0,0.002,0,0,0,0,0,0.004,0,0,0,0,0,0,0,0,0,0,0,0,0,0,0,0,0.01,0,0,0,0,0,0,0,0,0,0,0,0,0,0,0,0,0,0,0,0,0,0,0,0,0,0,0,0,0,0,0,0,0,0,0,0,0,0,0,0,0,0,0,0,0,0,0,0,0,0,0,0,0,0,0,0,0,0,0,0,0,0,0,0,0,0,0,0,0,0,0,0,0,0,0,0,0,0,0,0,0,0,0,0,0,0,0,0,0,0,0,0,0,0,0,0,0,0,0,0,0,0,0,0,0,0,0,0,0,0,0,0,0,0,0,0,0,0,0,0,0,0,0,0,0,0,0
"WADE-003-176","EB24GAM039",0.041,0.039,0,0.006,0.096,0.007,0,0,0,0.062,0.219,0,0,0.248,0,0,0,0,0.002,0,0,0.044,0,0,0,0.032,0.001,0,0,0,0.001,0.003,0.001,0.002,0,0,0,0.004,0,0,0,0,0,0.014,0,0,0.001,0.011,0,0.002,0,0,0,0.005,0,0,0.012,0,0.003,0,0,0.002,0,0,0.008,0.001,0,0.002,0,0,0.001,0.046,0,0.002,0,0.001,0.014,0.002,0.028,0.002,0,0,0.002,0.001,0.001,0,0,0.006,0,0.002,0.002,0,0,0,0,0,0,0,0,0,0.001,0,0,0,0,0,0.005,0,0,0,0.002,0,0,0,0,0,0.001,0,0,0,0,0,0,0,0,0,0,0,0,0,0,0,0,0,0.003,0,0,0.001,0,0.001,0,0,0.006,0,0,0,0,0.001,0,0,0,0,0,0,0,0,0,0,0,0,0,0,0,0,0,0,0,0,0,0,0,0,0,0,0,0,0,0,0,0,0,0,0,0,0,0,0,0,0,0,0,0,0,0,0,0,0,0,0,0,0,0,0,0,0,0,0,0,0,0,0,0,0,0,0,0,0,0,0,0,0,0,0,0,0,0,0,0,0,0,0,0,0,0,0,0,0,0,0,0,0,0,0,0,0,0,0,0,0,0,0,0,0,0,0,0,0,0,0,0,0,0,0,0,0,0,0,0,0,0,0,0,0,0,0,0,0,0,0,0,0,0,0,0,0
"WADE-003-177","EB24GAM043",0.104,0.012,0,0.036,0.088,0.124,0,0,0.001,0.083,0.039,0.002,0.001,0.159,0,0,0,0,0.005,0,0,0.011,0.001,0,0,0.033,0.007,0,0,0.002,0.002,0.015,0,0.002,0,0.021,0,0.012,0,0,0.004,0,0,0.024,0,0,0.01,0.029,0.002,0.004,0.001,0,0,0.011,0,0.001,0.005,0,0.001,0,0,0.002,0.003,0,0.002,0.007,0,0,0.008,0,0.001,0,0,0.001,0,0.003,0.005,0.001,0.006,0,0,0.001,0.005,0.003,0.001,0,0,0.01,0,0.011,0.002,0,0,0,0,0,0.009,0.027,0.003,0,0,0,0,0,0,0,0.001,0,0,0,0,0,0,0.004,0.001,0,0,0,0.002,0,0,0,0,0,0,0,0,0,0,0,0,0,0,0,0.001,0,0,0,0,0,0.011,0,0.005,0,0,0,0.001,0,0,0,0,0,0,0.001,0,0,0,0,0,0,0,0,0,0,0,0,0,0,0,0,0,0,0,0,0,0,0,0,0,0,0,0,0,0.005,0,0.001,0,0,0,0.001,0.001,0,0,0,0,0,0,0,0,0,0,0,0,0,0,0,0,0,0,0,0,0,0,0,0,0,0,0,0,0,0,0,0,0,0,0,0,0,0.001,0,0,0,0,0,0,0,0,0,0,0,0,0,0,0,0,0,0,0,0,0,0,0,0,0,0,0,0,0,0,0,0,0,0,0,0,0,0,0,0,0,0,0,0,0,0,0,0,0,0.001,0,0,0,0,0,0
"WADE-003-179","EB24GAM046",0.125,0.005,0,0.002,0.007,0.046,0,0,0,0.004,0.411,0,0,0.016,0,0,0,0,0.003,0,0,0.001,0.218,0,0,0.001,0,0,0,0,0.001,0.002,0,0,0,0,0,0.001,0,0,0,0,0,0.058,0,0,0,0.029,0,0.001,0,0,0,0,0,0,0.001,0,0,0,0,0,0.002,0,0.003,0,0,0,0.005,0,0,0,0,0,0,0,0.045,0,0,0,0,0,0,0,0,0,0,0,0,0,0,0,0,0,0,0,0,0,0,0,0,0,0,0,0,0,0.005,0,0,0,0.001,0,0,0.002,0,0,0,0,0,0,0,0,0,0,0,0,0,0,0,0,0,0,0,0,0,0,0,0,0,0.001,0,0,0.001,0,0,0,0,0,0,0,0,0,0,0,0,0,0,0,0,0,0,0,0,0,0,0,0,0,0,0,0,0,0,0,0,0,0,0,0,0,0,0,0,0,0,0,0,0,0,0,0,0,0,0,0,0,0,0,0,0,0,0,0,0,0,0,0,0,0,0,0,0,0,0,0,0,0,0,0,0,0,0,0,0,0,0,0,0,0,0,0,0,0,0,0,0,0,0,0,0,0,0,0,0,0,0,0,0,0,0,0,0,0,0,0,0,0,0,0,0,0,0,0,0,0,0,0,0,0,0,0,0,0,0,0,0,0,0,0,0,0,0,0,0,0
"WADE-003-181","EB25GAM024",0.089,0.047,0,0.012,0.17,0.021,0,0.007,0,0.066,0.006,0,0,0.302,0.008,0,0,0,0,0,0.077,0.032,0,0,0,0,0.003,0.003,0,0.003,0.002,0.001,0.042,0,0,0,0,0.002,0,0,0,0,0.007,0.005,0,0.004,0,0.001,0,0.004,0,0,0,0.002,0,0,0.002,0,0.007,0,0,0,0.014,0,0.01,0,0,0,0.005,0,0,0.002,0,0,0,0,0,0,0,0,0,0,0.008,0,0,0,0,0.002,0,0,0,0,0,0,0,0,0,0,0.006,0,0,0,0,0,0,0,0,0,0,0,0.003,0,0,0.004,0,0,0,0,0.003,0.001,0,0,0,0,0,0,0,0.004,0,0.007,0,0,0,0,0.001,0,0,0,0,0,0,0,0,0,0,0,0,0,0,0,0,0,0,0,0,0,0,0,0,0,0,0,0,0,0,0,0,0,0,0,0,0,0,0,0,0,0,0,0,0,0,0,0,0,0,0,0,0,0,0,0,0,0,0,0,0,0,0,0,0,0,0,0,0,0,0,0,0,0,0,0,0.002,0,0,0,0,0,0,0,0.002,0,0,0,0,0,0,0,0,0,0,0,0.001,0,0,0,0,0,0,0,0,0,0,0,0,0,0,0,0.001,0,0,0,0,0,0,0,0,0,0,0,0,0,0,0,0,0,0.001,0,0,0,0,0,0,0,0,0,0,0,0,0,0,0,0,0,0,0
"WADE-003-182","EB25SH001",0.968,0.001,0,0,0.009,0.002,0,0,0,0.001,0.001,0,0,0.001,0,0,0,0,0,0,0,0.008,0.005,0,0,0,0,0,0,0,0,0,0,0,0,0,0,0,0,0,0,0,0,0,0,0,0,0,0,0,0,0,0,0.001,0,0,0,0,0,0,0,0,0,0,0.001,0,0,0,0,0,0,0,0,0.001,0,0,0,0,0,0,0,0,0,0,0,0,0,0,0,0,0,0,0,0,0,0,0,0,0,0,0,0,0,0,0,0,0,0,0,0,0,0,0,0,0,0,0,0,0,0,0,0,0,0,0,0,0,0,0,0,0,0,0,0,0,0,0,0,0,0,0,0,0,0,0,0,0,0,0,0,0,0,0,0,0,0,0,0,0,0,0,0,0,0,0,0,0,0,0,0,0,0,0,0,0,0,0,0,0,0,0,0,0,0,0,0,0,0,0,0,0,0,0,0,0,0,0,0,0,0,0,0,0,0,0,0,0,0,0,0,0,0,0,0,0,0,0,0,0,0,0,0,0,0,0,0,0,0,0,0,0,0,0,0,0,0,0,0,0,0,0,0,0,0,0,0,0,0,0,0,0,0,0,0,0,0,0,0,0,0,0,0,0,0,0,0,0,0,0,0,0,0,0,0,0,0,0,0,0,0,0,0,0,0,0
"WADE-003-183","EB25SH009",0.106,0.102,0,0.032,0.02,0.01,0,0.014,0,0.078,0,0,0,0.048,0,0.002,0,0,0.003,0,0,0.007,0.278,0.004,0,0.089,0.005,0.001,0,0.001,0.001,0,0,0.005,0,0.023,0,0.004,0,0,0,0,0.002,0.016,0,0,0.036,0.001,0,0.003,0,0,0,0.006,0,0,0.005,0,0,0,0.003,0.007,0,0,0.007,0.004,0,0.005,0,0,0.001,0,0,0.002,0,0.001,0.001,0.009,0.001,0,0,0,0,0.014,0,0,0,0.003,0,0.001,0,0,0,0,0,0,0,0,0.001,0,0.003,0,0,0,0,0,0.002,0,0,0,0,0,0,0.032,0,0,0,0,0,0,0,0,0,0,0,0,0,0,0,0,0,0,0,0,0,0,0,0.001,0,0,0,0,0,0,0,0,0,0,0,0,0,0,0,0,0,0,0,0,0,0,0,0,0,0,0,0,0,0,0,0,0,0,0,0,0,0,0,0,0,0,0,0,0,0,0,0,0,0,0,0,0,0,0,0,0,0,0,0,0,0,0,0,0,0,0,0,0,0,0,0,0,0,0,0,0,0,0,0,0,0,0,0,0,0,0,0,0,0,0,0,0,0,0,0,0,0,0,0,0,0,0,0,0,0,0,0,0,0,0,0,0,0,0,0,0,0,0,0,0,0,0,0,0,0,0,0,0,0,0,0,0,0,0,0,0,0,0,0,0,0,0,0,0,0,0
"WADE-003-184","PH10HB027",0.062,0.008,0,0.311,0.042,0,0,0,0,0.001,0.034,0,0,0,0,0.108,0,0,0,0,0.004,0.056,0,0,0,0,0,0,0,0.011,0,0,0,0.008,0,0.005,0,0,0,0,0,0,0,0.001,0,0,0,0,0.071,0,0,0,0,0.002,0.06,0.057,0,0,0.01,0,0,0,0,0,0.012,0,0,0,0.001,0,0,0.001,0,0,0,0,0,0,0,0.111,0,0.017,0,0,0,0,0,0,0,0,0,0,0,0,0,0,0,0,0,0,0,0,0,0,0,0,0,0,0,0,0,0,0,0,0,0,0.001,0,0,0.004,0,0,0,0.001,0,0,0,0,0,0,0,0,0,0,0,0,0,0,0,0,0,0,0,0,0,0,0,0,0,0,0,0,0,0,0,0,0,0,0,0,0,0,0,0,0,0,0,0,0,0,0,0,0,0,0,0,0,0,0,0,0,0,0,0,0,0,0,0,0,0,0,0,0,0,0,0,0.001,0,0,0,0,0,0,0,0,0,0,0,0,0,0,0,0,0,0,0,0,0,0,0,0,0,0,0,0,0,0,0,0,0,0,0,0,0,0,0,0,0,0,0,0,0,0,0,0,0,0,0,0,0,0,0,0,0,0,0,0,0,0,0,0,0,0,0,0,0,0,0,0,0,0,0,0,0,0,0,0,0,0,0,0,0,0,0,0
"WADE-003-185","PH10PH001",0.001,0,0,0.049,0.212,0.31,0,0,0,0.095,0,0,0,0,0,0.022,0,0,0.041,0.001,0,0.037,0,0,0,0.018,0.008,0.001,0,0,0.002,0,0,0.051,0,0.003,0,0.021,0,0,0,0,0.002,0.001,0,0,0.008,0,0,0.003,0,0,0,0.005,0,0.028,0.041,0,0,0,0.001,0,0,0,0.009,0,0,0.007,0,0,0,0,0,0.001,0,0.001,0,0,0,0,0,0,0,0,0.001,0,0,0.001,0,0,0,0,0,0,0,0.017,0,0,0,0,0,0,0,0,0,0,0,0,0,0,0,0,0,0,0,0,0,0,0,0,0,0,0,0,0,0,0,0,0,0,0,0,0,0,0,0,0,0,0,0,0,0,0,0,0,0,0,0,0,0.001,0,0,0,0,0,0,0,0,0,0,0,0,0,0,0,0,0,0,0,0,0,0,0,0,0,0,0,0,0,0,0,0,0,0,0,0,0,0,0,0,0,0,0,0,0,0,0,0,0,0,0,0,0,0,0,0,0,0,0,0,0,0,0,0,0,0,0,0,0,0,0,0,0,0,0,0,0,0,0,0,0,0,0,0,0,0,0,0,0,0,0,0,0,0,0,0,0,0,0,0,0,0,0,0,0,0,0,0,0,0,0,0,0,0,0,0,0,0,0,0,0,0,0,0,0,0,0,0,0,0,0,0,0,0,0
"WADE-003-186","PH10PH002",0.009,0,0,0.047,0.101,0.197,0,0,0,0.075,0,0,0,0.001,0,0.016,0,0,0.027,0,0.01,0.06,0,0,0,0.005,0,0.031,0,0,0,0,0.003,0.015,0,0.002,0,0.001,0.001,0,0,0,0.016,0,0,0.001,0.001,0,0,0,0,0,0,0.186,0,0.115,0.004,0,0,0,0,0,0.005,0,0.019,0,0,0.004,0.001,0,0,0,0,0.001,0,0,0,0,0,0,0,0,0,0,0,0,0,0.001,0.018,0,0,0,0,0,0,0,0,0,0,0,0,0,0,0,0,0,0,0,0,0,0,0,0,0,0,0,0,0,0,0,0,0,0,0,0,0,0,0.024,0,0,0,0,0,0,0,0,0,0,0,0,0,0,0,0,0,0,0,0,0,0,0,0,0,0,0,0,0,0,0,0,0,0,0,0,0,0,0,0,0,0,0,0,0,0,0,0,0,0,0,0,0,0,0,0,0,0,0,0,0,0,0,0,0,0,0,0,0,0,0,0,0,0,0,0,0,0,0,0,0,0,0,0,0,0,0.002,0,0,0,0,0,0,0,0,0,0,0,0,0,0,0,0,0,0,0,0,0,0,0,0,0,0,0,0,0,0,0,0,0,0,0,0,0,0,0,0,0,0,0,0,0,0,0,0,0,0,0,0,0,0,0,0,0,0,0,0,0,0,0,0,0,0,0,0,0,0
"WADE-003-187","PH12DIO005",0.06,0.003,0,0.257,0.018,0.452,0,0,0,0.03,0,0,0,0,0,0.024,0,0,0.033,0.001,0.005,0.017,0,0,0,0,0,0.008,0,0,0,0,0,0.027,0,0,0,0,0,0,0,0,0,0.002,0,0,0,0,0.008,0,0,0,0,0.016,0,0,0,0,0,0,0.003,0,0,0,0.026,0,0,0,0,0,0,0.003,0,0,0,0.004,0,0,0,0,0,0,0,0,0,0,0,0,0,0,0,0,0,0,0,0,0,0,0,0,0,0,0,0,0,0,0,0,0,0,0,0,0,0,0,0,0,0,0,0,0,0,0,0.004,0,0,0,0,0,0,0,0,0,0,0,0,0,0,0,0,0,0,0,0,0,0,0,0,0,0,0,0,0,0,0,0,0,0,0,0,0,0,0,0,0,0,0,0,0,0,0,0,0,0,0,0,0,0,0,0,0,0,0,0,0,0,0,0,0,0,0,0,0,0,0,0,0,0,0,0,0,0,0,0,0,0,0,0,0,0,0,0,0,0,0,0,0,0,0,0,0,0,0,0,0,0,0,0,0,0,0,0,0,0,0,0,0,0,0,0,0,0,0,0,0,0,0,0,0,0,0,0,0,0,0,0,0,0,0,0,0,0,0,0,0,0,0,0,0,0,0,0,0,0,0,0,0,0,0,0,0,0,0,0,0
"WADE-003-188","PH12HB011",0.068,0.018,0,0.092,0.053,0.037,0,0.004,0,0.255,0.003,0,0,0,0,0.009,0,0,0.003,0,0.029,0.006,0,0,0,0.01,0,0.24,0,0,0.001,0,0,0.01,0,0.018,0,0.016,0,0,0,0,0.013,0.013,0,0.001,0.009,0,0,0.004,0,0,0,0.008,0,0,0.005,0,0.003,0,0.011,0.001,0.004,0.001,0.018,0,0,0.005,0,0,0.005,0,0,0.003,0,0.003,0,0.005,0.001,0,0,0.001,0,0,0,0,0,0.001,0,0,0,0,0,0,0,0,0,0,0.003,0,0,0,0,0,0,0,0,0,0,0,0,0,0,0,0,0,0.001,0,0,0,0,0,0,0,0,0,0,0,0,0,0,0,0,0,0.001,0,0,0.001,0,0,0.002,0,0,0,0,0,0.001,0,0,0,0,0,0,0,0,0,0,0,0,0,0,0,0,0,0,0,0,0,0,0,0,0,0,0,0,0,0,0,0.001,0,0,0,0,0,0,0,0,0,0,0,0,0,0,0,0,0,0,0,0,0,0,0,0,0,0,0,0,0,0,0,0,0,0,0,0,0,0,0,0,0,0,0,0,0,0,0,0,0,0,0,0,0,0,0,0,0,0,0,0,0,0,0,0,0,0,0,0,0,0,0,0,0,0,0,0,0,0,0,0,0,0,0,0,0,0,0,0,0,0,0,0,0,0,0,0,0,0,0,0,0,0,0,0,0,0
"WADE-003-189","PH12PH004",0.099,0.099,0,0.073,0.02,0.018,0,0.058,0,0.002,0,0,0,0.002,0,0,0,0,0.005,0,0.382,0.003,0,0,0,0,0,0.212,0,0,0,0,0,0.005,0,0.001,0,0,0,0,0,0,0,0.004,0,0,0,0,0,0,0,0,0,0,0,0.008,0,0,0.001,0,0,0,0,0,0,0,0,0,0.002,0,0,0,0,0,0,0,0,0,0,0,0,0.002,0,0,0,0,0,0,0,0,0,0,0,0,0,0,0,0,0,0,0,0,0,0,0,0,0,0,0,0,0,0,0,0,0,0,0,0,0,0,0,0,0,0,0,0,0,0,0,0,0,0,0,0,0,0,0,0,0,0,0,0,0,0,0,0,0,0,0,0,0,0,0,0,0,0,0,0,0,0,0,0,0,0,0,0,0,0,0,0,0,0,0,0,0,0,0,0,0,0,0,0,0,0,0,0,0,0,0,0,0,0,0,0,0,0,0,0,0,0,0,0,0,0,0,0,0,0,0,0,0,0,0,0,0,0,0,0,0,0,0,0,0,0,0,0,0.001,0,0,0,0,0,0,0,0,0,0,0,0,0,0,0,0,0,0,0,0,0,0,0,0,0,0,0,0,0,0,0,0,0,0,0,0,0,0,0,0,0,0,0,0,0,0,0,0,0,0,0,0,0,0,0,0,0,0
"WADE-003-190","PH12PH005",0.062,0.011,0,0.154,0.015,0.078,0,0.007,0,0.214,0.017,0,0,0,0,0.009,0,0,0.003,0.063,0.071,0.086,0,0,0,0.004,0,0.069,0,0,0.001,0,0,0.017,0,0.007,0,0,0,0,0,0,0.033,0.005,0,0,0.019,0,0.001,0.001,0,0,0,0.01,0,0.006,0,0,0.007,0,0,0,0,0,0.007,0,0,0,0,0,0,0,0,0,0,0,0,0.001,0.003,0,0,0.001,0,0,0,0,0,0,0,0,0,0,0,0,0,0,0,0,0.005,0,0,0,0,0,0,0,0.007,0,0,0,0,0,0,0,0,0,0.002,0,0,0,0,0,0,0,0,0,0,0,0,0,0,0,0,0,0,0,0,0,0,0,0,0,0,0,0,0,0,0,0,0,0,0,0,0,0,0,0,0,0,0,0,0,0,0,0,0,0,0,0,0,0,0,0,0,0,0,0,0,0,0,0,0,0,0,0,0,0,0,0,0,0,0,0,0,0,0,0,0,0,0,0,0,0,0,0,0,0,0,0,0,0,0,0,0,0,0,0,0,0,0,0,0,0,0,0,0,0,0,0,0,0,0,0,0,0,0,0,0,0,0,0,0,0,0,0,0,0,0,0,0,0,0,0,0,0,0,0,0,0,0,0,0,0,0,0,0,0,0,0,0,0,0,0,0,0,0,0,0,0,0,0,0,0,0,0
"WADE-003-192","PH21GAM022",0.071,0.004,0,0.189,0.161,0.038,0,0,0,0.148,0.001,0,0,0,0,0.017,0,0,0.009,0,0.001,0.025,0,0.001,0,0.08,0,0,0,0.002,0.001,0.003,0,0.008,0,0.001,0,0.004,0,0,0,0,0.007,0.002,0,0,0.026,0,0.003,0.004,0,0,0,0.013,0,0,0.003,0,0.05,0,0.002,0.001,0.002,0,0.027,0.004,0,0.005,0.003,0,0.006,0,0,0.001,0,0,0,0.006,0.001,0,0,0,0,0.011,0.006,0,0,0.004,0,0.001,0,0,0,0,0,0,0,0,0.004,0,0,0,0,0,0,0,0,0,0,0,0,0,0,0,0,0,0,0,0,0,0,0,0,0,0,0,0,0,0.04,0,0,0,0,0,0,0,0,0.003,0,0,0.001,0,0,0,0,0,0,0,0,0,0,0,0,0,0,0,0,0,0,0,0,0,0,0,0,0,0,0,0,0,0,0,0,0,0,0,0,0,0,0,0,0,0,0,0,0,0,0,0,0,0,0,0,0,0,0,0,0,0,0,0,0,0,0,0,0,0,0,0,0,0,0,0,0,0,0,0,0,0,0,0,0,0,0,0,0,0,0,0,0,0,0,0,0,0,0,0,0,0,0,0,0,0,0,0,0,0,0,0,0,0,0,0,0,0,0,0,0,0,0,0,0,0,0,0,0,0,0,0,0,0,0,0,0,0,0,0,0,0,0,0,0,0,0,0
"WADE-003-195","PH22GAM012",0.021,0.214,0,0.11,0.018,0.019,0,0,0,0.281,0,0,0,0.001,0,0.006,0,0,0,0,0,0.052,0,0,0,0.017,0,0,0,0,0,0,0,0,0,0.136,0,0,0,0,0,0,0,0.069,0,0,0.002,0,0,0.001,0,0,0,0,0,0,0.002,0,0,0,0,0,0,0,0.016,0,0,0.009,0,0,0.006,0,0,0.004,0,0,0,0,0.006,0,0,0,0,0,0,0,0,0,0,0,0,0,0,0,0,0,0,0,0,0,0,0,0,0,0,0,0.001,0,0,0,0,0,0,0,0,0,0.008,0,0,0,0,0,0,0,0,0,0,0,0,0,0,0,0,0,0,0,0,0,0,0,0,0,0,0,0,0,0,0,0,0,0,0,0,0,0,0,0,0,0,0,0,0,0,0,0,0,0,0,0,0,0,0,0,0,0,0,0,0,0,0,0,0,0,0,0,0,0,0,0,0,0,0,0,0,0,0,0,0,0,0,0,0,0,0,0,0,0,0,0,0,0,0,0,0,0,0,0,0,0,0,0,0,0,0,0,0,0,0,0,0,0,0,0,0,0,0,0,0,0,0,0,0,0,0,0,0,0,0,0,0,0,0,0,0,0,0,0,0,0,0,0,0,0,0,0,0,0,0,0,0,0,0,0,0,0,0,0,0,0,0,0,0,0,0,0
"WADE-003-197","PH22PH002",0.052,0,0,0.39,0.03,0.043,0,0,0,0.066,0.036,0,0,0,0,0.087,0,0,0.003,0,0,0.009,0,0,0,0.005,0,0,0,0,0,0,0,0.004,0,0.221,0,0,0,0,0,0,0,0,0,0,0.005,0,0.001,0.001,0.001,0,0,0.004,0,0,0.001,0,0,0,0,0,0,0,0.006,0,0,0,0,0,0.005,0,0,0,0,0,0,0,0.01,0,0,0,0,0,0.009,0,0,0,0,0,0,0,0,0,0,0.001,0,0,0,0,0.001,0,0,0,0,0,0,0,0,0,0,0,0,0,0,0,0.001,0,0,0,0,0,0,0,0,0.004,0,0,0,0,0,0,0,0,0,0,0,0,0,0,0,0,0,0,0,0,0,0,0,0,0,0,0,0,0,0,0,0,0,0,0,0,0,0,0,0,0,0,0,0,0,0,0,0,0,0,0,0,0,0,0,0,0,0,0,0,0,0,0,0,0,0,0,0,0,0,0,0,0,0,0,0,0,0,0,0,0,0,0,0,0,0,0,0,0,0,0,0,0,0,0,0,0,0,0,0,0,0,0,0,0,0,0,0,0,0,0,0,0,0,0,0,0,0,0,0,0,0,0,0,0,0,0,0,0,0,0,0,0,0,0,0,0,0,0,0,0,0,0,0,0,0,0,0,0,0,0,0,0,0,0,0,0,0,0
"WADE-003-198","PH22PH003",0.281,0,0,0.075,0.047,0.178,0,0,0,0.097,0,0,0,0,0,0.005,0,0,0.024,0,0,0.052,0,0,0,0,0,0.025,0,0,0.004,0,0,0.063,0,0.001,0,0.001,0,0,0,0,0.041,0.005,0,0,0.001,0,0.004,0,0,0,0,0.013,0,0.003,0.004,0,0.001,0,0.024,0,0,0,0.012,0,0,0,0.002,0,0,0.005,0,0,0,0.001,0,0,0.002,0,0,0.001,0,0,0.002,0,0,0,0.02,0,0,0,0,0,0,0,0,0,0,0,0,0,0,0,0,0,0,0,0,0,0,0,0,0,0,0,0,0,0,0,0,0,0,0,0,0,0,0.002,0,0,0,0,0,0,0,0,0,0,0,0,0.001,0,0,0,0,0,0,0,0,0,0,0,0,0,0,0,0,0,0,0,0,0,0,0,0,0,0.001,0,0,0,0,0,0,0,0,0,0,0,0,0,0,0,0,0,0,0,0,0,0,0,0,0,0,0,0,0,0,0,0,0,0,0,0,0,0,0,0,0,0,0,0,0,0,0,0,0,0,0,0,0,0,0,0,0,0,0,0,0,0,0,0,0,0,0,0,0,0,0,0,0,0,0,0,0,0,0,0,0,0,0,0,0,0,0,0,0,0,0,0,0,0,0,0,0,0,0,0,0,0,0,0,0,0,0,0,0,0,0,0,0,0,0,0,0,0
"WADE-003-199","PH23GAM002",0.009,0.002,0,0.053,0.032,0.05,0,0,0,0.064,0.002,0,0,0,0,0.025,0,0,0.003,0,0,0.004,0,0,0,0.003,0.001,0.002,0,0,0.34,0,0,0.007,0,0,0.001,0.005,0,0,0.009,0,0,0,0,0,0,0,0,0,0,0,0,0.003,0,0.003,0.007,0,0.316,0,0,0,0,0,0.002,0,0,0.002,0,0,0,0,0,0,0,0,0,0.005,0,0,0,0,0,0,0,0,0,0,0.003,0.007,0,0,0,0.001,0,0.002,0.011,0,0,0,0,0,0,0,0,0,0,0,0,0,0,0,0,0,0,0,0,0.001,0,0,0,0,0,0,0.001,0,0,0,0,0.001,0.001,0,0,0,0,0,0,0,0,0,0,0,0,0.001,0,0,0.005,0,0,0,0,0,0,0,0,0,0,0,0.008,0,0,0,0,0,0.003,0,0,0,0,0,0,0,0,0.001,0,0,0,0,0,0,0,0,0,0,0,0,0,0,0,0,0,0,0,0,0,0,0,0,0,0,0,0,0,0,0,0,0,0,0,0,0,0,0,0,0,0.004,0,0,0,0,0,0,0,0,0,0,0,0,0,0,0,0,0,0,0,0,0,0,0,0,0,0,0,0,0,0,0,0,0,0,0,0,0,0,0,0,0,0,0.001,0,0,0,0,0,0,0,0,0,0,0,0,0,0,0,0,0,0,0,0,0,0,0,0,0,0
"WADE-003-200","PH23GAM003",0.088,0.227,0,0.097,0.035,0.218,0,0,0,0.081,0,0,0,0,0,0.016,0,0,0,0.055,0.003,0.04,0,0,0,0.002,0.015,0.031,0,0,0,0,0,0.001,0,0,0,0,0,0,0,0,0.012,0.001,0,0,0.005,0,0.004,0,0,0,0,0.004,0,0,0,0,0.017,0,0.001,0,0.001,0,0.011,0,0,0,0,0,0,0,0,0.003,0,0,0.002,0,0,0,0,0.019,0,0,0,0,0,0,0,0,0,0,0,0,0,0,0,0,0,0,0,0,0,0,0,0,0,0,0,0,0,0,0,0,0,0,0,0,0,0,0,0,0,0,0,0.008,0,0.003,0,0,0,0,0,0,0,0,0,0,0,0,0,0,0,0,0,0,0,0,0,0,0,0,0,0,0,0,0,0,0,0,0,0,0,0,0,0,0,0,0,0,0,0,0,0,0,0,0,0,0,0,0,0,0,0,0,0,0,0,0,0,0,0,0,0,0,0,0,0,0,0,0,0,0,0,0,0,0,0,0,0,0,0,0,0,0,0,0,0,0,0,0,0,0,0,0,0,0,0,0,0,0,0,0,0,0,0,0,0,0,0,0,0,0,0,0,0,0,0,0,0,0,0,0,0,0,0,0,0,0,0,0,0,0,0,0,0,0,0,0,0,0,0,0,0,0,0,0,0,0,0,0,0,0,0,0
"WADE-003-214","PH23GAM009",0.528,0.001,0.003,0.218,0.017,0.051,0,0,0,0.018,0.001,0,0,0.006,0,0.024,0,0,0.002,0.003,0.001,0.008,0,0,0,0.001,0,0,0,0,0,0,0,0.004,0,0.001,0,0,0,0,0,0,0.002,0.014,0,0,0.004,0,0.012,0.001,0,0,0,0.008,0,0.001,0,0,0,0,0,0,0,0,0.04,0,0,0,0,0,0,0,0,0,0,0.002,0,0,0,0,0,0.01,0,0,0.003,0,0,0,0,0,0.002,0,0,0.001,0,0,0,0.009,0,0,0,0,0,0,0,0,0.001,0,0,0,0,0,0,0,0,0,0,0,0,0,0,0,0,0.001,0,0,0,0,0,0,0,0,0,0,0,0,0.001,0,0,0,0,0,0,0,0,0,0,0,0,0,0,0,0,0,0,0,0,0,0,0,0,0,0,0,0,0,0,0,0,0,0,0,0,0,0,0,0,0,0,0,0,0,0,0,0,0,0,0,0,0,0,0,0,0,0,0,0,0,0,0,0,0,0,0,0,0,0,0,0,0,0,0,0,0,0,0,0,0,0,0,0,0,0,0,0,0,0,0,0,0,0,0,0,0,0,0,0,0,0,0,0,0,0,0,0,0,0,0,0,0,0,0,0,0,0,0,0,0,0,0,0,0,0,0,0,0,0,0,0,0,0,0,0,0,0,0,0,0,0,0,0,0,0,0,0
"WADE-003-202","PH23GAM017",0.54,0,0,0.042,0.009,0.002,0,0,0,0.003,0.004,0,0,0.034,0,0.27,0,0,0,0.001,0,0.001,0,0,0,0,0,0,0,0.001,0,0,0,0.001,0,0.001,0,0,0,0,0,0,0,0.001,0,0,0.002,0,0.013,0,0.001,0,0,0,0,0,0,0,0.064,0,0,0,0,0,0,0,0,0,0,0,0,0,0,0,0,0,0,0,0,0,0,0,0,0,0.001,0,0,0,0,0,0,0,0,0,0,0,0,0,0,0,0,0,0,0,0,0,0,0,0,0,0,0,0,0,0,0,0,0,0,0,0,0,0,0,0.001,0.006,0,0,0,0,0,0,0,0,0,0,0,0,0,0,0,0,0,0,0,0,0,0,0,0,0,0,0,0,0,0,0,0,0,0,0,0,0,0,0,0,0,0,0,0,0,0,0,0,0,0,0,0,0,0,0,0,0,0,0,0,0,0,0,0,0,0,0,0,0,0,0,0,0,0,0,0,0,0,0,0,0,0,0,0,0,0,0,0,0,0,0,0,0,0,0,0,0,0,0,0,0,0,0,0,0,0,0,0,0,0,0,0,0,0,0,0,0,0,0,0,0,0,0,0,0,0,0,0,0,0,0,0,0,0,0,0,0,0,0,0,0,0,0,0,0,0,0,0,0,0,0,0,0,0,0,0,0,0,0
"WADE-003-203","PH24GAM001",0.147,0.003,0,0.246,0.257,0.15,0,0,0,0.034,0,0,0,0.001,0,0.01,0,0,0.002,0,0,0.015,0,0,0,0.009,0,0.003,0,0,0.001,0,0,0.005,0,0.001,0,0.016,0,0,0.002,0,0.013,0.002,0,0,0.006,0,0.001,0.003,0,0,0,0.018,0,0.001,0.01,0,0.001,0,0,0.001,0.003,0,0.005,0,0,0.002,0,0,0.003,0,0,0,0,0,0,0,0,0.001,0,0,0,0,0.008,0,0,0.001,0.008,0,0,0,0,0,0,0,0.001,0.002,0,0,0,0,0,0,0,0,0,0,0,0,0,0,0,0,0,0,0,0,0,0,0,0,0,0,0.001,0,0,0.004,0.002,0,0,0,0,0,0,0,0,0,0,0,0.002,0,0,0,0,0,0,0,0,0.001,0,0,0,0,0,0,0,0,0,0,0,0,0.001,0,0,0,0,0,0,0,0,0,0,0,0,0,0,0,0,0,0,0,0,0,0,0,0,0,0,0,0,0,0,0,0,0,0,0,0,0,0,0,0,0,0,0,0,0,0,0,0,0,0,0,0,0,0,0,0,0,0,0,0,0,0,0,0,0,0,0,0,0,0,0,0,0,0,0,0,0,0,0,0,0,0,0,0,0,0,0,0,0,0,0,0,0,0,0,0,0,0,0,0,0,0,0,0,0,0,0,0,0,0,0,0,0,0,0,0,0,0,0,0,0,0
"WADE-003-204","PH24GAM008",0.07,0.026,0,0.024,0.318,0.342,0,0,0,0.009,0.027,0,0,0,0,0.004,0,0,0.001,0,0,0.018,0,0,0,0.002,0,0.001,0,0.002,0.038,0,0,0.001,0,0.001,0,0.002,0.002,0,0.001,0,0,0,0,0,0,0,0.002,0,0,0,0,0.007,0,0.005,0,0,0,0,0,0,0.011,0,0.01,0,0,0.001,0.001,0,0.001,0,0,0,0,0,0,0.006,0,0.024,0,0,0,0,0,0,0,0,0.011,0,0,0,0,0.002,0.001,0.009,0.001,0.009,0,0,0,0,0,0,0,0,0,0,0,0,0,0,0,0,0,0,0.001,0,0,0,0,0,0,0,0,0,0,0,0,0,0,0,0,0,0,0,0.001,0,0,0,0.002,0,0,0.001,0,0.001,0,0,0,0,0,0,0,0,0,0,0,0,0,0,0,0,0,0,0,0,0,0,0,0,0,0,0,0,0,0,0,0,0,0,0,0,0,0,0,0,0,0,0,0,0,0,0,0.001,0,0,0,0,0,0,0,0,0,0,0,0,0,0,0,0,0,0,0,0,0,0,0,0,0,0,0,0,0,0,0,0,0.001,0,0,0,0,0,0,0,0,0,0,0.001,0,0,0,0,0,0,0,0,0,0,0,0,0,0,0,0,0,0,0,0,0,0,0,0,0,0,0,0,0,0,0,0,0,0,0,0,0,0,0,0,0,0,0,0,0,0,0
"WADE-003-205","PH24GAM016",0.073,0,0,0.293,0.005,0.025,0,0,0,0.192,0.008,0,0,0.001,0,0.027,0,0,0.003,0,0,0.027,0,0,0,0,0,0,0,0,0,0,0,0.004,0,0.011,0,0,0,0,0,0,0,0.016,0,0,0.003,0,0.004,0.001,0,0,0,0.029,0,0,0,0,0,0,0.058,0,0,0,0.006,0,0,0,0,0,0.131,0.005,0,0.002,0,0.006,0.007,0,0.029,0.003,0,0,0,0,0,0,0,0,0,0,0,0,0,0,0,0,0,0,0,0,0.001,0,0,0,0,0,0.003,0,0,0,0,0,0,0,0,0,0.001,0,0,0,0,0,0,0.015,0,0.011,0,0,0,0,0,0,0,0,0,0,0,0,0,0,0,0,0,0.001,0,0,0,0,0,0,0,0,0,0,0,0,0,0,0,0,0,0,0,0,0,0,0,0,0,0,0,0,0,0,0,0,0,0,0,0,0,0,0,0,0,0,0,0,0,0,0,0,0,0,0,0,0,0,0,0,0,0,0,0,0,0,0,0,0,0,0,0,0,0,0,0,0,0,0,0,0,0,0,0,0,0,0,0,0,0,0,0,0,0,0,0,0,0,0,0,0,0,0,0,0,0,0,0,0,0,0,0,0,0,0,0,0,0,0,0,0,0,0,0,0,0,0,0,0,0,0,0,0,0,0,0,0,0,0,0,0,0,0,0,0
"WADE-003-206","PH24GAM017",0.044,0.072,0,0.143,0.022,0.058,0,0.001,0,0.158,0.155,0,0,0.03,0,0.04,0,0,0.004,0,0.021,0.012,0,0,0,0.001,0,0.01,0,0,0.003,0,0,0.001,0,0.044,0,0.001,0,0,0,0,0.001,0.007,0,0,0.004,0,0.001,0,0.001,0,0,0.003,0,0.003,0,0,0,0,0.059,0,0.006,0,0.008,0,0,0.002,0.001,0,0.001,0,0,0.006,0,0.012,0,0.012,0.018,0,0,0.006,0,0,0.001,0,0,0,0,0,0,0,0,0,0,0,0,0,0,0,0.009,0,0,0,0,0,0,0,0,0,0,0,0,0,0,0,0.002,0,0,0,0,0,0,0.009,0,0,0,0,0,0,0,0,0,0,0.003,0,0,0,0,0,0.001,0,0,0.003,0,0,0.001,0,0,0,0,0,0,0,0,0,0,0,0,0,0,0,0,0,0,0,0,0,0,0,0,0,0,0,0,0,0,0,0,0,0,0,0,0,0,0,0,0,0,0,0,0,0,0,0,0,0,0,0,0,0,0,0,0,0,0,0,0,0,0,0,0,0,0,0,0,0,0,0,0,0,0,0,0,0,0,0,0,0,0,0,0,0,0,0,0,0,0,0,0,0,0,0,0,0,0,0,0,0,0,0,0,0,0,0,0,0,0,0,0,0,0,0,0,0,0,0,0,0,0,0,0,0,0,0,0,0,0,0,0,0,0,0,0,0
"WADE-003-221","PH24GAM025",0.001,0.001,0,0.254,0.016,0.01,0,0,0,0.117,0.001,0,0,0,0,0.134,0,0,0,0.162,0,0.002,0,0,0,0.014,0.016,0.004,0,0,0.088,0,0,0.001,0,0.003,0,0,0,0,0,0,0.069,0.002,0,0.004,0,0,0.003,0,0,0,0,0.036,0,0.007,0,0,0,0,0,0,0.01,0,0.013,0,0,0.012,0,0,0.002,0,0,0,0,0,0,0.001,0,0,0,0,0,0.003,0,0,0,0.001,0,0,0,0,0,0,0,0,0,0,0,0,0,0,0,0,0,0,0,0,0,0,0,0,0,0,0,0,0,0,0,0,0,0,0,0,0,0,0,0.001,0,0,0,0,0,0,0,0,0,0,0,0,0.001,0,0,0.01,0,0,0,0,0,0,0,0,0,0,0,0,0,0,0,0,0,0,0,0,0,0,0,0,0,0,0,0,0,0,0,0,0,0,0,0,0,0,0,0,0,0,0,0,0,0,0,0,0,0,0,0,0,0,0,0,0,0,0,0,0,0,0,0,0,0,0,0,0,0,0,0,0,0,0,0,0,0,0,0,0,0,0,0,0,0,0,0,0,0,0,0,0,0,0,0,0,0,0,0,0,0,0,0,0,0,0,0,0,0,0,0,0,0,0,0,0,0,0,0,0,0,0,0,0,0,0,0,0,0,0,0,0,0,0,0,0,0,0,0,0
"WADE-003-208","PH24GAM031",0.317,0.03,0,0.09,0.05,0.016,0,0,0,0.352,0.006,0,0,0,0,0.004,0,0,0.001,0.003,0.04,0.001,0,0,0,0.01,0.004,0.003,0,0.001,0.003,0,0,0,0,0.001,0.001,0.001,0,0,0.003,0,0,0.004,0,0,0.012,0,0,0,0,0,0,0.002,0,0.003,0,0,0,0,0.001,0,0,0,0.003,0,0,0,0.001,0,0,0,0,0,0,0,0,0.001,0,0.002,0,0,0,0,0,0,0,0,0,0,0,0,0,0,0,0.009,0,0.003,0.001,0,0,0,0,0.001,0,0,0,0,0,0,0,0,0,0,0,0,0.003,0.001,0,0,0,0,0,0,0,0.002,0,0,0,0,0,0,0,0,0,0,0,0,0,0,0,0,0,0,0,0,0.001,0,0,0,0,0,0,0,0,0,0,0,0,0,0,0.003,0,0,0,0,0,0,0,0,0,0,0,0,0,0,0,0,0,0,0,0,0,0,0,0,0,0,0,0,0,0,0,0,0.002,0,0,0,0,0,0,0,0,0,0,0,0,0,0,0,0,0.001,0,0,0,0.001,0,0,0,0,0,0.001,0,0,0,0,0,0.001,0,0,0,0,0,0,0,0,0,0,0,0,0,0,0,0,0,0,0,0,0,0,0,0,0,0,0,0,0,0,0,0,0,0,0,0,0,0,0,0,0,0,0,0,0,0,0,0,0,0,0,0,0,0,0,0,0
"WADE-003-209","PH25GAM009",0.131,0.016,0,0.004,0.064,0.028,0,0,0.001,0.13,0.002,0.006,0,0.16,0,0.258,0,0,0.001,0,0,0.008,0.002,0.001,0,0.009,0.017,0,0,0,0.004,0.012,0.001,0.003,0,0.001,0,0.009,0,0,0,0,0,0.005,0,0,0.005,0,0.002,0.014,0.001,0,0,0.002,0,0.001,0.015,0,0,0,0.001,0.004,0.013,0,0.005,0.002,0,0.001,0.002,0,0,0.001,0,0.001,0,0.008,0,0.014,0.001,0.001,0,0,0,0.005,0,0,0,0.004,0,0.002,0.001,0,0,0,0,0,0,0,0.001,0,0,0,0,0,0,0,0.002,0,0,0,0,0,0,0,0,0,0,0,0.006,0,0,0,0.007,0,0,0,0,0,0,0,0,0,0,0,0.001,0,0,0.001,0,0,0,0,0,0,0,0,0,0,0,0,0,0,0.001,0.001,0,0,0,0,0,0,0,0,0,0,0,0,0,0,0,0,0,0,0,0,0,0,0,0,0,0,0,0,0,0,0,0,0,0,0,0,0,0,0,0,0,0,0,0,0,0,0,0,0,0,0,0,0,0,0,0,0,0,0,0,0,0,0,0,0,0,0,0,0,0,0,0,0,0,0,0,0,0,0,0,0,0,0,0,0,0,0,0,0,0,0,0,0,0,0,0,0,0,0,0,0,0,0,0,0,0,0,0,0,0,0,0,0,0,0,0,0,0,0,0,0,0,0,0,0,0,0,0,0,0,0
"neg1",NA,0.078,0.011,0,0.061,0.04,0.122,0,0,0.002,0.014,0.068,0,0,0.091,0,0.004,0,0,0.001,0,0.002,0.023,0.001,0,0,0.006,0.004,0.002,0,0.246,0,0.005,0.002,0.001,0,0.003,0,0.004,0.001,0.001,0.009,0,0,0.002,0,0.005,0.003,0,0,0.007,0,0,0,0.01,0,0.003,0.008,0,0.114,0,0,0.002,0,0,0,0,0,0,0.002,0,0,0,0,0,0,0.001,0.005,0.002,0,0.001,0,0,0,0,0.002,0,0,0,0,0.002,0.001,0,0,0,0,0,0.001,0.001,0,0,0,0,0,0,0,0,0.001,0,0,0,0,0,0,0,0.001,0,0,0.003,0,0.004,0,0,0,0,0,0,0,0,0.002,0.001,0.002,0,0,0,0,0,0,0,0,0,0,0,0,0,0,0,0.003,0,0,0,0,0.008,0,0,0,0,0,0,0,0,0,0,0,0,0,0,0,0,0,0,0,0.001,0,0,0,0,0,0,0,0,0,0,0,0,0,0,0,0,0,0,0,0,0,0,0,0,0,0,0,0.001,0,0,0,0,0,0,0,0,0,0,0,0,0,0,0,0,0,0,0,0,0,0,0,0,0,0,0,0,0,0,0,0.001,0,0,0,0,0,0,0,0,0,0,0,0,0,0,0,0,0,0,0,0,0,0,0,0,0,0,0,0,0,0,0,0,0,0,0,0,0,0,0.001,0,0,0,0,0,0,0,0,0,0,0,0,0,0
"mock1-782D",NA,0.062,0,0,0,0,0,0,0,0,0.117,0.102,0,0,0,0,0,0,0,0,0.035,0,0,0,0,0,0,0,0,0,0,0,0,0,0,0,0,0.044,0,0,0,0.072,0,0,0,0,0.109,0,0,0,0,0,0,0,0,0,0,0,0,0,0,0,0,0,0,0,0,0,0,0,0,0,0,0.027,0,0,0,0,0,0,0,0,0,0,0,0,0,0,0,0,0,0,0,0,0,0.084,0,0,0.08,0,0.069,0,0,0.042,0,0.068,0,0,0,0,0,0,0,0,0,0,0,0,0,0,0,0.036,0.018,0,0,0,0,0.036,0,0,0,0,0,0,0,0,0,0,0,0,0,0,0,0,0,0,0,0,0,0,0,0,0,0,0,0,0,0,0,0,0,0,0,0,0,0,0,0,0,0,0,0,0,0,0,0,0,0,0,0,0,0,0,0,0,0,0,0,0,0,0,0,0,0,0,0,0,0,0,0,0,0,0,0,0,0,0,0,0,0,0,0,0,0,0,0,0,0,0,0,0,0,0,0,0,0,0,0,0,0,0,0,0,0,0,0,0,0,0,0,0,0,0,0,0,0,0,0,0,0,0,0,0,0,0,0,0,0,0,0,0,0,0,0,0,0,0,0,0,0,0,0,0,0,0,0,0,0,0,0,0,0,0,0,0,0
"mock2-783D",NA,0.026,0,0,0,0,0,0,0,0,0,0.005,0,0,0,0,0,0,0,0,0.227,0,0,0,0,0,0,0,0,0,0,0,0,0,0,0,0,0.025,0,0,0,0.248,0,0,0,0,0.294,0,0,0,0,0,0,0,0,0,0,0,0,0,0,0,0,0,0,0,0,0,0,0,0,0,0,0.134,0,0,0,0,0,0,0,0,0,0,0,0,0,0,0,0,0,0,0,0,0,0.005,0,0,0.004,0,0.005,0,0,0.024,0,0,0,0,0,0,0,0,0,0,0,0,0,0,0,0,0,0.003,0,0,0,0,0,0,0,0,0,0,0,0,0,0,0,0,0,0,0,0,0,0,0,0,0,0,0,0,0,0,0,0,0,0,0,0,0,0,0,0,0,0,0,0,0,0,0,0,0,0,0,0,0,0,0,0,0,0,0,0,0,0,0,0,0,0,0,0,0,0,0,0,0,0,0,0,0,0,0,0,0,0,0,0,0,0,0,0,0,0,0,0,0,0,0,0,0,0,0,0,0,0,0,0,0,0,0,0,0,0,0,0,0,0,0,0,0,0,0,0,0,0,0,0,0,0,0,0,0,0,0,0,0,0,0,0,0,0,0,0,0,0,0,0,0,0,0,0,0,0,0,0,0,0,0,0,0,0,0,0,0,0,0,0
"neg2",NA,0.147,0.012,0,0.075,0.067,0.147,0,0,0,0.018,0.009,0,0,0.009,0,0.009,0,0,0.007,0,0,0.007,0.005,0,0,0.007,0.005,0,0,0.234,0.001,0.012,0.001,0.001,0,0.013,0.003,0.003,0.002,0,0.015,0,0.006,0.007,0,0,0.009,0,0.003,0.001,0,0,0,0.015,0,0.003,0.001,0,0.089,0,0,0.001,0.001,0,0.002,0,0,0,0.005,0,0,0,0,0.001,0.004,0,0,0.005,0,0,0,0,0,0,0.001,0,0,0.001,0.004,0,0.001,0,0,0,0,0,0.001,0.002,0,0,0,0,0,0,0,0,0,0.004,0,0,0,0,0,0.001,0,0,0,0,0,0.004,0,0,0,0,0,0,0,0,0,0,0,0,0,0,0,0,0,0,0,0,0,0,0,0,0,0,0.006,0,0,0,0,0.004,0,0,0,0.002,0,0,0,0,0,0,0,0,0,0,0,0,0,0,0,0,0,0,0,0,0,0,0,0,0,0,0,0,0,0,0,0,0,0,0,0,0,0,0,0,0,0,0.001,0,0.003,0,0,0,0,0,0,0,0,0,0,0,0,0,0,0,0,0,0,0,0,0,0,0,0,0,0,0,0,0,0,0,0.001,0,0,0,0,0,0,0,0,0,0,0,0,0,0,0,0,0,0,0,0,0,0,0,0,0,0,0,0,0,0,0,0,0,0,0,0,0,0,0,0,0,0,0.001,0,0,0,0,0,0,0,0,0
"neg2-2",NA,0.154,0.014,0,0.035,0.065,0.151,0,0,0,0.012,0.004,0,0,0.012,0.003,0.009,0,0,0.004,0,0.007,0.009,0.001,0,0,0.001,0.001,0.002,0,0.305,0.004,0.011,0.003,0.005,0,0.002,0.001,0.003,0,0,0.013,0,0,0.004,0,0.003,0,0,0,0.004,0,0,0,0,0,0.001,0.001,0,0.08,0,0,0.002,0.005,0,0.003,0,0,0,0.003,0,0,0,0,0.002,0,0,0,0,0,0,0,0,0,0,0.001,0,0,0,0,0.001,0.001,0,0,0.002,0,0.004,0.002,0,0,0,0,0.003,0,0,0,0,0,0,0,0,0,0,0,0,0.001,0,0,0,0.001,0.01,0,0,0,0,0,0,0,0,0.001,0,0,0,0,0,0,0,0.002,0,0,0,0,0,0.001,0,0,0,0.002,0.001,0,0,0,0.008,0,0,0,0,0,0,0,0,0,0,0,0,0,0,0,0,0,0,0,0,0,0,0,0,0,0,0,0.004,0,0,0,0,0.001,0,0,0,0,0.002,0,0,0,0,0,0,0,0,0,0,0.002,0,0,0,0,0.001,0,0,0,0,0,0,0.004,0,0,0,0,0,0,0,0,0,0,0,0,0,0,0,0.004,0,0,0,0,0,0,0,0,0,0,0,0,0,0,0,0,0,0,0.001,0,0,0,0,0,0,0,0.002,0,0,0,0,0,0,0,0,0,0,0,0,0,0,0,0,0,0,0.001,0,0,0,0,0,0,0.001,0,0,0
