"","Specimen.ID","NA","NA.1","NA.2","NA.3","NA.4","NA.5","NA.6","NA.7","NA.8","NA.9","NA.10","NA.11","NA.12","NA.13","NA.14","NA.15","NA.16","NA.17","NA.18","NA.19","NA.20","NA.21","NA.22","NA.23","NA.24"
"WADE-003-001","2014122",0.232,0.444,0.043,0.003,0.006,0.034,0.238,0,0,0,0,0,0,0,0,0,0,0,0,0,0,0,0,0,0
"WADE-003-003","2017198",0.172,0.144,0.076,0.51,0,0,0.091,0.006,0,0,0,0,0,0,0,0,0,0,0,0,0,0,0,0,0
"WADE-003-004","2017206",0.703,0.076,0.006,0.107,0,0.007,0.024,0.072,0,0.004,0,0,0,0,0,0,0,0,0,0,0,0,0,0,0
"WADE-003-005","2017215",0.476,0.147,0.001,0.102,0,0.001,0.27,0.002,0,0,0,0,0,0,0,0,0,0,0,0,0,0,0,0,0
"WADE-003-006","2017217",0.878,0.008,0.105,0,0,0,0.004,0.006,0,0,0,0,0,0,0,0,0,0,0,0,0,0,0,0,0
"WADE-003-007","2017221",0.497,0.287,0.033,0.003,0,0,0.177,0.003,0,0,0,0,0,0,0,0,0,0,0,0,0,0,0,0,0
"WADE-003-008","2017222",0.724,0.033,0.001,0.178,0,0.007,0.037,0.02,0,0,0,0,0,0,0,0,0,0,0,0,0,0,0,0,0
"WADE-003-009","2017228",0.461,0.016,0.109,0.384,0,0,0.001,0.011,0,0.019,0,0,0,0,0,0,0,0,0,0,0,0,0,0,0
"WADE-003-010","2017230",0.487,0.484,0,0.004,0.024,0,0.001,0,0,0,0,0,0,0,0,0,0,0,0,0,0,0,0,0,0
"WADE-003-011","2018278",0.207,0.167,0.005,0.52,0,0,0.1,0.001,0,0,0,0,0,0,0,0,0,0,0,0,0,0,0,0,0
"WADE-003-012","2020230",0.329,0.087,0.249,0.301,0,0,0.032,0.002,0,0,0,0,0,0,0,0,0,0,0,0,0,0,0,0,0
"WADE-003-013","2021028",0.87,0.009,0.002,0.012,0,0.003,0.097,0.008,0,0,0,0,0,0,0,0,0,0,0,0,0,0,0,0,0
"WADE-003-014","2021214",0.367,0.086,0.402,0.119,0,0,0.023,0.002,0,0.002,0,0,0,0,0,0,0,0,0,0,0,0,0,0,0
"WADE-003-015","2022161",0.948,0,0,0,0,0.003,0.047,0.001,0,0,0,0,0,0,0,0,0,0,0,0,0,0,0,0,0
"WADE-003-016","2022165",0.998,0,0,0,0.001,0,0,0,0,0,0,0,0,0,0,0,0,0,0,0,0,0,0,0,0
"WADE-003-017","2023157",0.416,0.281,0.297,0.004,0,0,0,0.002,0,0,0,0,0,0,0,0,0,0,0,0,0,0,0,0,0
"WADE-003-018","2023281",0.446,0.017,0.297,0.123,0,0.001,0.099,0.002,0,0.014,0,0,0,0,0,0,0,0,0,0,0,0,0,0,0
"WADE-003-019","2023295",0.523,0.112,0.116,0.184,0,0.008,0.054,0,0,0.003,0,0,0,0,0,0,0,0,0,0,0,0,0,0,0
"WADE-003-020","2023296",0.002,0.026,0.001,0,0.767,0.202,0.002,0,0,0,0,0,0,0,0,0,0,0,0,0,0,0,0,0,0
"WADE-003-022","2021BDL-0708Sa",0.565,0.004,0,0.001,0,0.001,0.429,0,0,0,0,0,0,0,0,0,0,0,0,0,0,0,0,0,0
"WADE-003-023","2021BDL-0723A",0.924,0.038,0,0,0,0,0.036,0,0,0,0,0,0,0,0,0,0,0,0,0,0,0,0,0,0
"WADE-003-024","2022Beluga-0713-SD",0.029,0.012,0.007,0,0.12,0.832,0,0,0,0,0,0,0,0,0,0,0,0,0,0,0,0,0,0,0
"WADE-003-025","DL17HB001",0.382,0.38,0.024,0.039,0,0.04,0.122,0,0,0,0,0,0,0,0,0.013,0,0,0,0,0,0,0,0,0
"WADE-003-026","DL17OME001",0.263,0.461,0.006,0.007,0.006,0.038,0.22,0,0,0,0,0,0,0,0,0,0,0,0,0,0,0,0,0,0
"WADE-003-027","DL18OME001",0.482,0.476,0.003,0,0.017,0,0.023,0,0,0,0,0,0,0,0,0,0,0,0,0,0,0,0,0,0
"WADE-003-028","DL18OME002",0.622,0.311,0.046,0,0.003,0,0.017,0,0,0,0,0,0,0,0,0,0,0,0,0,0,0,0,0,0
"WADE-003-029","DL18OME003",0.408,0.082,0,0,0.065,0.202,0.243,0,0,0,0,0,0,0,0,0,0,0,0,0,0,0,0,0,0
"WADE-003-030","DL18OME004",0.305,0.402,0,0,0.033,0.013,0.248,0,0,0,0,0,0,0,0,0,0,0,0,0,0,0,0,0,0
"WADE-003-031","DL20OME001",0.392,0.443,0.01,0,0.001,0.027,0.128,0,0,0,0,0,0,0,0,0,0,0,0,0,0,0,0,0,0
"WADE-003-032","DL20OME002",0.526,0.15,0.228,0,0.001,0.001,0.093,0,0,0.002,0,0,0,0,0,0,0,0,0,0,0,0,0,0,0
"WADE-003-033","DL20OME003",0.401,0.154,0.001,0,0,0.114,0.33,0,0,0,0,0,0,0,0,0,0,0,0,0,0,0,0,0,0
"WADE-003-034","DL21OTZ007",0.025,0.102,0.005,0,0.369,0.248,0.246,0,0,0,0,0,0,0,0.004,0,0,0,0,0,0.001,0,0,0,0
"WADE-003-035","DL22OME001",0.337,0.063,0.128,0,0.01,0.059,0.328,0,0,0.074,0,0,0,0,0,0,0,0,0,0,0,0,0,0,0
"WADE-003-036","DL22OME002",0.492,0.114,0,0,0.006,0.071,0.219,0,0,0.099,0,0,0,0,0,0,0,0,0,0,0,0,0,0,0
"WADE-003-037","DL22OME003",0.199,0.52,0.019,0.036,0.03,0.022,0.111,0,0.005,0.007,0,0.001,0,0.027,0,0.005,0.003,0,0.011,0,0.003,0,0,0,0
"WADE-003-038","DL22OME004",0.397,0.269,0.278,0,0.002,0,0.054,0,0,0,0,0,0,0,0,0,0,0,0,0,0,0,0,0,0
"WADE-003-039","DL22OME005",0.41,0.456,0,0,0.005,0.001,0.127,0,0,0,0,0,0,0,0,0,0,0,0,0,0,0,0,0,0
"WADE-003-040","DL22OTZ004",0.765,0.109,0.016,0,0.008,0.001,0.102,0,0,0,0,0,0,0,0,0,0,0,0,0,0,0,0,0,0
"WADE-003-041","DL22SCM001",0.419,0.257,0.002,0.018,0.105,0.002,0.159,0,0,0,0,0.001,0,0.032,0,0,0,0,0,0,0.002,0.001,0,0,0
"WADE-003-042","DL23OME001",0.278,0.296,0,0,0.003,0.007,0.407,0,0,0.009,0,0,0,0,0,0,0,0,0,0,0,0,0,0,0
"WADE-003-043","DL23OME002",0.418,0.32,0.008,0,0.001,0.007,0.221,0,0,0.024,0,0,0,0,0,0,0,0,0,0,0,0,0,0,0
"WADE-003-044","DL23OME003",0.596,0.25,0,0,0.018,0.051,0.084,0,0,0,0,0,0,0,0,0,0,0,0,0,0,0,0,0,0
"WADE-003-045","DL23SCM001",0.001,0.011,0,0.004,0.626,0.087,0.271,0,0,0,0,0,0,0,0,0,0,0,0,0,0,0,0,0,0
"WADE-003-148","2025011A",0.018,0,0.198,0.663,0,0,0.103,0,0,0.017,0,0,0,0,0,0,0,0,0,0,0,0,0,0,0
"WADE-003-149","2025011B",0.996,0.001,0,0.002,0,0,0.001,0,0,0,0,0,0,0,0,0,0,0,0,0,0,0,0,0,0
