"","Specimen.ID","Clostridium","NA","NA.1","NA.2","NA.3","Peptoclostridium","Bisgaardia","Paeniclostridium","Edwardsiella","Bacteroides","Helicobacter","NA.4","Peptostreptococcus","NA.5","Tyzzerella","Ligilactobacillus","Hathewaya","UCG-005","Muricomes","Escherichia-Shigella","Terrisporobacter","NA.6","NA.7","NA.8","NA.9","NA.10","Cetobacterium","Slackia","Erysipelothrix","Romboutsia","NA.11","NA.12","NA.13","Oceanivirga","Anaerobiospirillum","Pseudomonas","NA.14","Burkholderia-Caballeronia-Paraburkholderia","Fusobacterium","Mycoplasmoides","Staphylococcus","NA.15","Allomeiothermus","Alistipes","Paludicola","Psychrobacter","Christensenellaceae R-7 group","NA.16","NA.17","Colidextribacter","NA.18","NA.19","Blautia","Acinetobacter","NA.20","NA.21","NA.22","Moritella","NK4A214 group","Prevotellaceae Ga6A1 group","Phascolarctobacterium","Hydrogenophilus","NA.23","Fournierella","Sutterella","Ureaplasma","Anaerofilum","Actinobacillus","Gemella","Lachnospiraceae UCG-010","Mucispirillum","Thomasclavelia","Paraeggerthella","Extibacter","NA.24","Rikenellaceae RC9 gut group","NA.25","NA.26","Enhydrobacter","UCG-002","NA.27","[Eubacterium] brachy group","Peptococcus","Porphyromonas","NA.28","Collinsella","Flavobacterium","NA.29","NA.30","NA.31","NA.32","NA.33","Angelakisella","Malacoplasma","NA.34","NA.35","Odoribacter","NA.36","Negativibacillus","Morganella","Proteus","Campylobacter","Rheinheimera","Agathobaculum","Bradyrhizobium","NA.37","NA.38","NA.39","NA.40","Harryflintia","Candidatus Arthromitus","Alcaligenes","UCG-008","NA.41","NA.42","Aliivibrio","Balneicella","NA.43","Hydrogenoanaerobacterium","NA.44","NA.45","Shewanella","NA.46","Anaeroplasma","NA.47","Parvimonas","Streptococcus","NA.48","Photobacterium","Intestinimonas","Acutalibacter","NA.49","Corynebacterium","Psychrilyobacter","Brevinema","Family XIII AD3011 group","Pygmaiobacter","NA.50","Aeromonas","NA.51","NA.52","Sporosarcina","NA.53","Paucibacter","NA.54","Vibrio","Marvinbryantia","Pseudogracilibacillus","NA.55","Bergeyella","NA.56","Psychromonas","Pseudoalteromonas","Anaerococcus","NA.57","NA.58","Proteocatella","NA.59","Carnobacterium","Hymenobacter","NA.60","NA.61","Lawsonella","UCG-009","Aurantimicrobium","NA.62","Candidatus Megaira","Veillonella","Candidatus Bacilloplasma","Cloacibacterium","Chthoniobacter","Ancylomarina","Epulopiscium","Lautropia","Leucobacter","NA.63","Mesomycoplasma","NA.64","Aeromicrobium","Francisella","Anaerosalibacter","SH-PL14","NA.65","Synechococcus CC9902","NA.66","NA.67","NA.68","NA.69","NA.70","JTB215","Arcobacter","Kocuria","Colwellia","Zag_111","Pasteurella","Roseomonas","Mariniblastus","NA.71","NA.72","Psychrobium","NA.73","Candidatus Nitrosopumilus","NA.74","Mycoplasmopsis","Varibaculum","Tissierella","NA.75","NA.76","NA.77","UCG-004","Spirosoma","Schlesneria","Ornithobacterium","Fusibacter","Tenacibaculum","Pseudarthrobacter","Chryseobacterium","Nakamurella","NA.78","NA.79","Dielma","NA.80"
"WADE-003-006","2014122",1034,0,17,2813,0,0,0,75,194,3,0,2725,17840,3,0,104,2707,0,0,0,0,0,0,0,513,0,155,0,0,0,0,0,0,0,0,0,0,0,0,0,0,0,0,0,0,0,0,0,0,0,19,0,0,0,0,0,0,0,0,0,0,0,0,0,0,0,0,0,0,0,0,0,161,0,0,0,0,0,0,0,0,0,0,0,0,0,0,0,0,0,0,0,0,0,0,0,0,0,0,0,0,0,0,0,0,0,0,0,0,0,0,0,0,0,0,0,0,0,0,0,0,0,0,0,0,0,0,0,0,0,0,0,0,0,0,0,0,0,0,0,0,0,0,0,0,0,0,0,0,0,0,0,0,0,0,0,0,0,0,0,0,0,0,0,0,0,0,0,0,0,0,0,0,0,0,0,0,0,0,0,0,0,0,0,0,0,0,0,0,0,0,0,0,0,0,0,0,0,0,0,0,0,0,0,0,0,0,0,0,0,0,0,0,0,0,0,0,0,0,0,0,0
"WADE-003-007","2017198",9167,0,36,861,0,0,0,59,7481,88,0,113,2677,0,0,4421,901,0,0,0,0,2,0,0,72,0,0,0,0,0,0,0,0,0,0,0,0,0,0,0,0,0,0,0,0,0,0,0,0,0,0,187,0,0,0,0,0,0,0,0,0,0,0,0,0,0,0,0,0,0,0,11,83,0,0,0,0,0,0,0,0,0,0,0,0,0,0,0,0,0,0,0,0,0,0,0,0,0,0,0,0,0,0,0,0,0,0,0,0,0,0,0,0,0,0,0,0,0,0,0,0,0,0,0,0,0,0,0,0,0,0,0,0,0,0,0,0,0,0,0,0,0,0,0,0,0,0,0,0,0,0,0,0,0,0,0,0,0,0,0,0,0,0,0,0,0,0,0,0,0,0,0,0,0,0,0,0,0,0,0,4,0,0,0,0,0,0,0,0,0,0,0,0,0,0,0,0,0,0,0,0,0,0,0,0,0,0,0,0,0,0,0,0,0,0,0,0,0,0,0,0,0
"WADE-003-008","2017206",3892,0,0,2,0,0,0,12,1014,5538,0,171,18358,168,0,899,241,0,0,14,0,0,0,0,0,0,0,0,0,0,0,7,0,0,0,0,0,0,28,0,0,0,0,0,0,0,0,0,0,0,0,144,0,0,0,26,0,0,0,0,0,0,0,0,0,0,0,0,0,0,0,0,622,0,0,0,0,0,0,0,0,0,0,0,0,0,0,0,0,0,0,0,0,0,0,0,0,0,0,0,0,8,0,0,0,0,0,44,0,0,0,0,0,0,0,0,0,0,0,0,0,0,0,0,19,0,0,0,0,0,0,0,0,0,0,0,0,0,0,0,0,0,0,0,0,0,0,0,0,0,0,0,0,0,0,0,0,44,0,0,0,0,0,0,0,0,0,0,0,0,0,0,0,0,0,0,0,0,0,0,0,0,0,0,0,0,0,0,22,0,0,0,0,0,0,0,0,0,0,0,0,0,0,0,0,0,0,0,0,0,0,0,0,0,0,0,0,0,0,0,0,0
"WADE-003-009","2017215",11513,0,0,4242,0,0,0,0,752,16752,0,8931,404,0,0,15,1248,0,0,0,0,18,0,0,986,0,0,0,14,0,0,0,0,0,0,0,0,31,1203,0,0,0,0,0,0,0,0,0,0,0,0,0,0,0,0,0,0,0,0,0,0,8,0,0,0,0,0,0,0,0,0,0,558,0,0,0,0,0,0,0,0,0,0,2479,0,0,0,0,0,0,0,958,0,0,0,0,0,0,0,0,0,0,0,0,0,0,0,0,0,0,0,0,0,0,0,0,0,0,0,0,0,0,0,0,0,0,0,0,0,0,0,0,0,0,0,0,0,0,0,0,0,0,0,0,0,0,0,0,0,0,0,0,0,0,0,0,0,0,0,0,0,0,0,0,0,0,0,0,0,0,0,0,0,0,0,0,0,0,0,0,0,0,0,0,0,0,0,0,0,0,0,0,0,0,0,0,0,0,0,0,0,18,0,0,0,0,0,0,0,0,0,0,0,9,0,0,0,0,0,0,0,0
"WADE-003-010","2017217",7483,178,0,0,0,0,0,2480,0,0,521,152,0,0,0,0,0,0,0,9925,0,0,0,0,0,0,0,0,0,0,0,0,0,3,0,0,0,0,0,0,0,0,0,0,0,0,0,0,0,0,0,0,0,0,0,0,0,0,0,0,0,0,0,0,0,0,0,141,0,0,0,0,0,0,0,0,0,0,0,0,0,0,0,0,0,0,9,0,0,0,0,0,0,0,3,0,0,0,0,0,0,0,0,0,0,0,0,0,0,0,0,0,0,0,0,0,0,0,0,0,0,0,0,0,0,0,0,0,0,0,0,5,0,0,0,0,0,0,0,0,0,0,0,0,0,211,0,0,0,0,0,0,0,0,0,0,82,0,0,0,0,0,0,0,0,0,0,0,0,0,0,0,0,0,0,0,0,14,0,0,0,0,0,0,0,0,24,0,0,0,0,0,0,0,0,0,0,0,0,0,0,0,0,0,0,0,3,0,0,0,0,0,0,0,9,0,0,0,0,0,0,0
"WADE-003-011","2017221",3303,0,0,0,0,0,0,19,4897,15410,0,40,2448,0,0,2563,34,0,0,0,0,0,0,0,292,0,144,0,0,0,0,0,0,0,0,0,0,0,0,0,0,0,0,0,0,0,0,0,0,0,39,412,0,0,0,0,0,0,0,0,0,0,0,0,0,0,0,0,0,0,0,0,28,0,0,0,0,0,0,0,0,0,0,0,0,0,0,0,0,0,0,0,0,0,0,0,0,0,0,0,0,0,0,0,0,0,0,0,0,0,0,0,0,0,0,0,0,0,0,0,0,0,0,0,0,0,0,0,0,0,0,0,0,0,0,0,0,0,0,0,0,0,0,0,0,0,0,0,0,0,0,0,0,0,0,0,0,0,0,0,0,0,0,0,0,0,0,0,0,0,0,0,0,0,0,0,0,0,0,0,0,0,0,0,0,0,0,0,0,0,0,0,0,0,0,0,0,0,0,0,0,0,0,0,0,0,0,0,0,0,0,0,0,0,0,0,0,0,0,0,0,0
"WADE-003-012","2017222",3871,0,0,5221,0,0,0,55,1834,6365,0,2282,0,0,0,589,352,0,0,0,0,0,0,0,0,0,0,0,0,0,0,0,0,0,0,0,0,0,62,0,0,0,0,0,0,0,0,0,0,0,0,85,0,0,0,0,0,0,0,0,0,0,0,0,0,0,0,0,0,0,0,0,51,0,0,0,0,399,0,0,0,0,0,0,0,0,0,0,0,0,0,0,0,0,0,0,0,0,0,0,0,0,0,0,0,0,0,0,0,0,0,0,0,0,0,0,0,0,0,0,0,0,0,0,0,0,0,0,0,0,0,0,0,0,0,0,0,0,0,0,0,0,0,0,0,0,0,0,0,0,0,0,0,0,0,0,0,0,0,0,0,0,0,0,0,0,0,0,0,0,0,0,0,0,0,0,0,0,0,15,0,0,0,0,0,0,0,0,0,0,0,0,0,0,0,0,0,0,0,0,0,0,0,0,0,0,0,0,0,0,0,0,0,0,0,0,0,0,0,0,0,0
"WADE-003-013","2017228",25690,0,0,60,0,0,0,1650,283,446,0,2191,26,107,0,3140,3381,0,0,0,0,0,0,0,0,0,0,0,0,0,0,0,0,0,0,0,0,0,0,0,0,0,0,0,0,0,0,0,0,0,0,524,0,16,0,0,0,0,0,0,0,0,0,0,0,0,0,12,0,0,0,0,297,0,0,0,0,0,2,0,0,0,0,0,0,0,0,0,24,0,0,0,0,0,0,0,0,0,0,0,0,0,0,0,0,0,0,0,0,0,0,0,0,0,0,0,0,0,0,0,0,0,0,0,0,0,19,0,0,0,0,0,0,0,0,0,0,0,0,0,0,0,0,0,0,0,0,0,0,0,0,0,0,0,0,0,0,0,0,0,0,0,0,0,0,0,0,0,0,0,0,0,0,0,0,0,0,0,0,0,0,0,0,0,0,0,0,0,0,0,0,5,0,0,0,0,0,0,0,0,0,0,0,0,0,0,0,0,0,0,0,0,0,0,0,0,0,0,0,0,0,0
"WADE-003-014","2017230",8678,0,76,12171,0,0,0,2033,0,3638,0,152,0,8,0,519,12,0,0,4,0,0,0,0,343,0,0,0,0,0,0,0,0,0,0,0,0,0,132,55,0,0,0,0,0,0,0,0,0,0,0,86,0,0,0,0,0,0,0,0,0,0,0,0,1064,32,0,13,0,0,0,0,54,0,0,0,0,0,0,0,0,0,0,0,0,0,0,0,1403,0,0,50,0,0,0,0,0,0,0,62,0,0,0,0,0,0,0,0,0,0,0,0,0,0,0,0,0,0,0,0,0,0,0,0,0,0,0,0,0,0,0,0,0,0,0,0,0,0,0,0,0,0,0,0,0,0,0,0,0,0,0,0,0,0,0,0,0,0,0,0,0,0,0,0,0,0,0,0,0,0,0,0,0,0,0,0,0,0,0,0,0,0,0,0,0,0,0,0,0,0,0,0,0,0,0,0,0,0,0,0,0,0,0,0,0,0,0,0,0,0,0,0,0,0,0,0,0,0,0,0,0,0
"WADE-003-015","2018278",8139,0,0,7,0,0,0,92,0,7,0,2044,0,43,0,0,175,0,0,0,0,0,0,0,5394,0,0,0,896,0,0,0,0,0,0,0,0,4,0,13,0,0,0,0,0,0,0,0,0,0,0,0,0,0,0,0,0,0,0,0,0,0,0,0,0,0,0,0,0,0,0,0,13,0,0,0,0,3190,0,0,0,0,0,0,0,0,0,0,0,0,0,0,0,0,0,0,0,0,0,0,0,0,0,0,0,0,0,0,0,0,0,0,0,0,0,0,0,0,0,0,0,0,0,0,23,0,0,39,0,0,0,0,0,0,0,0,0,0,0,0,0,0,0,0,0,0,0,0,0,0,0,0,0,0,0,0,0,0,0,0,0,0,0,0,0,0,0,0,0,0,0,0,0,0,0,0,0,0,0,0,0,0,0,0,0,0,0,0,0,0,0,0,0,0,0,0,0,0,0,0,0,0,0,0,0,0,0,0,0,0,0,0,0,0,0,0,0,0,0,0,0,0
"WADE-003-016","2020230",36943,387,0,13,0,0,0,2344,0,17,54,771,13,8,0,8,345,0,0,0,0,38,0,0,58,0,0,0,0,0,0,0,0,0,0,0,0,0,0,0,0,0,0,0,0,0,0,0,0,0,0,0,0,0,0,0,0,0,0,0,0,0,0,0,0,0,0,0,0,0,0,0,0,0,0,0,0,101,0,0,0,0,0,0,0,0,0,0,0,0,0,0,0,0,0,0,0,0,0,0,0,0,0,0,0,0,0,0,0,0,0,0,0,0,0,0,0,0,0,0,0,0,0,0,0,0,0,0,0,0,0,0,0,0,0,0,0,0,0,0,0,0,0,0,0,0,0,0,0,0,0,0,0,0,0,0,0,0,0,0,0,0,0,0,0,0,0,0,0,0,0,0,0,0,0,0,0,0,0,0,0,0,0,0,0,0,0,0,0,0,0,0,0,0,0,0,0,0,0,0,0,0,0,0,0,0,0,0,0,0,0,0,0,0,0,0,0,0,0,0,0,0
"WADE-003-017","2021028",810,127,0,0,0,0,0,500,1111,17,0,0,0,0,0,0,0,0,0,0,0,0,0,0,0,0,1175,0,0,0,211,0,0,0,0,0,0,0,0,0,0,0,0,0,0,0,0,0,0,0,0,0,0,0,0,0,0,0,0,0,0,0,0,0,0,0,0,0,0,0,0,0,9,0,0,0,0,0,0,0,0,0,0,0,0,0,0,0,0,0,0,0,0,0,0,0,0,0,0,0,0,0,0,0,0,0,0,0,0,0,0,0,0,0,0,0,0,0,0,0,0,0,0,0,0,0,0,0,0,0,0,0,0,0,0,0,0,0,0,0,0,0,0,0,0,0,0,0,0,0,0,0,0,0,0,0,0,0,0,0,0,0,0,0,0,0,0,0,0,0,0,0,0,0,0,0,0,0,0,0,0,0,0,0,0,0,0,0,0,0,0,0,0,0,0,0,0,0,0,0,0,0,0,0,0,0,0,0,0,0,0,0,0,0,0,0,0,0,0,0,0,0
"WADE-003-018","2021214",2439,0,0,7714,0,0,0,355,0,3201,0,6472,17,32,0,646,2190,0,0,0,0,0,0,0,0,0,17,0,1824,0,0,0,0,0,0,0,0,0,0,0,0,0,0,0,0,0,0,0,0,0,30,96,0,0,0,0,0,0,0,0,0,0,0,0,169,0,0,0,0,0,0,0,64,0,0,0,0,127,0,0,0,0,0,0,0,0,0,0,242,0,0,377,0,0,0,0,0,0,0,0,13,0,0,0,0,0,0,0,0,0,0,0,0,0,0,0,0,0,0,0,0,0,0,0,0,0,0,0,0,0,0,0,0,0,0,0,0,0,0,0,0,0,0,0,0,0,0,0,0,0,0,0,0,0,0,0,0,0,0,0,0,0,0,0,0,0,0,0,0,0,0,0,0,0,0,0,0,0,0,0,0,0,0,0,0,0,0,0,0,0,0,0,0,0,0,0,0,0,0,0,0,0,0,0,0,0,0,0,0,0,0,0,0,0,0,0,0,0,0,0,0,0
"WADE-003-022","2022161",14636,0,0,0,0,0,0,264,0,18,0,0,0,43,0,0,1420,0,0,16,0,0,0,0,0,0,0,0,12475,87,0,0,0,0,0,0,0,0,0,0,0,0,0,0,0,0,0,0,0,0,0,0,0,0,0,0,0,0,0,0,0,0,0,0,0,0,0,98,0,0,0,0,0,0,0,0,0,0,0,0,0,0,0,0,0,0,0,0,0,0,0,0,0,0,0,0,0,0,0,0,0,0,0,0,0,0,0,0,0,0,0,0,0,0,0,0,0,0,0,0,0,0,0,0,0,0,0,0,0,0,0,0,0,0,0,0,0,0,0,0,0,0,0,0,0,0,0,0,0,0,0,0,0,0,0,0,0,0,0,0,0,0,0,0,0,0,0,0,0,0,0,0,0,0,0,0,0,0,0,0,0,0,0,0,0,0,0,0,0,0,0,0,0,0,0,0,0,0,0,0,0,0,0,0,0,0,0,0,0,0,0,0,0,0,0,0,0,0,0,0,0,0
"WADE-003-023","2022165",3650,0,0,0,0,0,0,849,0,2,0,6,9470,12,0,4,10037,0,0,0,0,0,0,0,0,0,0,0,943,0,0,0,0,0,0,0,0,0,0,0,0,0,0,0,0,0,0,0,0,0,443,0,0,0,0,0,0,0,0,0,0,0,0,0,0,0,0,30,0,0,0,0,0,13,0,0,0,0,0,0,0,0,0,10,0,0,0,0,0,0,0,0,0,0,0,0,0,0,0,410,0,0,0,0,0,0,0,0,0,0,0,0,0,0,0,0,0,0,0,0,0,0,7,0,0,0,0,0,0,0,0,5,0,0,0,0,0,0,80,0,0,0,0,0,0,26,0,0,0,0,0,0,0,0,0,0,0,0,0,0,0,0,0,0,0,0,0,0,0,0,0,0,0,0,0,0,0,0,0,0,0,0,0,0,0,0,0,0,0,0,0,0,0,0,4,0,0,0,0,0,0,0,0,0,0,0,0,0,0,0,0,0,0,0,0,0,0,0,0,0,0,0
"WADE-003-001","2023157",3611,0,40,2537,0,0,0,1411,26142,198,346,1225,6305,1856,0,11554,49,0,0,0,8,0,0,0,1106,0,0,0,0,0,0,0,0,0,0,0,0,18,0,64,0,0,0,0,0,0,0,0,0,0,0,2386,0,0,0,0,0,0,0,0,0,0,0,0,0,4,0,0,0,0,0,0,0,0,0,0,0,0,0,0,0,0,0,0,0,0,0,0,0,0,0,0,0,18,0,0,0,0,0,0,0,14,0,0,0,0,0,0,0,0,0,0,0,0,0,0,0,0,0,0,0,0,0,0,136,0,0,0,0,0,0,0,0,0,0,0,0,0,0,0,0,0,0,0,0,0,0,0,0,0,0,0,0,0,0,0,0,0,0,0,0,0,0,0,0,0,0,0,0,0,0,0,0,0,0,0,0,0,0,0,0,0,0,0,0,0,0,0,0,0,0,0,0,0,0,0,0,0,0,0,0,0,0,0,0,0,0,0,0,0,0,0,0,0,0,0,0,0,0,0,0,0
"WADE-003-003","2023281",2821,0,0,72,0,0,0,218,0,15585,0,802,1159,0,0,1562,262,0,0,286,0,0,0,0,0,0,2243,0,943,0,0,0,0,0,0,0,0,0,0,0,0,0,0,0,0,0,0,0,0,0,2665,291,0,0,0,0,0,0,0,0,0,0,0,0,0,0,0,0,0,0,0,0,184,0,0,0,0,0,0,0,0,0,0,0,0,0,0,11,0,0,0,0,0,0,0,0,0,0,0,758,692,0,0,0,0,0,0,0,0,0,0,0,0,0,0,0,0,0,0,0,0,0,0,0,0,0,0,0,0,0,0,0,0,0,0,0,0,0,0,0,0,0,0,0,0,0,0,0,0,0,0,0,0,0,0,0,0,12,0,0,0,0,0,0,0,0,0,0,0,0,0,0,0,0,0,0,0,0,0,0,0,0,0,0,0,0,0,0,0,0,0,0,0,0,0,0,0,0,0,0,0,0,0,0,0,0,0,0,0,0,0,0,0,0,0,0,0,0,0,0,0,0
"WADE-003-004","2023295",12485,0,0,121,0,0,0,149,1392,2058,7,386,491,137,0,361,54,0,0,0,0,0,0,0,0,0,0,0,0,0,0,0,0,0,0,0,0,0,0,0,0,0,0,0,0,0,0,0,0,0,5,57,0,0,0,0,0,0,0,0,0,0,0,0,0,0,0,0,0,0,0,24,1392,0,0,0,0,0,0,0,0,0,0,0,0,0,0,0,0,0,0,73,0,0,12,0,0,0,0,0,0,0,0,0,0,0,0,0,0,0,0,0,0,0,0,0,0,0,0,0,0,0,0,0,0,0,0,28,0,0,0,0,0,0,0,0,0,0,0,0,0,0,0,0,0,0,0,0,0,0,0,0,0,0,0,0,0,0,0,0,0,0,0,0,0,0,0,0,0,0,0,0,0,0,0,0,0,0,0,29,0,0,0,0,0,0,0,0,0,0,0,0,0,0,22,0,0,0,0,0,0,0,0,0,0,0,0,0,0,0,0,3,0,0,0,0,0,0,0,0,0,0
"WADE-003-005","2023296",14512,0,20,8,0,0,0,94,5224,3609,14,306,2173,54,0,8337,132,0,0,0,0,0,0,0,0,0,29,0,0,0,0,8,0,0,0,0,0,0,0,0,0,0,0,0,0,0,0,0,0,0,0,1405,0,0,0,0,0,0,0,0,0,0,0,0,0,0,0,0,0,0,0,0,60,0,0,0,0,0,0,0,0,0,0,3,0,0,0,0,0,0,0,0,0,0,0,0,0,0,0,24,0,0,0,0,0,0,0,0,0,0,0,0,0,0,0,0,0,0,0,0,0,0,0,0,0,0,0,0,0,0,0,0,0,0,0,0,0,0,0,0,0,0,0,0,0,31,0,0,0,0,0,0,0,0,0,0,0,83,0,0,0,0,0,0,0,0,0,0,0,0,0,0,0,0,0,0,0,0,0,0,0,0,0,0,0,0,0,0,0,0,0,0,0,0,0,0,0,0,0,0,0,0,0,0,0,0,0,0,0,0,0,0,0,0,0,0,0,0,0,0,0,0
"WADE-003-019","2021BDL-0708Sa",8143,0,0,1294,0,0,0,1590,1570,6144,0,2148,4133,274,0,848,883,0,0,0,183,8,0,0,28,0,2620,0,185,0,505,0,0,0,0,58,0,69,10,0,0,0,0,0,0,1695,0,0,0,0,57,91,0,192,0,0,0,0,0,0,0,0,0,0,0,0,0,0,0,0,0,0,7,0,0,0,0,67,0,0,0,0,0,0,0,0,0,0,15,0,0,117,0,0,0,0,0,0,0,41,8,0,0,0,0,0,0,627,0,0,0,0,0,0,0,0,0,0,0,0,0,0,0,0,0,0,0,0,0,0,0,0,0,0,0,0,0,0,0,0,0,0,0,77,0,0,0,0,0,0,0,0,0,0,0,0,0,0,0,0,0,0,0,0,0,0,0,0,0,0,0,0,0,0,0,0,0,0,0,0,0,0,0,0,0,0,0,0,0,0,0,0,0,0,0,0,0,0,0,0,0,0,0,0,0,0,0,0,0,0,0,0,0,0,0,0,0,0,0,0,0,0
"WADE-003-020","2021BDL-0723A",0,0,0,0,0,0,0,24,16,9,19767,0,7,4981,0,0,8,0,0,0,0,0,0,0,0,0,18,0,0,0,10,0,0,0,0,212,0,8,0,16,0,0,0,0,0,321,0,0,0,0,0,0,0,0,0,0,0,0,0,0,0,0,0,0,0,22,0,4,0,0,0,0,0,0,0,0,0,0,0,0,0,0,0,0,0,0,0,0,0,7,0,0,0,0,0,0,0,0,0,0,0,0,0,0,0,0,0,0,0,0,0,0,0,0,0,0,0,0,0,0,0,98,0,0,227,0,0,0,0,0,0,0,0,0,0,0,0,0,0,0,0,0,0,0,0,0,0,0,0,0,0,0,5,0,0,0,0,0,6,0,0,0,0,0,0,0,0,0,0,0,0,0,0,0,0,0,0,0,0,0,0,0,0,0,0,0,0,0,0,0,0,0,0,0,0,0,0,0,0,0,0,0,0,0,0,0,0,0,0,0,0,0,0,0,0,0,0,0,0,0,0,0
"WADE-003-024","2022Beluga-0713-SD",0,234,0,229,0,0,0,831,0,8,4517,0,0,31194,0,0,0,0,0,0,0,0,0,0,0,0,0,0,0,0,0,0,0,0,0,0,0,288,35,0,0,0,0,0,0,0,0,0,0,0,0,0,0,0,0,0,0,0,0,0,0,0,0,0,0,0,0,151,0,0,0,0,0,0,0,0,0,0,0,0,0,0,0,0,0,0,0,0,0,0,0,0,0,0,0,0,0,0,0,0,0,0,0,0,0,0,0,0,0,0,0,0,0,0,0,0,0,0,0,0,0,0,5,0,24,0,0,0,0,0,0,0,0,0,0,0,0,0,0,0,0,0,8,0,0,0,0,6,0,0,0,0,0,0,0,0,0,0,0,0,0,0,0,0,0,0,0,0,0,0,0,0,0,0,0,0,0,0,0,0,0,0,0,0,0,0,0,0,8,0,0,0,0,0,0,0,0,0,0,0,0,0,0,0,0,0,0,0,0,0,0,0,0,0,0,0,0,0,0,0,0,0
"WADE-003-025","DL17HB001",8065,490,9243,586,0,0,0,555,215,644,0,15,229,990,0,2735,179,0,0,0,0,0,0,0,20,0,0,0,0,0,0,0,0,0,0,0,0,7,15,152,0,0,0,0,0,42,0,0,0,0,0,0,0,0,0,0,0,0,0,0,0,0,0,0,0,127,0,0,0,0,0,0,0,0,0,0,0,0,0,0,0,0,0,0,0,0,324,0,0,0,0,0,0,0,0,0,0,0,0,0,0,0,0,0,0,0,0,0,0,0,0,0,0,0,0,0,0,0,0,0,0,0,0,0,0,0,0,0,0,0,0,0,0,0,0,0,0,0,0,328,0,0,24,0,0,0,0,0,0,0,0,0,0,0,0,0,0,0,0,0,0,3,0,0,0,0,0,0,0,0,0,0,0,0,0,0,0,0,0,0,3,0,0,0,0,0,0,0,0,0,0,0,0,0,0,3,0,0,0,0,0,0,0,0,0,0,0,0,0,0,0,0,0,0,0,0,0,0,0,0,0,0
"WADE-003-026","DL17OME001",6138,780,13682,29,0,0,0,1088,410,197,146,3,51,1141,0,5821,0,0,0,28,0,0,0,0,0,0,146,0,0,0,0,0,0,0,0,0,0,14,0,253,0,0,3,0,0,0,0,0,0,0,0,614,0,0,0,0,0,0,0,0,0,0,0,0,0,32,0,0,0,0,0,0,0,0,0,0,0,0,0,0,0,0,0,0,0,0,4,0,2,0,0,0,0,18,0,0,0,0,0,0,0,27,0,0,0,0,0,0,0,0,0,0,0,0,0,0,0,0,0,0,0,0,0,0,28,0,0,0,0,0,0,0,0,0,0,0,0,0,0,0,0,0,0,0,0,0,0,0,0,0,0,0,0,0,0,0,0,0,0,0,0,0,0,0,0,0,0,0,2,0,0,0,0,0,0,0,0,0,0,0,0,0,0,0,0,0,0,0,0,0,0,0,0,0,0,0,0,0,0,0,0,0,0,0,5,0,0,0,0,0,0,0,0,0,0,0,0,0,0,0,0,0
"WADE-003-027","DL18OME001",9644,1431,15483,0,0,0,0,4181,0,0,566,508,0,0,0,544,0,0,0,0,0,0,0,0,0,0,84,0,0,0,0,0,0,0,0,0,0,0,0,27,0,0,0,0,0,0,0,0,0,0,0,68,0,0,0,0,0,0,0,0,0,0,0,0,0,106,0,0,0,0,0,0,0,0,0,0,0,0,0,0,0,0,0,0,0,0,0,0,0,0,0,0,0,0,0,91,0,0,0,0,0,3,0,0,0,0,0,0,0,0,0,0,0,0,0,0,0,0,0,0,0,0,0,0,0,0,0,0,0,0,0,0,0,0,0,0,0,0,0,0,0,0,0,0,0,0,0,0,0,0,0,0,0,0,0,0,0,0,0,0,0,0,0,0,0,0,0,0,0,0,0,0,0,0,0,0,0,0,0,0,0,0,0,0,0,0,0,0,0,0,0,0,0,0,0,0,0,0,0,0,0,0,0,0,0,0,0,0,0,0,0,0,0,0,0,0,0,0,0,0,0,0
"WADE-003-028","DL18OME002",7995,12398,10321,52,0,0,0,102,0,0,90,0,0,9,0,387,0,0,0,0,0,0,0,0,0,0,1477,0,0,194,0,0,0,0,0,0,0,0,0,62,0,0,0,0,0,0,0,0,0,0,0,74,0,0,0,0,0,0,0,0,0,0,0,0,0,51,0,0,0,0,0,0,0,0,0,0,0,0,0,0,0,0,0,0,0,0,0,0,0,0,0,0,0,0,0,24,0,0,0,0,0,0,0,0,0,0,0,0,0,0,0,0,0,0,0,0,0,0,0,0,0,0,0,0,0,0,0,0,0,0,0,0,0,0,0,0,0,0,0,0,0,0,0,0,0,0,0,0,0,0,0,0,0,0,0,0,0,0,0,0,0,0,0,0,0,0,0,0,0,0,0,0,0,0,0,0,0,0,0,0,0,0,0,0,0,0,0,0,0,0,0,0,0,0,0,0,0,0,0,0,0,0,0,0,0,0,0,0,0,0,0,0,0,0,0,0,0,0,0,0,0,0
"WADE-003-029","DL18OME003",9882,0,1848,0,0,0,0,92,0,0,1563,0,0,4870,0,5044,0,0,0,0,0,0,0,0,0,0,0,0,0,0,0,0,0,0,0,0,0,0,0,36,0,0,0,0,0,0,0,0,0,0,0,828,0,4,0,0,0,0,0,0,0,0,0,0,0,28,0,159,0,0,0,0,0,0,0,0,0,0,0,0,0,0,0,0,0,0,0,0,0,0,0,0,0,0,0,0,0,0,0,0,0,25,0,0,0,0,0,0,0,0,0,0,0,0,0,0,0,0,0,0,0,0,0,0,57,0,0,0,3,0,0,0,0,0,0,0,0,0,0,0,0,0,0,0,0,0,0,0,0,0,0,0,0,0,0,0,0,0,0,0,0,0,0,0,0,0,0,0,0,0,0,0,0,0,0,0,0,0,0,0,0,0,0,0,0,0,0,0,0,0,0,0,0,0,0,0,0,0,0,0,0,0,0,0,0,0,0,0,0,0,0,0,0,0,0,0,0,0,0,0,0,0
"WADE-003-030","DL18OME004",7010,755,15509,0,0,0,0,3675,0,0,1272,414,0,452,0,9285,0,0,0,0,0,0,0,0,0,0,0,0,0,0,0,0,0,0,0,0,0,0,0,223,0,0,0,0,0,0,0,0,0,0,0,0,0,0,0,0,0,0,0,0,0,0,0,0,0,122,0,4,0,0,0,0,0,0,0,0,0,0,0,0,0,0,0,0,0,0,0,0,0,0,0,0,0,0,0,112,0,0,0,0,0,0,0,0,0,0,0,0,0,0,0,0,0,0,0,0,0,0,0,0,0,0,0,0,65,0,0,0,0,0,0,0,0,0,0,0,0,0,0,0,0,0,0,0,0,0,0,0,0,0,0,0,0,0,0,0,0,0,0,0,0,0,0,0,0,0,0,0,0,0,0,0,0,0,0,0,0,0,0,0,0,0,0,0,0,0,5,0,0,0,0,0,0,0,0,0,0,0,0,0,0,0,0,0,0,0,0,0,0,0,0,0,0,0,0,0,0,0,0,0,0,0
"WADE-003-031","DL20OME001",2720,594,13856,0,0,0,0,9815,205,0,11,617,0,932,0,3826,0,0,0,0,0,0,0,0,0,0,332,0,0,0,0,0,0,3,0,0,0,0,0,102,0,0,0,0,0,0,0,0,0,0,0,468,0,0,0,0,0,0,0,0,0,0,0,0,0,87,0,221,0,0,0,0,0,0,0,0,0,0,0,0,0,0,0,0,0,0,0,0,0,0,0,0,0,4,0,1234,0,0,0,0,0,19,0,0,0,0,0,0,0,0,0,0,0,0,0,0,0,0,0,0,0,0,0,0,4,0,0,0,0,0,0,0,0,0,0,0,0,0,0,0,0,0,0,0,0,0,0,0,0,0,0,0,0,0,0,0,0,0,0,0,0,0,0,0,0,0,0,0,0,0,0,0,0,0,0,0,0,0,0,0,0,0,0,0,0,0,0,0,0,0,0,0,0,0,0,0,0,0,0,0,0,0,0,0,0,0,0,0,0,0,0,0,0,0,0,0,0,0,0,0,0,0
"WADE-003-032","DL20OME002",3441,0,2768,303,0,0,0,9471,902,5,10,0,0,13,0,2158,0,0,0,0,0,0,0,0,0,0,5288,0,0,0,0,0,0,0,0,0,0,0,0,0,0,0,0,0,0,0,0,0,0,0,0,115,0,0,46,16,0,0,0,0,0,0,0,0,0,0,0,0,0,0,0,0,0,0,0,0,0,0,0,0,0,0,0,0,0,0,0,0,3,0,0,0,0,0,0,0,0,0,0,0,0,6,0,0,0,0,0,0,0,0,0,0,0,0,0,0,0,0,0,0,0,0,0,0,0,0,0,0,0,0,0,0,0,0,0,0,0,0,0,0,0,0,0,0,0,0,0,0,0,0,0,0,0,0,0,0,0,0,0,0,0,0,0,0,0,0,0,0,0,0,0,0,0,0,0,0,0,0,0,0,0,0,0,0,0,0,0,0,0,0,0,0,0,0,0,0,0,0,0,0,0,0,0,0,0,0,0,0,0,0,0,0,0,0,0,0,0,0,0,0,0,0
"WADE-003-033","DL20OME003",8962,3265,2433,16,0,0,0,230,0,0,0,232,25,3517,0,8856,0,0,0,0,0,0,0,0,0,0,18,0,4,0,0,0,0,4,0,0,0,0,0,2,0,0,0,0,0,0,0,0,0,0,0,1516,0,0,0,0,0,0,0,0,0,0,0,0,0,112,0,2294,0,0,0,0,0,0,0,0,2,0,0,0,0,0,0,0,0,0,0,0,0,0,0,0,0,0,5,61,0,0,0,0,0,0,0,0,0,0,0,0,0,0,0,0,0,0,0,0,0,0,0,0,0,0,0,0,117,12,0,0,0,0,0,0,0,0,0,0,0,0,0,0,0,0,0,0,0,0,0,0,0,0,0,0,0,0,0,0,0,0,0,0,0,0,0,0,0,0,0,0,0,0,0,0,0,0,0,0,0,0,0,0,0,0,0,0,0,0,77,5,0,0,0,0,0,0,0,0,0,0,0,0,0,0,0,0,0,0,0,0,0,0,0,0,0,0,0,0,0,0,0,0,0,0
"WADE-003-034","DL21OTZ007",122,632,3112,0,0,0,0,0,0,0,11819,58,0,7952,0,368,0,0,0,0,0,0,0,0,0,0,47,0,0,0,0,0,0,102,0,0,0,12,0,4624,0,0,10,0,0,0,0,0,0,0,15,0,0,6,0,0,0,0,0,0,0,0,0,0,0,2863,0,81,0,0,0,0,0,0,0,0,0,0,0,0,0,0,0,0,0,0,0,0,0,0,0,0,0,0,0,0,0,0,0,0,0,0,0,0,0,0,0,0,0,0,0,5,0,0,0,0,0,0,0,0,0,0,21,0,0,0,12,0,23,0,0,0,0,0,116,0,0,7,0,0,0,0,0,0,0,0,0,0,0,0,0,0,0,0,0,0,0,0,0,0,0,0,0,0,0,0,0,0,0,0,0,0,0,0,0,0,0,0,0,0,0,0,0,0,0,5,0,0,0,0,0,0,0,0,0,0,0,0,0,0,0,0,22,0,0,0,0,0,0,0,0,0,0,0,0,0,0,0,0,0,0,0
"WADE-003-035","DL22OME001",15635,0,3713,41,0,0,0,4414,19,0,614,0,0,45,0,19471,0,0,0,0,0,0,0,0,0,0,7571,0,0,0,0,0,0,0,0,0,0,8,0,12,0,0,0,0,0,0,0,0,0,0,0,7,0,0,4422,3439,0,0,0,0,0,0,0,0,0,18,0,0,0,0,0,0,0,0,0,0,32,0,0,0,0,0,0,0,0,0,0,0,0,0,0,0,0,0,0,0,0,0,0,0,0,0,0,0,0,0,0,0,0,0,0,0,0,0,0,0,0,0,0,0,0,0,0,0,32,0,0,0,0,0,0,0,0,0,0,0,0,0,0,0,0,0,0,0,0,0,0,0,0,0,0,0,0,0,0,0,0,0,0,0,0,0,0,0,0,0,0,0,0,0,0,0,0,0,0,0,0,0,0,0,0,0,0,0,0,0,0,0,0,0,0,0,0,0,0,0,0,0,0,0,0,0,0,0,0,0,0,0,0,0,0,0,0,0,0,0,0,0,0,0,0,0
"WADE-003-036","DL22OME002",2279,12463,3476,0,0,0,0,3329,0,0,227,53,0,96,0,7054,0,0,0,0,0,0,0,0,0,0,0,0,0,0,0,0,0,0,0,0,0,0,0,24,0,0,0,0,0,0,0,0,0,0,0,962,0,0,3641,2504,0,0,0,0,0,0,0,0,0,33,0,726,0,0,0,0,0,0,0,0,0,0,0,0,0,0,0,0,0,0,0,0,0,0,0,0,0,0,0,0,0,0,0,0,0,0,0,0,0,0,0,0,0,0,0,0,0,0,0,0,0,0,0,0,0,0,0,0,0,0,0,0,0,0,0,0,0,0,0,0,0,0,0,0,0,0,0,0,0,0,0,0,0,0,0,0,0,0,0,0,0,0,0,0,0,0,0,0,0,0,0,0,0,0,0,0,0,0,0,0,0,0,0,0,0,0,0,0,0,0,0,0,0,0,0,0,0,0,0,0,0,0,0,0,0,0,0,0,0,0,0,0,0,0,0,0,0,0,0,0,0,0,0,0,0,0
"WADE-003-037","DL22OME003",830,986,862,313,0,0,852,394,579,91,522,1033,0,7,0,1168,30,6,0,0,0,0,0,138,0,0,0,0,0,0,0,0,0,39,0,0,30,4572,0,350,54,0,91,0,0,202,0,0,0,0,80,115,0,81,94,0,0,0,0,0,0,31,0,0,0,6,0,0,0,0,0,0,0,0,0,0,0,0,122,0,0,0,0,0,0,0,80,0,0,14,0,0,0,0,52,0,0,0,0,0,0,0,0,0,0,0,0,0,0,0,0,569,0,0,0,0,0,0,0,0,0,0,509,0,0,0,0,0,0,0,0,0,155,0,0,0,0,0,177,98,0,315,18,0,51,0,0,0,0,0,206,0,0,334,203,28,0,0,8,260,0,0,0,0,0,0,0,42,0,0,59,0,0,11,0,0,0,0,0,0,0,0,0,25,0,85,0,0,12,0,30,0,0,0,0,0,0,28,0,0,38,0,0,0,0,0,0,0,0,0,11,0,0,0,0,0,0,0,0,0,0,0
"WADE-003-038","DL22OME004",6740,6090,0,9340,0,0,5,0,7987,0,54,564,0,0,0,0,0,0,0,0,0,0,0,0,0,0,0,0,0,0,0,0,0,6,0,0,0,5,58,1751,0,0,0,0,0,0,0,0,0,0,1098,0,0,0,0,0,0,0,0,0,0,0,0,0,0,75,0,0,0,0,0,0,0,0,0,0,0,0,0,0,0,0,0,0,0,0,0,0,0,0,0,0,0,0,0,0,0,0,0,0,0,0,0,0,0,0,0,0,0,0,0,0,0,0,0,0,0,0,0,0,0,0,0,0,0,0,0,0,0,0,0,0,0,0,0,0,0,0,0,0,0,0,0,0,0,0,0,0,0,0,0,0,0,0,0,0,0,0,0,0,0,0,0,0,0,0,0,0,0,0,0,0,0,0,0,0,0,0,0,0,0,0,0,0,0,0,0,0,0,0,0,0,0,0,0,0,0,0,0,0,0,0,0,0,0,0,0,0,0,0,0,0,0,0,0,0,0,0,0,0,0,0
"WADE-003-039","DL22OME005",5251,690,17322,0,0,0,0,9730,0,0,142,33,0,32,0,3868,0,0,0,0,0,0,0,0,0,0,19,0,0,0,0,0,0,0,0,0,0,5,0,208,0,0,0,0,0,0,0,0,0,0,0,515,0,0,0,4,0,0,0,0,0,0,0,0,0,227,0,74,0,0,0,0,0,0,51,0,0,0,0,0,0,0,0,0,0,0,0,0,0,0,0,0,0,3,0,66,0,0,0,0,0,35,0,0,0,0,0,0,0,0,0,0,0,0,0,0,0,0,0,0,0,0,0,0,0,0,0,0,0,0,0,0,0,0,0,0,0,0,0,0,0,0,0,0,0,0,0,0,0,0,0,0,0,0,0,0,0,0,0,0,0,0,0,0,0,0,0,0,0,0,0,0,0,0,0,0,0,0,0,0,0,0,0,0,0,0,0,0,0,0,0,0,0,0,0,0,0,0,0,0,0,0,0,0,0,0,0,0,0,0,0,0,0,0,0,0,0,0,0,0,0,0
"WADE-003-040","DL22OTZ004",12008,201,3855,8,0,0,0,15045,0,0,285,61,0,37,0,2902,0,0,0,0,0,0,0,0,0,0,549,0,0,0,0,0,0,0,0,0,0,0,0,38,0,0,0,0,0,0,0,0,0,0,0,0,0,0,0,0,0,0,0,0,0,0,0,0,0,688,0,32,0,0,0,0,0,0,0,0,0,0,0,0,0,0,0,0,0,0,0,0,0,0,0,0,0,0,0,0,0,0,0,0,0,0,0,0,0,0,0,0,0,0,0,0,0,0,0,0,0,0,0,0,0,0,0,0,0,0,0,0,0,0,0,0,0,0,0,0,0,0,0,0,0,0,0,0,0,0,0,0,0,0,0,0,0,0,0,0,0,0,0,0,0,0,0,0,0,0,0,0,0,0,0,0,0,0,0,0,0,0,0,0,0,0,0,0,0,0,0,0,0,0,0,0,0,0,0,0,0,0,0,0,0,0,0,0,0,0,0,0,0,0,0,0,0,0,0,0,0,0,0,0,0,0
"WADE-003-041","DL22SCM001",3564,62,0,10,0,0,0,0,3942,0,2406,5943,0,17,0,0,19,0,0,0,0,0,10,20,0,0,0,0,0,0,0,0,0,45,0,0,0,473,0,1769,0,0,3,0,0,29,0,0,0,0,1068,0,0,0,0,0,0,0,0,0,0,0,0,0,0,1744,0,0,0,0,0,0,0,0,44,0,0,0,21,0,0,0,0,0,0,0,4,0,0,14,0,0,0,15,33,15,0,0,0,0,0,0,0,0,0,0,0,0,0,0,0,81,0,0,0,31,19,0,0,0,0,0,17,0,0,0,21,6,88,0,0,461,11,0,0,0,0,354,0,0,0,7,0,0,0,0,0,0,0,28,0,0,0,0,0,0,0,0,0,8,0,4,15,0,0,0,0,0,0,0,0,0,0,0,0,0,0,0,0,0,0,0,0,30,0,7,0,28,0,0,0,0,28,0,0,0,0,0,25,0,0,0,0,0,0,0,0,0,0,0,0,0,0,0,0,0,0,0,8,0,0,0
"WADE-003-042","DL23OME001",5065,1789,7250,0,0,0,0,388,0,0,62,88,0,146,0,9304,0,0,0,0,0,0,0,0,0,0,6,0,0,0,0,0,0,0,0,0,0,0,0,1209,0,0,0,0,0,0,0,0,0,0,0,81,0,0,240,33,0,0,0,0,0,0,0,0,0,118,0,17,0,0,0,0,0,0,0,0,0,0,0,0,0,0,0,0,0,0,0,0,0,0,0,0,0,15,0,0,0,0,0,0,528,7,0,0,0,0,0,0,0,0,0,0,0,0,0,0,0,0,0,0,0,0,0,0,0,0,0,0,0,0,0,0,0,0,0,0,0,0,0,0,0,0,0,0,0,0,0,0,0,0,0,0,0,0,0,0,0,0,0,0,0,0,0,0,0,0,0,0,0,0,0,0,0,0,0,0,0,0,0,0,0,0,0,0,0,0,0,0,0,0,0,0,0,0,0,0,0,0,0,0,0,0,0,0,0,0,0,0,0,0,0,0,0,0,0,0,0,0,0,0,0,0
"WADE-003-043","DL23OME002",4633,4788,6664,15,0,0,0,0,326,0,28,25,0,38,0,4377,0,0,0,0,0,0,0,0,0,0,149,0,0,0,0,0,0,12,0,0,0,0,0,86,0,0,0,0,0,0,0,0,0,0,0,158,0,0,552,130,0,0,0,0,0,0,0,0,0,360,0,260,0,0,0,0,0,0,0,0,0,0,0,0,0,0,0,0,0,0,0,0,0,0,0,0,0,21,0,0,0,0,0,0,0,0,0,0,0,0,0,0,0,0,0,0,0,0,0,0,0,0,0,0,0,0,0,0,0,0,0,0,0,0,0,0,0,0,0,0,0,0,0,0,0,0,0,0,0,0,0,0,0,0,0,0,0,0,0,0,0,0,0,0,0,0,0,0,0,0,0,0,0,0,0,0,0,0,0,0,0,0,0,0,0,0,0,0,0,0,0,0,0,0,0,0,0,0,0,0,0,0,0,0,0,0,0,3,0,0,0,0,0,0,0,0,0,0,0,0,0,0,0,0,0,0
"WADE-003-044","DL23OME003",10533,11990,9287,3,0,0,0,0,0,0,667,0,0,1443,0,1937,0,0,0,0,0,0,0,0,0,0,0,0,0,0,0,0,0,0,0,21,0,7,0,626,0,0,4,0,0,70,0,0,0,0,0,338,0,3,6,491,0,0,0,0,0,0,0,0,0,286,0,55,0,0,0,0,0,0,0,0,0,0,0,0,0,0,0,0,0,0,0,0,0,0,0,0,0,0,0,0,0,0,0,0,0,0,0,0,0,0,0,0,0,0,0,0,0,0,0,0,0,0,0,0,0,3,0,0,0,0,0,0,7,0,0,0,0,0,0,0,0,2,0,0,0,0,0,0,0,0,0,0,0,0,0,0,0,0,0,0,0,0,0,0,0,0,0,0,0,0,0,0,0,0,0,0,0,0,0,0,0,2,0,0,0,0,0,0,0,0,0,0,0,0,0,0,0,0,0,0,0,0,0,0,0,7,0,0,0,0,0,0,0,0,0,0,0,0,0,0,0,0,0,0,0,2
"WADE-003-045","DL23SCM001",2,7,11,0,0,0,0,0,0,0,10376,0,0,1421,0,54,0,0,0,0,0,0,0,0,0,0,3,0,0,0,0,0,0,0,0,26,0,0,0,2496,0,0,0,0,0,65,0,0,0,0,0,0,0,26,0,0,0,0,0,0,0,0,0,0,0,1950,0,6,0,0,0,0,0,0,0,0,0,0,0,0,0,0,0,0,0,0,54,0,0,0,0,0,0,0,2,0,0,0,0,0,0,11,0,0,0,0,0,0,0,0,0,0,0,0,0,0,0,0,0,0,0,36,5,0,0,0,0,0,0,0,0,0,0,0,0,0,0,0,0,0,0,0,0,0,0,0,0,0,0,0,0,0,0,0,0,0,0,0,0,0,0,0,0,0,0,0,0,0,0,0,0,0,0,0,0,0,0,0,0,0,0,0,0,0,0,0,6,0,0,0,0,0,0,0,0,0,0,0,0,0,0,0,0,0,15,0,0,0,0,0,0,0,0,3,6,3,2,0,0,0,0,0
"WADE-003-122","EB23PH005-S",0,0,0,0,0,0,39243,0,0,0,3,0,0,0,0,0,0,0,0,0,0,0,0,0,0,0,0,0,0,0,0,0,0,0,0,0,0,4,0,0,0,0,0,0,0,0,0,0,0,0,0,0,0,0,0,0,0,0,0,0,0,0,0,0,0,97,0,0,0,0,0,0,0,0,0,0,0,0,0,0,0,0,0,0,0,0,0,0,0,0,0,0,0,0,0,0,0,0,0,0,0,0,0,0,0,0,0,0,0,0,0,0,0,0,0,0,0,0,0,0,0,0,0,0,0,0,117,0,0,0,0,0,0,0,0,0,0,0,0,0,0,0,0,0,0,0,0,0,0,0,0,0,0,0,0,0,0,0,0,0,0,0,0,0,0,0,56,0,0,0,0,0,0,0,0,0,0,0,0,0,0,0,0,0,0,0,0,0,0,0,0,0,0,0,0,0,0,0,0,0,0,0,0,3,0,0,0,0,0,0,0,0,0,0,0,0,0,0,0,0,0,0
"WADE-003-108","EB24GAM020-S",73,0,0,0,0,0,294,0,0,6,36775,0,0,0,0,0,0,0,0,0,0,0,0,16583,0,0,0,0,0,0,0,4,0,12,0,0,0,0,10,129,0,0,0,0,0,0,0,0,0,0,51,0,0,0,0,0,0,0,0,0,0,0,0,0,0,0,0,0,0,0,0,0,0,0,0,0,0,0,0,0,0,0,0,79,0,0,0,0,0,0,0,0,0,0,0,0,0,0,0,0,0,5,0,0,0,0,0,0,0,0,0,0,0,0,0,0,4,0,0,778,0,0,0,0,0,0,0,0,0,0,0,0,0,0,0,0,0,0,0,0,0,0,0,0,0,0,0,0,0,19,0,0,0,0,0,0,0,0,0,0,0,0,0,0,0,0,0,0,0,0,0,0,0,0,0,0,0,0,0,0,0,0,0,0,0,0,0,0,0,0,0,0,0,0,0,0,0,0,0,0,0,0,0,0,0,0,0,0,11,0,0,0,0,0,0,0,0,0,0,0,3,0
"WADE-003-109","EB24GAM027-S",7160,76,0,562,5870,772,11,0,73,4364,5698,2119,0,0,0,0,0,785,0,33,0,0,96,96,0,0,0,0,0,0,230,0,0,0,773,0,0,20,5438,0,0,58,44,0,0,28,0,0,0,0,0,0,0,0,0,0,0,0,0,0,0,0,0,0,0,0,0,0,0,0,289,0,0,0,0,0,65,0,0,0,0,0,0,0,0,0,0,0,0,0,0,0,0,0,0,0,0,0,0,0,0,0,0,0,0,0,0,0,0,0,0,0,0,0,0,0,0,0,0,41,0,0,0,0,0,0,0,0,0,0,0,0,0,0,0,0,0,0,0,0,0,0,0,0,0,0,0,0,0,0,0,0,0,0,0,0,0,0,0,0,0,0,0,0,0,0,0,0,0,0,0,0,0,0,0,0,0,0,0,0,0,0,0,0,0,0,0,0,0,0,0,0,0,0,0,0,0,0,0,0,0,0,0,0,0,0,0,0,0,0,0,0,0,0,0,0,0,0,0,0,0,0
"WADE-003-110","EB24PH055-S",511,0,5340,0,0,0,0,10423,0,0,99,14218,0,405,0,5172,0,0,0,0,0,0,0,0,0,0,3,0,0,0,0,0,0,0,0,15,0,0,0,1124,0,0,0,0,0,0,0,0,0,0,0,0,0,0,0,0,0,0,0,0,0,0,0,0,0,505,0,193,0,0,0,0,0,0,0,0,0,0,0,0,0,0,0,0,0,0,0,0,0,0,0,0,0,0,0,0,0,0,0,0,0,0,0,0,0,0,0,0,0,0,0,6,0,0,0,0,0,0,0,0,0,0,0,0,0,0,0,0,0,0,0,0,0,0,0,0,0,0,0,0,0,0,13,0,0,0,0,0,0,0,0,0,0,0,0,0,0,0,0,0,0,0,0,0,0,0,0,0,0,0,0,0,0,0,0,2,0,0,0,0,0,0,0,0,0,0,0,0,0,0,0,0,0,0,0,0,0,0,0,0,0,0,0,0,0,0,0,0,0,0,0,0,0,0,0,0,0,0,0,0,0,0
"WADE-003-124","EB24PH075-S",13490,2134,0,0,0,0,351,0,1605,0,389,3116,0,0,0,0,0,0,0,0,0,0,0,6,0,0,0,0,0,0,0,0,0,198,65,0,0,40,0,19,0,0,0,0,0,0,0,0,0,0,340,0,0,0,0,0,0,0,0,0,0,0,0,0,0,0,0,0,0,0,0,0,0,0,283,0,0,0,0,0,0,0,0,0,0,0,0,0,0,0,0,0,0,15,2,0,0,0,0,0,0,10,0,0,0,0,0,0,0,0,0,0,0,0,0,0,0,0,0,0,0,0,13,0,0,0,0,0,0,0,0,0,0,5,0,0,0,0,0,0,0,0,0,0,0,0,0,0,0,0,0,0,0,0,0,0,0,0,0,0,0,0,0,0,0,0,0,0,0,0,0,0,0,0,0,0,0,0,0,0,0,0,0,0,0,0,0,0,0,0,0,0,0,0,0,0,0,0,0,0,0,0,0,0,0,0,0,0,0,0,0,0,0,0,0,0,0,0,0,0,0,0
"WADE-003-112","PH22SH004-S",88,5,12,61,0,28,0,0,19,51,620,0,0,0,0,0,0,0,0,0,0,0,8,64,0,0,0,0,0,0,6,0,0,19,0,2,0,907,0,516,58,0,139,0,0,6,0,199,0,0,11,0,0,0,0,0,0,631,0,0,0,38,0,0,0,0,0,0,0,0,0,0,0,0,14,0,0,0,0,0,0,0,0,0,41,0,10,0,0,0,8,0,0,0,21,82,0,0,0,0,0,0,8,0,0,0,0,0,0,0,0,0,0,0,0,930,0,0,0,0,0,0,23,0,0,0,51,0,198,0,0,0,25,38,200,0,0,129,0,0,0,0,22,46,12,0,0,0,0,0,0,0,0,3,4,0,0,0,0,0,0,6,0,0,0,0,0,0,0,0,0,0,0,0,9,0,8,0,0,0,0,0,0,0,0,0,0,0,0,0,0,0,0,0,0,0,0,6,0,0,0,0,0,0,0,7,0,0,0,0,0,0,0,0,0,0,0,0,0,0,0,0
"WADE-003-113","PH22SH005-S",0,0,0,0,0,0,32082,0,0,0,0,0,0,0,0,0,0,0,0,0,0,0,0,0,0,0,0,0,0,0,0,0,0,0,0,0,0,6,0,0,8,0,0,0,0,0,0,0,0,0,0,0,0,0,0,0,0,0,0,0,0,0,0,0,0,40,0,0,0,0,0,0,0,0,0,0,0,0,0,0,0,0,0,0,0,0,0,0,0,0,0,0,0,0,0,0,0,0,0,0,0,0,0,0,0,0,0,0,0,0,0,0,0,0,0,0,0,0,0,0,0,0,0,0,0,0,8,0,0,0,0,0,0,0,0,0,0,0,0,0,0,0,0,0,0,0,0,0,0,0,0,0,0,0,0,0,0,0,0,0,0,0,0,0,0,0,11,0,0,0,0,0,0,0,0,0,11,0,0,0,0,0,0,0,0,0,0,0,0,0,0,29,0,0,0,0,0,0,0,0,0,0,0,0,0,0,0,0,0,0,0,0,0,0,0,0,0,0,0,0,6,0
"WADE-003-114","PH22SH015-S",15137,0,0,0,0,0,43,0,0,0,1972,10802,0,0,0,0,0,0,0,0,0,0,0,0,0,0,0,0,0,0,0,65,0,0,0,0,0,204,0,0,0,0,0,0,0,0,0,0,0,0,0,0,0,0,0,0,0,0,0,0,0,0,0,0,0,0,0,0,0,0,0,0,0,0,0,0,0,0,0,0,0,0,0,732,0,0,0,0,0,0,0,0,0,0,0,0,0,0,0,0,0,0,0,0,0,0,0,0,0,0,0,0,0,0,0,0,0,0,0,0,0,0,0,0,246,0,0,0,0,0,0,0,0,0,0,0,0,0,0,0,0,0,0,0,0,0,0,0,0,0,0,0,0,0,0,0,0,0,0,0,0,0,0,0,0,0,0,0,0,0,0,0,0,0,0,0,0,0,0,0,0,0,0,0,0,0,0,0,0,0,0,0,0,0,0,0,0,0,0,0,0,0,0,0,0,0,0,0,0,0,0,0,0,0,0,0,0,0,0,0,0,0
"WADE-003-115","PH22SH036-S",2860,3370,9243,0,0,0,0,884,0,0,114,0,0,114,0,2523,0,0,0,0,0,0,0,0,0,0,0,0,0,0,0,0,0,0,0,0,0,0,0,1247,0,0,0,0,0,0,0,0,0,0,0,126,0,0,0,0,0,0,0,0,0,0,0,0,0,469,0,0,0,0,0,0,0,0,0,0,0,0,0,0,0,0,0,0,0,0,0,0,0,0,0,0,0,0,0,12,0,0,0,0,0,0,0,0,0,0,0,0,0,0,0,0,0,0,0,0,0,0,0,0,0,0,0,0,0,0,0,0,0,0,0,0,0,0,0,0,0,0,0,0,0,0,0,0,0,0,0,0,0,0,0,0,0,0,0,0,0,0,0,0,0,0,0,0,0,0,0,0,0,0,0,0,0,0,0,0,0,0,0,0,0,0,0,0,0,0,0,0,0,0,0,0,0,0,0,0,0,0,0,0,0,0,0,0,0,0,0,0,0,0,0,0,0,0,0,0,0,0,0,0,0,0
"WADE-003-120","PH23SH032-S",71,336,26,432,0,0,533,3915,0,0,73,9,0,0,0,80,0,0,0,0,0,0,0,0,0,0,0,0,0,0,0,0,0,17,0,7,0,1510,5,36,523,0,59,0,0,611,0,0,0,0,123,0,0,0,0,0,0,0,0,0,0,25,0,0,0,0,0,0,0,0,0,0,0,0,0,0,0,0,0,0,0,0,0,0,0,0,851,0,0,2581,0,0,0,0,1074,0,0,0,0,0,0,0,0,0,0,0,0,0,0,0,0,0,0,0,0,0,0,0,0,0,0,0,33,0,0,9,0,0,0,0,0,0,0,0,0,0,0,0,0,0,0,0,0,0,0,0,0,0,0,0,0,0,0,0,0,0,0,0,0,0,0,0,0,0,0,0,0,0,0,0,0,0,0,0,0,0,0,6,0,0,0,0,0,0,0,0,0,0,0,0,0,0,0,0,0,0,0,0,0,0,0,0,0,0,0,0,0,0,0,0,0,0,0,0,0,0,0,2,0,0,0,0
"WADE-003-121","PH24GAM014-S",0,0,0,0,0,0,134,0,0,0,0,7078,0,0,0,0,0,0,0,0,0,0,0,0,0,0,0,0,0,0,4,0,0,109,0,6061,0,144,168,0,0,0,33,0,0,4058,0,0,0,0,1249,0,0,0,0,0,0,0,0,0,0,0,0,0,0,0,0,0,894,0,0,0,0,0,0,0,0,0,0,0,0,0,0,96,0,0,0,0,0,0,0,0,0,0,62,0,0,0,0,0,0,0,33,0,0,0,0,0,0,0,0,0,0,0,0,0,0,0,0,0,0,669,0,0,0,0,0,0,0,0,0,23,0,0,0,0,0,61,0,0,0,0,0,0,0,0,0,0,0,130,0,0,96,0,0,0,0,0,0,0,0,0,0,0,0,0,0,0,0,0,0,0,0,0,0,0,26,0,0,0,0,0,0,0,0,0,0,0,0,0,0,0,0,0,0,0,0,0,0,0,0,0,0,0,0,0,0,0,0,0,0,0,0,0,0,0,0,0,0,0,0,0
"WADE-003-125","EB21GAM031-F",24,197,0,56,5368,64,0,0,0,4593,197,0,0,0,151,0,0,1217,167,0,0,2959,1766,0,653,1532,0,162,0,0,1097,1651,691,0,0,0,215,0,0,0,0,73,0,1156,0,0,584,0,153,0,0,0,0,0,0,0,200,0,376,230,84,0,0,0,144,0,0,0,0,124,0,0,0,0,2,201,36,0,0,114,0,198,210,0,0,0,0,0,19,0,0,0,108,65,0,0,0,0,0,0,0,0,0,0,0,236,3,0,32,0,0,0,0,0,1023,0,0,0,0,0,0,0,66,190,0,0,0,0,0,0,6,0,0,0,0,153,0,0,0,0,55,0,0,0,134,0,0,0,0,0,0,0,0,0,0,0,0,0,0,0,7,0,0,0,0,0,0,0,0,0,0,0,0,0,0,0,0,0,0,0,0,0,0,0,6,0,0,0,0,0,0,0,0,0,0,0,0,0,0,0,0,0,0,0,0,0,0,0,0,0,0,0,0,0,0,0,0,0,0,0,0,0
"WADE-003-126","EB22GAM019-F",9028,277,0,170,93,28,0,0,0,570,677,30,0,0,1467,0,0,2465,0,0,123,272,0,0,127,0,213,4,0,0,0,0,110,0,48,0,0,0,3,0,0,494,0,0,0,16,61,0,11,23,0,0,0,0,0,0,9,0,8,0,33,33,0,125,13,0,0,0,0,0,70,0,0,0,0,0,0,0,0,42,0,0,0,0,0,0,6,0,0,0,0,0,33,0,0,0,0,0,0,0,0,0,0,26,0,8,0,0,0,0,0,0,0,0,85,0,0,0,0,0,0,7,0,0,0,0,0,0,0,0,2,0,0,0,0,0,0,0,0,0,0,0,0,0,0,0,0,0,0,0,0,0,0,0,0,0,0,0,0,0,0,0,0,0,0,0,0,0,0,0,0,0,0,0,0,0,0,0,0,0,0,0,0,0,0,0,0,0,0,0,0,0,0,0,0,0,0,0,0,0,0,0,0,0,0,0,0,0,0,0,0,0,0,0,0,0,0,0,0,0,0,0
"WADE-003-145","EB23PH028-F",0,159,0,5396,3616,1322,0,0,0,5606,13,794,0,0,0,0,0,778,145,0,0,531,0,0,36,98,0,0,0,0,539,0,983,0,33,0,663,0,64,0,0,29,0,666,0,0,164,0,542,138,0,0,0,0,0,0,16,0,752,0,56,0,0,124,36,0,0,0,0,0,11,0,0,96,0,0,113,0,0,7,0,0,0,0,0,0,0,0,0,0,51,0,18,0,0,0,0,0,0,0,0,0,0,109,0,0,0,0,0,0,0,0,0,0,0,0,0,0,23,0,0,0,0,0,0,0,0,0,3,0,6,0,0,0,0,0,0,0,0,0,0,0,0,0,0,0,0,0,0,0,0,0,0,0,0,0,0,0,0,0,0,0,0,9,0,0,0,0,0,0,0,0,0,0,0,0,0,0,0,0,0,0,0,0,0,0,0,0,0,0,0,0,0,0,0,0,0,0,0,0,0,0,0,0,0,0,0,0,0,0,0,0,0,0,0,0,0,0,0,0,0,0
"WADE-003-129","EB23SH008-F",9755,52,21,24,509,0,0,1571,322,2843,90,30,0,0,7936,186,0,158,9,0,0,127,0,6,176,2,0,0,0,0,384,3,0,6,0,0,203,2072,0,0,0,1440,44,0,0,233,0,0,64,0,263,0,0,0,0,0,0,0,44,0,0,11,0,0,0,0,0,0,0,0,0,0,0,0,56,0,2,0,0,10,0,70,0,0,314,0,0,0,0,0,0,0,0,844,0,0,0,0,0,0,0,25,0,0,0,0,46,0,2,0,0,0,0,0,0,0,0,0,0,0,7,0,153,0,0,0,0,0,0,0,0,20,0,0,0,0,0,0,0,0,0,0,0,0,0,0,0,0,0,0,0,0,0,0,0,0,0,0,0,0,0,0,0,0,14,0,0,0,0,0,0,0,0,0,0,0,0,0,0,0,0,0,0,0,0,0,0,0,0,0,0,0,0,0,0,0,0,3,0,0,0,0,0,0,0,0,0,0,0,0,0,0,0,0,0,0,0,0,0,0,0,0
"WADE-003-130","EB23SH009-F",266,243,0,4968,1091,590,0,0,0,8703,151,0,0,0,613,0,0,3363,203,0,168,6666,162,0,1536,750,0,249,0,0,2065,170,11,7,237,0,1524,29,498,0,0,213,0,439,0,0,108,0,285,184,42,0,0,0,0,0,133,0,163,0,402,0,0,48,16,4,0,0,14,52,177,0,211,0,0,274,257,0,0,127,0,44,83,0,0,0,0,0,0,0,75,0,0,0,0,0,0,53,0,0,0,18,0,40,0,0,0,0,0,0,0,0,11,0,0,0,0,0,0,0,0,0,0,176,0,0,0,0,0,0,6,0,0,0,0,0,0,0,0,0,0,0,0,0,0,0,0,0,0,0,0,0,0,0,0,0,0,0,0,0,0,0,0,0,0,123,0,0,0,0,0,0,0,0,0,0,0,0,0,0,0,0,0,0,0,0,0,0,0,0,0,0,0,0,0,0,21,0,0,0,0,10,0,0,0,0,0,0,0,0,0,0,0,0,0,0,0,0,0,0,0,0
"WADE-003-133","EB24PH055-F",113,354,0,2735,5280,514,0,0,14,5303,26,0,0,0,347,0,0,8018,50,0,0,1279,682,0,534,1489,0,775,0,0,2105,809,7,0,76,0,807,0,543,0,0,648,0,310,0,0,90,0,211,1158,0,0,0,0,0,0,215,0,455,830,49,0,0,124,0,0,0,0,4,1628,7,0,0,0,0,143,0,0,0,383,0,29,24,0,0,0,0,0,0,0,353,0,13,0,0,0,11,50,12,0,0,0,0,37,0,40,1230,0,0,0,0,0,16,0,140,0,0,0,208,0,44,0,0,17,0,0,0,0,0,50,50,0,0,0,0,13,68,0,0,0,0,0,0,0,0,0,0,0,0,0,0,0,0,0,0,0,0,0,0,0,19,0,0,10,0,42,0,0,0,0,0,0,0,0,0,0,0,0,0,0,0,0,0,0,7,0,0,0,0,0,0,0,0,0,0,0,0,0,0,0,0,0,0,0,0,0,0,0,0,0,0,0,0,0,0,0,0,0,0,0,0,0
"WADE-003-134","EB24PH075-F",1877,451,0,12,7332,1070,0,0,0,598,368,0,0,0,242,0,0,254,15,0,36,298,437,0,9218,213,0,3394,0,0,450,491,9,0,228,0,84,0,0,0,0,88,0,0,0,0,126,0,64,11,0,0,0,0,0,0,94,0,549,291,0,0,165,0,0,0,0,0,0,0,0,0,0,0,0,40,0,0,0,112,0,20,107,0,0,0,0,0,0,0,0,0,50,0,0,0,2,0,0,0,0,0,0,43,0,212,340,0,0,0,0,0,0,0,14,0,0,0,126,0,56,0,0,0,0,0,0,0,0,24,0,0,0,0,0,0,0,0,0,0,0,0,0,0,0,0,0,0,0,0,0,0,0,0,0,0,0,0,0,0,0,0,0,0,0,0,0,0,0,0,0,0,0,0,0,0,0,0,0,0,0,0,0,0,0,0,0,0,0,0,0,0,0,0,0,0,0,0,0,0,0,0,0,0,0,0,0,0,0,0,0,0,0,0,0,0,0,0,0,0,0,0
"WADE-003-135","PH22SH004-F",0,0,0,13870,117,2928,0,0,0,3577,38,0,0,0,0,0,0,161,169,107,0,831,0,0,0,153,0,0,0,0,367,9,124,0,475,0,52,0,595,0,0,35,7,162,1365,0,0,0,0,116,0,0,0,0,0,0,23,0,29,0,36,0,0,1057,0,0,0,0,0,0,0,0,0,0,0,0,139,0,0,0,0,0,0,0,5,0,0,0,0,0,0,0,0,0,0,0,0,10,0,0,0,0,0,0,0,0,0,0,0,0,0,0,0,0,0,0,0,0,0,0,0,0,8,0,0,0,0,0,0,0,8,0,0,0,0,0,0,0,0,0,0,0,0,0,0,0,0,0,0,0,0,0,0,0,0,0,0,0,0,0,0,0,0,0,0,0,0,0,0,0,0,0,0,0,0,0,0,0,0,0,0,0,0,0,0,0,0,0,0,0,0,0,0,0,0,0,0,0,0,0,0,0,0,0,0,0,0,0,0,0,0,0,0,0,0,0,0,0,0,0,0,0
"WADE-003-136","PH22SH005-F",0,103,0,5443,2739,671,0,0,0,6746,0,708,0,0,0,0,0,943,184,0,0,417,0,0,0,196,0,0,0,0,490,0,475,0,33,0,429,0,140,0,0,83,0,826,0,0,139,0,478,194,0,0,0,0,0,0,47,0,395,0,77,0,0,124,33,0,0,0,0,50,7,0,0,81,0,0,256,0,0,22,0,5,0,0,0,0,0,0,0,0,81,0,13,0,0,0,0,0,0,0,0,0,0,115,0,0,0,0,0,0,0,0,0,0,0,0,0,0,21,0,0,0,8,0,0,0,0,0,0,0,0,0,0,0,0,0,0,0,0,0,0,0,0,0,0,0,0,0,6,0,0,0,0,0,0,0,0,0,0,0,0,0,0,12,0,0,0,0,0,0,0,0,0,0,0,0,0,0,0,0,0,0,0,0,0,0,0,0,0,0,0,0,0,0,0,0,0,0,0,0,0,0,0,0,0,0,0,0,0,0,0,0,0,0,0,0,0,0,0,0,0,0
"WADE-003-137","PH22SH015-F",5739,1184,0,766,1052,291,0,0,0,2346,0,3982,0,0,0,0,0,22,43,0,3205,38,0,0,0,79,0,0,0,840,61,0,0,0,0,0,0,0,0,0,0,0,6,12,684,0,0,0,135,2,0,0,0,0,0,0,0,0,8,0,48,0,155,232,0,0,0,0,0,0,0,0,0,0,0,0,369,0,0,0,0,0,0,0,6,0,8,0,0,0,0,0,0,0,0,0,0,0,0,0,0,0,0,0,0,0,0,0,0,0,0,0,0,0,0,0,0,0,0,0,0,0,0,0,0,0,0,0,0,0,0,0,0,0,0,0,0,0,0,0,0,0,0,0,0,0,0,0,0,0,0,0,0,0,0,0,0,0,0,0,0,0,0,0,0,0,0,0,0,0,0,0,0,0,0,0,0,0,0,0,0,0,0,0,0,0,0,0,0,0,0,0,0,0,0,0,0,0,0,0,0,0,0,0,0,0,0,0,0,0,0,0,0,0,0,0,0,0,0,0,0,0
"WADE-003-138","PH22SH036-F",0,5,0,5306,5088,463,0,0,0,2992,13034,64,0,0,0,0,0,572,64,0,0,716,0,0,45,291,0,0,0,15,215,53,64,0,1398,0,87,0,164,0,0,28,0,339,16,0,146,0,451,80,0,0,0,0,0,0,0,0,12,0,95,0,0,47,15,0,0,0,0,0,1141,0,0,139,0,0,18,0,0,12,10,124,0,0,0,0,0,0,0,0,482,0,46,0,0,0,0,0,0,0,0,0,0,0,0,7,0,0,0,0,0,0,0,183,0,0,0,0,0,0,56,0,0,0,0,0,0,0,0,0,18,0,0,0,0,0,0,0,0,0,8,0,0,0,0,0,0,0,0,0,0,0,0,0,0,0,0,0,0,0,0,0,0,0,0,0,0,0,0,0,0,0,0,0,0,0,0,0,0,0,0,0,0,0,0,0,0,0,0,0,0,0,0,0,0,0,0,0,0,0,0,0,0,0,0,0,0,0,0,0,0,0,0,0,0,0,0,0,0,0,0,0
"WADE-003-139","PH22SH043-F",355,1576,0,4863,1415,1688,0,87,0,6109,18,0,0,0,0,0,0,865,1125,0,1591,753,0,0,22,2350,0,0,0,67,383,41,354,0,100,0,459,0,1289,0,23,41,4,1020,0,0,28,0,0,245,0,0,0,0,0,0,52,7,832,0,217,0,220,131,4,0,0,0,0,0,106,0,0,182,0,0,34,0,0,4,707,119,0,0,0,0,0,0,0,0,30,0,16,0,0,0,0,149,36,0,0,0,0,0,0,44,0,0,42,0,0,0,0,0,0,0,0,0,34,0,0,0,0,0,0,0,8,0,0,0,25,0,0,0,0,0,0,0,0,0,0,0,0,0,0,0,0,0,0,0,0,0,0,0,0,0,0,0,0,0,0,0,0,0,0,0,0,0,0,0,0,0,0,0,0,0,0,0,0,0,0,0,0,0,0,0,0,0,0,0,0,0,0,0,0,0,0,0,0,15,0,0,0,0,0,0,0,0,0,0,0,0,0,0,0,0,0,0,0,0,0,0
"WADE-003-140","PH23GAM007-F",4,0,0,136,1228,569,0,0,0,15064,2,76,0,0,0,0,0,354,0,0,0,918,0,9,2362,22,0,0,0,0,1602,8,31,0,0,0,0,0,0,0,0,150,0,43,0,0,6,0,3156,1257,0,0,2020,0,0,0,0,0,0,0,4,0,0,0,0,0,0,0,0,0,0,0,0,0,0,0,0,0,0,0,0,0,0,0,0,0,0,0,0,0,0,0,57,0,0,0,0,0,0,0,0,0,0,302,0,0,0,0,0,0,0,0,0,0,0,0,0,0,0,0,0,0,0,0,0,0,0,0,0,0,0,0,0,0,0,0,0,0,0,0,0,0,0,0,0,0,0,0,0,0,0,0,0,0,0,0,0,0,0,0,0,0,0,0,0,0,0,0,0,0,0,0,0,0,0,0,0,0,0,0,0,0,0,0,0,0,0,0,0,0,0,0,0,0,0,0,0,0,0,0,0,0,0,0,0,0,0,0,0,0,0,0,0,0,0,0,0,0,0,0,0,0
"WADE-003-141","PH23SH005-F",513,0,0,3126,1746,1211,0,0,0,3075,0,0,0,0,0,0,0,722,12821,150,0,203,0,0,11,926,0,0,0,0,249,0,1698,0,39,0,164,0,57,0,0,11,0,1083,629,0,421,0,4,257,0,0,0,0,0,0,447,124,408,0,264,0,11,267,13,0,0,0,0,0,2,0,0,0,0,0,108,0,0,0,0,0,0,0,0,0,0,0,0,0,2,0,0,0,0,30,0,0,118,0,0,0,0,0,0,0,0,0,0,0,0,0,0,0,0,6,0,0,0,0,0,0,0,0,0,0,0,0,0,0,422,0,0,0,0,0,0,5,0,0,0,0,0,0,0,0,138,0,0,0,0,0,0,0,0,0,0,0,0,0,0,0,0,0,0,6,0,0,0,0,0,0,0,0,0,0,0,0,0,0,0,0,0,0,0,0,0,0,0,0,0,0,0,0,0,0,0,0,0,0,0,0,0,0,0,0,0,0,0,0,0,0,0,0,0,0,0,0,0,0,0,0
"WADE-003-142","PH23SH013-F",105,224,0,11028,1448,1398,0,15,0,5903,22,22,0,0,0,0,0,590,408,0,1062,1212,0,0,35,364,0,166,0,44,163,20,96,0,733,0,359,0,0,0,0,231,0,175,3,18,34,0,22,228,0,0,0,0,0,0,0,0,164,0,472,0,0,255,217,0,0,0,0,0,15,0,0,55,0,0,24,0,0,143,0,32,0,0,0,0,0,0,0,0,0,0,99,0,0,0,6,0,12,0,0,0,0,0,0,0,0,0,0,0,0,0,0,0,0,0,0,0,17,0,0,0,0,0,0,0,0,0,0,10,15,0,0,0,0,0,0,0,0,0,0,0,0,0,0,0,17,0,0,0,0,0,0,0,0,0,0,0,0,0,0,0,0,0,0,0,0,0,0,0,0,0,0,0,0,0,0,0,0,0,0,0,0,0,0,0,0,0,0,0,0,0,0,0,0,0,0,0,0,0,0,0,0,0,0,0,0,0,0,0,0,0,0,0,0,0,0,0,0,0,0,0
"WADE-003-143","PH23SH032-F",465,1551,0,7564,2075,1655,0,0,0,3407,3,1870,0,0,0,0,0,1418,653,0,53,872,0,0,0,25,0,536,0,170,750,5,138,0,270,72,561,0,1313,0,0,85,0,307,0,0,58,0,0,329,0,0,0,0,0,0,177,0,472,0,86,0,0,521,363,0,0,0,0,0,10,0,0,940,0,0,3,0,0,9,17,116,0,0,0,4,0,0,0,0,22,0,8,0,0,0,0,0,22,0,0,30,0,36,0,8,0,0,0,0,0,0,0,53,0,0,0,0,0,0,0,0,0,0,0,0,0,0,0,0,4,0,0,0,0,0,0,0,0,0,0,0,0,0,0,0,0,0,0,0,0,0,0,0,0,0,0,0,0,0,0,0,0,0,0,0,0,0,0,6,0,0,0,0,0,0,0,0,0,0,0,0,0,0,0,0,0,0,0,0,0,0,0,0,0,0,0,0,0,0,0,0,0,0,0,0,0,0,0,0,0,11,0,0,0,0,0,0,0,0,0,0
"WADE-003-148","2025011A",0,0,0,6644,0,0,0,0,0,44,0,571,0,0,0,0,0,0,0,0,0,0,18499,0,0,0,0,0,0,0,12,3570,0,0,0,0,0,0,0,0,0,0,0,0,0,0,0,160,28,0,0,0,0,0,0,0,0,0,0,0,0,0,0,0,0,0,0,0,0,0,0,0,0,0,3452,0,0,0,0,0,0,0,0,0,0,0,0,0,0,0,0,0,0,0,0,0,0,0,0,0,0,0,0,0,0,0,0,0,0,0,0,0,0,0,0,0,0,586,0,0,0,0,0,0,0,0,0,0,0,0,0,0,0,15,0,0,0,0,0,0,0,0,0,0,0,0,0,0,0,0,0,16,0,0,0,0,0,0,0,0,0,0,0,0,0,0,0,0,0,0,0,10,0,0,0,0,0,0,0,0,0,0,0,0,0,0,0,0,0,6,7,0,0,0,0,0,0,0,0,0,0,0,0,0,0,0,0,0,0,0,0,0,0,0,0,0,0,0,0,0,0,0
"WADE-003-149","2025011B",796,0,0,0,0,0,0,182,0,0,0,13487,0,0,0,0,5245,0,0,0,0,0,35,0,1269,0,0,0,0,0,0,0,0,0,0,0,0,16,0,0,0,0,5,0,0,0,0,0,0,0,0,0,0,0,0,0,0,0,0,0,0,0,0,0,0,0,0,0,0,0,0,0,0,0,0,0,0,0,0,0,0,0,0,0,0,0,2,0,0,0,0,0,0,0,0,0,0,0,0,0,0,0,0,0,0,0,0,29,0,0,0,0,0,0,0,0,0,0,0,0,0,0,0,0,0,0,0,0,0,0,0,0,0,0,0,0,0,0,0,0,0,0,0,0,0,0,0,0,0,0,0,0,0,0,0,0,0,0,0,0,0,0,0,0,0,0,0,0,0,0,0,0,0,0,0,0,0,0,0,0,0,0,0,0,0,0,0,0,0,0,0,0,0,0,0,0,0,0,0,0,0,0,0,0,0,0,0,0,0,0,0,0,0,0,0,0,0,0,0,0,0,0
"WADE-003-150-A","finwhale.fat",4,0,0,6528,0,0,0,11,6,69,0,181,2,0,0,0,0,0,0,0,0,0,6408,0,0,0,0,0,0,0,5,1039,0,0,0,0,0,0,0,0,0,0,0,0,0,0,0,7577,2,0,0,0,0,0,0,0,4,0,0,0,0,0,0,0,0,0,0,0,0,0,0,0,0,0,155,0,0,0,0,0,0,0,0,0,0,0,0,0,0,0,0,0,0,0,0,0,0,0,0,0,0,0,0,0,0,0,0,0,0,0,0,0,0,0,0,0,0,508,0,0,0,0,0,0,0,0,0,0,0,0,0,0,0,346,0,0,0,0,0,0,0,0,0,0,0,0,0,0,0,0,0,193,0,0,0,0,69,0,0,0,0,0,0,0,0,0,0,0,0,0,0,90,0,0,0,0,0,0,0,0,0,0,0,0,0,0,0,0,0,25,9,0,0,0,0,0,0,0,0,0,0,0,0,0,0,0,0,0,0,0,0,0,0,0,0,0,0,0,0,0,0,0
"WADE-003-150-B","finwhale",1062,0,0,5,0,0,0,386,0,0,0,15241,0,0,0,0,6000,0,0,0,0,0,3,0,1575,0,0,0,0,0,0,0,0,0,0,0,0,3,0,0,0,0,0,0,0,0,0,12,0,0,0,0,0,3,0,0,0,0,0,0,0,0,0,0,0,0,0,0,0,0,0,0,0,0,0,0,0,0,0,0,0,0,0,0,0,0,0,0,0,0,0,0,0,0,0,4,0,0,0,0,0,0,0,0,0,0,0,63,0,0,0,0,0,0,0,0,0,0,0,0,0,0,0,0,0,0,0,0,0,0,0,0,0,0,0,0,0,0,0,0,0,0,0,0,0,0,0,0,0,0,0,0,0,0,0,0,0,0,0,0,0,0,0,0,0,0,0,0,0,0,0,0,0,0,0,0,0,0,0,0,0,0,0,0,0,0,0,0,0,0,0,0,0,0,0,0,0,0,0,0,0,0,0,0,0,0,0,0,0,0,0,0,0,0,0,0,0,0,0,0,0,0
"WADE-003-210","EB10PH008",51240,0,0,3494,197,490,0,0,0,1993,219,0,0,0,0,0,0,958,67,0,0,555,10,0,37,590,0,65,0,0,46,6,128,0,16,0,44,0,1038,0,0,190,0,82,0,0,32,0,0,27,0,0,0,0,0,0,14,0,5,0,31,0,0,0,0,0,0,0,0,19,2,0,0,0,0,3,11,0,0,0,0,0,0,0,0,0,0,0,0,0,15,0,11,0,0,0,0,0,0,0,0,0,0,8,0,0,0,0,0,0,0,0,0,0,0,0,0,0,0,0,0,0,0,0,0,0,0,0,0,0,0,0,0,0,0,0,0,0,0,0,0,0,0,0,0,0,0,0,0,0,0,0,0,0,0,0,0,0,0,0,0,0,0,0,0,0,0,0,0,0,0,0,0,0,0,0,0,0,0,0,0,0,0,0,0,0,0,0,0,0,0,0,0,0,0,0,0,0,0,0,0,0,0,0,0,0,0,0,0,0,0,0,5,0,0,0,0,0,0,0,0,0
"WADE-003-154","EB11PH022",24,487,0,127,2077,676,0,0,96,3034,438,0,0,0,3213,0,0,1805,265,0,68,1167,756,0,370,3435,0,379,0,0,722,512,57,0,59,0,662,0,0,0,0,178,0,859,0,0,331,0,576,132,0,0,22,0,0,0,554,0,154,3474,233,0,13,0,13,0,76,0,0,0,2,0,0,15,19,307,49,0,0,115,0,640,88,0,2,0,0,0,0,0,187,0,0,75,0,0,76,40,0,0,0,0,16,0,0,61,242,18,209,0,0,0,0,0,86,0,0,0,64,0,12,0,19,0,0,2,0,0,0,66,16,0,0,0,0,26,22,0,0,0,0,0,0,0,0,0,0,0,0,0,0,0,0,0,0,0,0,0,0,0,0,0,0,30,0,0,0,0,0,0,11,0,0,0,0,20,0,0,0,0,0,0,0,0,0,0,0,0,0,0,0,0,0,0,0,0,0,0,0,0,0,0,0,0,0,0,0,0,0,0,0,0,0,0,0,0,0,0,0,0,0,0
"WADE-003-155","EB11PH042",76,186,0,775,1755,620,0,0,0,3274,720,36,0,0,6119,0,0,1769,795,0,31,1347,200,0,1989,529,0,273,0,0,384,73,487,0,10,0,565,0,0,0,0,47,0,1373,0,0,85,0,95,96,0,0,120,0,0,0,293,0,183,0,108,0,0,55,46,0,0,0,0,91,0,10,0,0,10,69,61,0,0,137,0,42,36,0,2,10,2,0,0,0,17,0,23,41,0,0,94,15,26,0,0,0,0,65,0,29,0,0,0,0,0,0,0,0,6,0,0,0,24,0,0,0,0,8,0,0,0,0,0,0,104,0,0,0,0,0,0,0,0,0,0,0,0,0,0,0,0,0,0,0,0,0,0,0,0,0,0,0,0,0,0,0,0,0,0,0,0,0,0,0,0,0,0,0,0,0,0,0,0,0,0,0,0,0,0,0,0,0,0,0,0,0,0,0,0,0,0,0,0,0,0,0,0,0,0,0,0,0,0,0,0,0,0,0,0,0,0,0,0,0,0,0
"WADE-003-157","EB12PH023",120,66,0,2133,5631,1387,0,0,0,550,876,1256,0,0,1216,0,0,707,66,0,87,2251,1594,0,371,157,0,230,0,0,452,690,76,0,0,0,2087,0,185,0,0,362,0,1398,0,0,240,0,590,102,0,0,0,0,0,0,587,0,143,0,48,0,0,67,60,0,0,0,0,228,66,0,0,0,18,120,52,0,0,164,0,83,510,0,0,0,0,0,0,0,58,0,125,6,0,0,120,2,0,0,0,0,0,6,0,56,56,0,50,0,0,0,0,0,96,0,0,0,214,0,0,0,0,46,0,0,0,0,0,29,31,0,0,0,0,0,28,0,0,0,0,0,0,0,0,0,0,0,0,0,0,0,0,0,0,0,0,0,0,0,10,0,0,11,0,0,0,0,0,0,0,0,0,0,0,0,0,0,0,0,0,0,0,0,31,0,0,0,0,0,0,0,0,3,0,0,0,0,0,0,0,0,0,0,0,0,0,0,0,6,0,0,0,0,0,0,0,0,0,0,0,0
"WADE-003-158","EB12SH034",8848,925,0,229,109,435,0,0,313,11,3774,185,1087,0,1934,0,0,12,0,0,16,38,13,0,36,24,342,3,0,0,17,43,14,0,33,0,31,0,112,0,21,1948,0,0,0,4,0,0,324,0,0,0,0,5,0,0,11,0,0,0,0,0,0,0,0,0,0,0,0,0,906,0,0,0,25,0,29,0,0,0,0,12,16,0,0,0,18,0,0,18,0,0,41,202,0,0,0,0,0,0,0,0,0,0,0,0,0,0,0,0,0,0,0,0,0,0,0,0,0,0,0,0,7,0,0,0,0,0,0,0,0,5,0,0,0,0,0,0,0,0,0,0,0,0,0,0,0,0,0,0,0,0,0,0,0,0,0,0,0,0,0,0,11,0,0,0,0,0,0,0,0,0,0,0,0,0,0,0,0,0,0,3,0,0,0,0,0,0,0,0,0,0,0,0,0,0,0,0,0,0,0,0,0,0,0,0,0,6,0,3,0,0,0,0,0,0,0,0,0,0,0,0
"WADE-003-159","EB21GAM025",82,420,0,1690,2662,1033,0,0,13,1245,289,23,0,0,951,0,0,815,59,0,0,6134,1609,0,0,2399,0,174,0,0,505,563,14,0,1053,0,610,0,82,6,0,5102,0,745,0,0,112,0,273,571,0,0,0,0,0,0,356,0,114,0,144,0,0,0,7,0,0,0,0,1201,985,0,0,0,14,266,79,0,0,140,0,81,49,0,0,0,0,0,0,0,1182,0,63,85,0,0,220,70,38,0,0,0,0,347,0,573,364,0,538,0,0,6,0,0,153,0,0,0,27,0,378,0,4,4,0,0,0,0,0,84,37,0,0,0,0,0,44,0,0,0,0,0,0,0,0,0,0,0,0,0,0,0,0,0,0,0,0,0,0,0,0,0,0,0,0,0,0,0,85,0,0,0,0,0,0,0,0,0,0,0,0,0,0,0,0,0,0,0,0,0,0,0,0,0,0,0,0,0,0,0,0,0,0,0,0,0,0,0,0,0,0,0,0,0,0,0,0,0,0,0,0,0
"WADE-003-160","EB21GAM028",901,16,0,1108,1845,1985,0,0,211,1850,457,0,0,0,14,0,0,732,143,0,0,945,175,0,40,1195,199,87,0,0,288,245,42,0,276,0,1066,0,141,0,0,1021,0,346,0,0,169,0,92,164,0,0,0,0,0,0,658,0,172,141,86,0,0,0,38,0,0,0,0,100,68,0,0,0,0,58,296,0,0,179,0,94,32,0,0,0,0,0,0,0,76,0,36,0,0,0,27,6,18,0,0,0,0,39,0,34,11,0,10,0,0,0,0,0,57,0,0,0,21,0,89,0,0,62,0,0,0,0,0,37,0,0,0,0,0,0,0,0,0,0,0,0,0,0,0,0,0,0,0,0,0,0,0,0,0,0,0,0,0,0,0,0,0,0,0,0,0,0,0,0,0,0,0,0,0,0,0,0,0,0,0,0,0,0,0,0,0,0,0,0,0,0,0,0,0,0,0,0,0,0,0,0,0,0,0,0,0,0,0,0,0,0,0,0,0,0,0,0,0,0,0,0
"WADE-003-161","EB22GAM003",142,872,0,199,3489,217,0,0,0,2181,0,406,0,0,6650,0,0,4327,0,0,0,1254,1191,0,651,335,0,860,0,0,1355,128,17,0,0,6,361,0,55,0,0,122,0,460,0,0,1169,0,326,154,0,0,0,0,0,0,416,0,235,0,207,0,105,59,87,0,14,0,0,66,0,0,0,96,0,0,80,0,0,255,0,168,459,0,0,0,0,0,0,0,75,0,248,0,0,0,145,137,0,0,0,0,0,0,0,71,803,0,0,0,0,0,0,0,0,0,0,0,47,0,0,10,0,0,0,0,0,0,0,36,4,0,0,0,0,57,0,0,0,0,0,0,0,0,0,0,0,0,0,0,0,0,0,0,0,0,0,0,0,0,0,0,0,0,0,0,0,0,0,0,0,0,0,0,0,0,0,0,0,0,0,0,0,0,0,0,0,0,0,0,0,0,0,0,0,0,0,0,0,0,0,0,0,0,0,0,0,0,0,0,0,0,0,0,0,0,0,0,0,0,0,0
"WADE-003-163","EB22GAM023",1739,1913,0,1274,2330,190,0,0,20,1287,1055,15,0,0,6112,0,0,201,67,0,0,624,72,0,105,906,0,108,0,0,177,126,45,5,69,3,6,0,0,0,0,387,0,128,4,0,81,0,184,14,6,0,0,0,0,0,306,0,461,0,104,0,0,46,5,0,180,0,26,0,30,0,0,0,125,26,30,0,0,19,0,32,0,0,0,0,0,0,0,0,31,0,39,0,0,0,3,7,0,0,0,15,0,0,0,61,0,0,0,0,0,0,0,0,0,0,0,0,0,0,3,0,0,0,0,0,0,0,0,0,0,0,0,0,0,0,0,0,0,0,0,0,0,0,0,0,0,0,0,0,0,0,0,0,0,0,0,0,0,0,0,0,0,0,0,0,0,0,0,0,0,0,0,0,0,0,0,0,0,0,0,0,0,0,0,0,0,0,0,0,0,0,0,0,0,0,0,0,0,0,0,0,0,0,0,0,0,0,0,0,0,0,0,0,0,0,0,0,0,0,0,0
"WADE-003-164","EB22GAM026",128,25,0,1957,4816,183,0,0,0,1875,5798,0,0,0,501,0,0,616,9,0,0,1569,198,0,59,238,0,82,0,0,1572,4533,2488,0,40,0,150,0,0,0,0,552,0,93,408,0,743,0,28,67,0,0,0,0,0,0,308,0,224,0,64,0,107,139,0,0,0,0,7,105,14,0,0,0,357,27,33,0,0,56,0,39,0,0,0,0,0,0,0,0,20,0,68,0,0,0,24,87,24,0,0,0,0,0,0,996,39,0,0,0,0,0,0,0,5,0,0,0,0,0,0,0,0,18,0,0,0,0,0,0,81,0,0,0,0,0,0,0,0,0,0,0,0,0,0,0,0,0,0,0,0,0,0,0,0,0,0,0,0,0,0,0,0,0,0,0,0,0,0,0,0,0,0,0,0,0,0,0,0,0,0,0,0,0,0,0,0,0,0,0,0,0,0,0,0,0,0,0,0,25,0,0,0,0,0,0,0,0,0,0,0,0,0,0,0,0,0,0,0,0,0,0
"WADE-003-166","EB22SH001",11007,5655,0,917,298,0,0,356,411,661,1959,531,0,0,1362,0,0,81,4392,0,0,132,0,0,0,61,0,6,0,0,110,0,128,0,50,0,78,0,1122,0,9,29,0,0,0,0,34,0,23,18,0,0,0,0,0,0,0,0,244,0,0,0,0,0,0,11,9,0,4,0,0,0,0,191,176,0,0,0,0,0,3,0,0,0,0,0,0,0,0,0,14,0,504,0,0,0,0,4,0,0,0,0,0,0,0,194,0,0,0,38,0,0,0,0,0,0,0,0,18,0,12,0,0,0,0,0,0,0,0,0,0,0,0,0,0,0,0,0,0,0,0,0,0,0,0,0,0,0,0,0,0,0,0,0,0,0,0,0,0,0,0,0,0,0,0,0,0,0,0,0,0,0,0,0,0,0,0,0,0,0,0,0,0,0,0,0,0,0,0,0,0,0,0,0,0,0,0,0,0,0,0,0,0,0,0,0,0,0,0,0,0,0,0,0,0,6,0,0,0,0,0,0
"WADE-003-167","EB22SH004",3315,4473,0,658,299,311,0,0,0,4899,317,109,11,0,1873,0,0,646,762,0,490,1819,0,3,42,93,0,16,0,34,1597,0,171,0,23,0,0,0,226,0,0,27,0,15,25,0,304,0,48,31,0,0,0,0,0,0,71,0,96,0,14,0,0,499,15,0,0,0,0,0,0,0,0,0,9,0,0,0,0,17,0,23,0,0,0,0,5,0,0,0,0,0,11,51,0,0,0,875,0,0,0,5,0,0,0,0,0,0,0,0,0,12,0,0,12,0,0,0,0,0,0,0,10,0,0,0,0,0,0,0,0,0,0,0,0,0,0,0,0,0,0,0,0,0,0,0,0,0,0,0,0,0,0,0,0,0,0,0,0,0,0,0,0,0,0,0,0,0,0,0,0,0,0,0,0,0,0,0,15,0,0,0,0,0,0,0,0,0,0,0,0,0,0,0,0,0,0,0,0,0,0,0,0,0,0,0,0,0,0,0,0,0,0,0,0,0,0,0,0,0,0,0
"WADE-003-168","EB23GAM001",815,0,0,0,0,8,0,0,0,0,0,0,0,0,0,0,0,0,0,0,0,0,0,0,0,0,0,0,0,0,0,0,0,0,6,0,0,0,0,0,0,0,0,0,0,0,11,0,0,0,0,0,0,0,0,0,0,0,0,0,0,0,0,0,0,0,0,0,0,0,0,0,0,0,0,0,0,0,0,0,0,0,0,0,0,0,0,0,0,0,0,0,0,0,0,0,0,0,0,0,0,0,0,0,0,0,0,0,0,0,0,0,0,0,0,0,0,0,0,0,0,0,0,0,0,0,0,0,0,0,0,0,0,0,0,0,0,0,0,0,0,0,0,0,0,0,0,0,0,0,0,0,0,0,0,0,0,0,0,0,0,0,0,0,0,0,0,0,0,0,0,0,0,0,0,0,0,0,0,0,0,0,0,0,0,0,0,0,0,0,0,0,0,0,0,0,0,0,0,0,0,0,0,0,0,0,0,0,0,0,0,0,0,0,0,0,0,0,0,0,0,0
"WADE-003-219","EB23SH001",566,260,0,713,4180,675,0,0,3464,1636,250,0,0,0,54,0,0,2324,202,819,44,1874,47,0,840,541,259,2335,0,0,185,19,31,0,40,0,5144,0,45,0,0,67,0,136,52,17,2058,0,12,107,0,0,0,0,0,0,29,0,687,0,56,0,0,39,0,0,12,0,0,28,2,0,0,0,7,9,4,0,0,59,0,23,16,0,0,0,0,0,0,0,13,0,73,0,0,0,4,0,0,0,0,0,0,0,0,0,0,0,0,0,0,0,0,0,0,0,0,0,4,0,6,0,0,23,0,10,25,0,0,0,13,0,0,0,0,0,0,0,0,0,0,0,0,0,0,0,0,0,0,0,0,0,0,0,0,0,0,0,0,0,0,0,0,0,0,0,0,0,0,0,0,0,0,0,0,0,0,0,11,0,0,0,23,0,0,0,0,0,0,0,0,0,0,0,0,0,8,0,0,0,0,0,0,0,0,0,0,0,0,0,0,0,3,0,0,0,0,0,4,0,0,0
"WADE-003-171","EB23SH004",0,14,0,0,0,0,0,38,0,0,0,7,0,0,0,0,0,0,0,0,0,0,0,0,0,0,0,0,0,0,0,0,0,0,0,0,0,0,0,0,0,0,0,0,0,0,0,0,0,0,0,0,0,0,0,0,0,0,0,0,0,0,0,0,0,0,0,0,0,0,0,0,0,0,0,0,0,0,0,0,0,0,0,0,0,0,0,0,0,0,0,0,0,0,0,0,0,0,0,0,0,0,0,0,0,0,0,0,0,0,0,0,0,0,0,0,0,0,0,0,0,0,0,0,0,0,0,0,0,0,0,0,0,0,0,0,0,0,0,0,0,0,0,0,0,0,0,0,0,0,0,0,0,0,0,0,0,0,0,0,0,0,0,0,0,0,0,0,0,0,0,0,0,0,0,0,0,0,0,0,0,0,0,0,0,0,0,0,0,0,0,0,0,0,0,0,0,0,0,0,0,0,0,0,0,0,0,0,0,0,0,0,0,0,0,0,0,0,0,0,0,0
"WADE-003-174","EB24GAM028",217,4287,0,266,2197,71,0,0,0,595,7742,282,0,0,2274,0,0,1313,27,0,0,417,115,0,358,20,0,173,0,0,971,4,36,0,19,0,21,0,0,0,0,234,0,39,0,0,71,0,68,115,0,0,0,0,0,0,89,0,72,0,0,0,9,61,5,0,76,0,0,43,22,0,0,393,0,50,0,0,0,128,0,121,6,0,0,0,0,0,0,0,217,0,507,0,0,0,4,40,0,0,0,0,0,51,0,21,91,0,5,0,0,0,0,0,433,0,0,0,0,0,13,0,0,0,0,0,0,0,0,0,86,0,0,0,0,0,0,0,0,0,0,0,0,0,0,0,0,0,0,0,0,0,0,0,0,0,0,0,0,0,0,0,0,8,0,0,0,0,0,0,0,0,0,0,0,0,0,0,0,0,0,0,0,0,0,0,0,0,0,0,0,0,0,0,0,0,0,0,0,0,0,0,0,0,0,0,0,0,0,0,0,0,0,0,0,0,0,0,0,0,0,0
"WADE-003-176","EB24GAM039",185,529,0,86,629,89,0,0,0,836,2993,357,0,0,3414,0,0,643,22,0,0,795,45,0,201,445,0,19,0,0,49,38,55,0,0,0,28,0,0,0,4,220,0,7,0,0,32,0,136,34,0,0,0,0,0,0,29,0,111,0,21,0,15,31,8,0,535,0,0,0,387,0,0,0,173,13,10,0,0,68,0,29,25,0,0,0,0,0,0,0,15,0,16,25,0,0,0,53,0,0,0,0,0,16,0,15,0,0,0,0,0,0,0,0,13,0,0,0,0,0,25,0,0,3,0,0,0,0,0,12,0,0,0,0,0,0,0,0,0,0,0,0,0,0,0,0,0,0,0,0,0,0,0,0,0,0,0,0,0,0,0,0,0,0,0,0,0,0,0,0,0,0,0,0,0,0,0,0,0,0,0,0,0,0,0,0,0,0,0,0,0,0,0,0,0,0,0,0,2,0,0,0,0,0,0,0,0,0,0,0,0,0,0,0,0,0,0,0,0,0,0,0
"WADE-003-177","EB24GAM043",1518,189,0,572,749,1933,0,0,10,1104,638,123,29,17,2508,0,0,595,74,0,0,239,320,0,178,519,0,113,0,0,240,238,28,0,325,4,192,0,0,0,69,377,0,164,0,23,57,0,26,147,0,0,8,426,0,56,25,0,86,0,0,0,23,0,21,0,0,0,0,31,88,0,0,20,7,50,11,0,0,160,0,31,179,0,0,0,140,0,0,0,0,0,7,24,0,0,0,0,0,0,0,68,13,0,0,0,38,0,0,0,0,0,0,0,0,0,0,0,0,0,0,0,0,72,0,0,0,0,0,0,173,0,17,0,0,0,16,0,0,0,0,0,0,0,0,0,0,0,0,0,0,0,0,0,0,0,0,0,71,0,0,0,18,0,0,0,0,0,0,0,0,0,0,0,0,0,0,0,0,0,0,0,0,0,0,0,0,0,0,0,0,0,0,0,0,0,0,0,0,0,0,0,0,0,0,0,0,10,0,0,0,0,0,0,0,0,9,0,0,0,0,0
"WADE-003-179","EB24GAM046",2700,131,0,34,58,1085,0,0,0,88,9929,318,0,0,379,0,0,74,78,0,0,29,10,7,35,30,0,5,0,0,201,37,11,0,8,0,26,3,19,9,2,1402,0,0,0,11,22,0,29,10,0,0,0,0,0,0,7,0,13,0,0,0,0,62,0,0,0,0,0,0,0,0,0,0,693,0,3,0,0,0,0,10,4,0,0,0,0,0,0,0,4,0,88,12,0,0,0,20,0,0,0,59,0,0,0,0,0,0,0,0,0,0,0,0,5,0,0,0,0,0,6,0,0,0,0,0,0,0,0,0,0,0,0,0,0,0,0,0,0,0,0,0,0,0,0,0,0,0,0,0,0,0,0,0,0,0,0,0,0,0,0,0,0,0,0,0,0,0,0,0,0,0,0,0,4,0,0,0,0,0,0,0,0,0,0,0,0,0,0,0,0,0,0,0,0,0,0,0,0,0,0,0,2,0,0,0,0,0,0,0,0,0,0,0,0,0,0,0,0,2,0,0
"WADE-003-181","EB25GAM024",1758,1181,0,0,820,478,0,158,0,1524,138,282,0,0,7020,188,0,3171,0,0,1780,919,0,0,1120,0,0,67,0,67,542,27,121,0,0,0,0,0,278,0,0,213,0,3,0,0,87,0,53,0,0,0,0,0,0,0,0,0,0,0,0,0,0,220,0,0,52,0,0,0,0,0,0,0,61,0,0,0,0,41,0,10,0,0,0,0,0,0,0,0,0,0,0,5,0,0,0,97,0,0,0,87,0,0,0,0,0,0,0,0,0,0,0,0,155,0,0,0,0,0,3,0,0,172,0,0,98,0,0,0,0,0,0,0,0,0,0,0,0,0,0,0,0,0,0,0,0,0,5,0,0,0,0,0,0,0,0,0,0,0,0,0,0,0,0,0,0,0,0,0,0,0,39,0,0,0,0,0,45,0,0,0,0,0,0,31,0,0,0,0,0,0,0,0,0,12,0,0,0,0,15,0,0,0,0,0,0,0,0,0,0,0,0,0,0,0,0,9,0,0,0,0
"WADE-003-182","EB25SH001",76038,45,0,0,80,120,0,0,39,50,69,0,0,0,93,0,0,679,13,0,0,609,0,0,0,0,0,0,0,0,15,0,24,0,0,0,0,0,17,0,0,32,0,0,0,0,0,0,0,76,0,0,0,0,0,0,0,0,0,0,0,0,0,72,0,0,0,0,0,0,0,0,0,0,7,0,0,0,0,0,0,0,0,0,0,0,0,0,0,0,0,0,0,16,0,0,0,18,0,0,0,0,0,0,0,0,0,0,0,0,0,0,0,0,0,0,0,0,0,0,0,0,0,7,0,0,0,0,0,0,0,0,0,0,0,0,0,0,0,0,0,0,0,0,0,0,0,0,0,0,0,0,0,0,0,0,0,0,0,0,0,0,0,0,0,0,0,0,0,0,0,0,0,0,0,0,0,0,0,0,0,0,0,0,0,0,0,0,0,0,0,0,0,0,0,0,0,0,0,0,0,0,0,0,0,0,0,0,0,0,0,0,6,0,0,0,0,0,0,0,0,6
"WADE-003-183","EB25SH009",3277,3205,0,1103,752,322,0,466,0,2503,6,0,0,0,1541,0,0,337,84,0,0,449,144,0,27,2869,0,146,0,0,97,0,156,0,758,0,130,0,0,0,0,522,0,1120,0,0,97,0,42,190,0,0,0,0,0,0,212,0,162,0,175,0,0,48,29,0,0,0,0,0,17,0,0,0,20,454,0,0,0,103,0,12,17,0,0,0,0,0,0,0,73,0,52,33,0,0,133,0,38,0,0,1047,0,0,0,0,0,0,0,0,0,0,0,0,0,0,0,0,12,0,0,0,0,0,0,0,0,0,0,0,0,0,0,0,0,0,0,0,0,0,0,0,0,0,0,0,0,0,0,0,0,0,0,0,0,0,0,0,0,0,23,0,0,0,0,0,0,0,0,0,0,0,0,0,0,0,0,0,0,0,0,0,0,0,0,0,0,0,0,0,0,0,0,0,0,0,0,0,0,0,0,0,0,0,0,0,0,0,0,0,0,0,0,0,0,0,0,0,0,0,0,0
"WADE-003-184","PH10HB027",1430,185,2,9895,342,0,0,0,0,26,805,0,0,0,0,0,0,650,0,0,104,1363,0,0,0,0,0,0,0,0,931,0,196,0,124,0,0,0,0,0,0,52,0,0,1674,0,0,0,0,38,1423,0,693,0,0,0,0,0,0,0,0,0,218,268,0,0,0,0,0,0,0,2637,0,388,0,0,0,0,0,0,0,0,0,0,0,0,0,0,0,0,8,0,0,0,0,0,0,93,0,0,0,0,0,0,0,0,0,0,0,21,0,0,0,0,0,0,0,0,0,0,0,0,0,0,0,10,0,0,0,0,0,0,0,0,0,0,0,0,0,0,0,0,0,0,0,0,0,0,0,0,0,0,0,0,0,0,0,0,0,0,0,0,0,0,0,0,0,0,0,0,0,0,0,0,0,0,0,0,0,0,0,0,0,0,0,0,0,0,0,0,0,0,0,0,0,0,0,0,0,0,0,0,0,0,0,0,0,0,0,0,0,0,0,0,0,0,0,0,0,0,0,0
"WADE-003-185","PH10PH001",0,0,0,3112,7641,13352,0,0,0,4082,12,27,0,0,0,0,0,1746,1481,0,17,1735,0,0,24,781,0,351,0,40,709,29,2226,0,126,0,926,0,0,0,0,25,0,360,9,0,138,0,0,56,0,0,973,0,0,0,0,0,1782,0,289,0,6,333,19,0,0,0,0,0,11,0,0,0,0,0,21,0,0,35,0,0,0,0,0,727,0,29,0,0,10,0,0,0,0,0,0,0,27,0,0,0,0,0,0,0,0,0,0,0,0,0,0,0,0,0,0,0,0,0,0,0,0,0,0,0,0,0,0,0,19,0,0,0,0,0,0,0,0,0,0,0,0,0,0,0,0,0,0,0,0,0,0,0,0,0,0,0,0,0,0,0,0,0,0,0,0,0,0,0,0,0,0,0,0,0,0,0,0,0,0,0,0,0,0,0,0,0,0,0,0,0,0,0,0,0,0,0,0,0,0,0,0,0,0,0,0,0,0,0,0,0,0,0,0,0,0,0,0,0,0,0
"WADE-003-186","PH10PH002",141,0,0,1270,4802,3959,0,0,0,1497,0,39,0,0,15,0,0,788,538,0,209,1670,0,0,57,104,0,4,0,622,34,0,292,0,31,0,24,0,0,0,7,0,0,14,0,0,0,0,11,90,0,0,2313,0,0,0,0,0,74,0,78,0,0,219,0,0,0,0,0,0,0,0,0,0,0,0,9,0,0,15,368,6,0,0,0,0,0,0,0,0,0,0,0,0,0,0,0,0,0,0,0,0,0,0,0,55,0,0,0,0,0,8,485,0,0,0,0,0,0,0,0,0,0,0,0,0,12,0,0,0,0,0,0,0,0,0,0,0,0,0,0,0,0,0,0,0,97,0,0,0,0,0,0,0,0,0,0,0,0,0,0,0,0,0,0,0,0,0,0,8,0,0,0,49,0,0,0,0,0,0,0,0,0,0,0,0,0,0,0,0,0,0,0,0,0,0,0,0,0,0,0,0,0,0,0,0,0,0,0,0,0,0,0,0,0,0,0,0,0,0,0,0
"WADE-003-187","PH12DIO005",888,641,0,5874,8,8983,0,35,0,645,0,376,0,0,0,0,0,378,702,16,99,466,0,0,0,7,0,0,0,168,82,0,577,0,0,0,0,0,0,0,9,32,0,0,179,0,0,0,0,333,0,0,0,0,0,0,0,0,7,0,0,0,0,503,0,0,61,0,0,0,0,0,0,0,0,0,0,0,0,0,0,0,0,0,0,0,0,0,0,0,0,0,0,0,0,0,0,4,0,0,0,0,0,0,0,0,0,0,0,81,0,0,0,0,0,0,0,0,0,0,0,0,0,0,0,0,0,0,0,0,0,0,0,0,0,0,0,0,0,0,0,0,0,0,0,0,0,0,0,0,0,0,0,0,0,0,0,0,0,0,0,0,0,0,0,0,0,0,0,0,0,0,0,0,0,0,0,0,0,0,0,0,0,0,0,0,0,0,0,0,0,0,0,0,0,0,0,0,0,0,0,0,0,0,0,0,0,0,0,0,0,0,0,0,0,0,0,0,0,0,0,0
"WADE-003-188","PH12HB011",2064,665,0,3570,1695,1246,0,141,0,8948,119,256,0,0,6,0,0,489,114,0,1033,720,0,5,245,331,0,0,0,8293,285,5,466,0,643,0,390,0,0,0,0,438,0,313,0,0,152,0,203,196,0,0,0,14,0,0,24,29,93,0,161,0,0,533,184,0,0,0,0,0,30,5,0,13,0,0,3,0,0,25,0,0,0,0,0,0,0,0,0,0,11,0,0,0,0,0,0,0,367,0,0,0,0,43,0,12,0,0,0,0,0,15,9,0,0,0,0,0,39,0,0,0,0,0,0,0,30,0,0,0,57,0,45,0,0,0,0,25,0,0,0,0,0,0,0,0,0,0,0,0,0,0,0,0,0,0,0,0,0,0,0,0,0,0,0,0,0,0,0,0,0,0,0,0,0,0,0,0,0,0,0,0,0,0,0,0,0,0,0,0,0,0,9,0,0,0,0,0,0,0,0,0,0,0,0,0,0,0,0,0,0,0,0,0,0,0,0,0,0,0,0,0
"WADE-003-189","PH12PH004",1860,3651,0,1665,134,413,0,1308,0,44,0,368,0,0,53,0,0,337,120,0,8692,79,0,0,0,0,0,6,0,3458,225,0,107,0,18,0,0,0,0,0,0,89,0,0,0,0,0,0,0,0,0,0,0,6,0,0,0,0,0,0,0,0,18,7,0,0,0,0,0,0,0,0,0,52,0,0,0,0,0,0,0,0,0,0,9,0,0,0,0,0,0,0,0,0,0,0,0,0,0,0,0,0,0,0,0,0,0,0,0,0,0,0,0,0,0,0,0,0,0,0,0,0,0,0,0,0,0,0,0,0,0,4,0,0,0,0,0,0,0,0,0,0,0,0,0,0,0,0,0,0,0,0,0,0,0,0,0,0,0,0,0,0,0,0,0,0,0,0,0,0,0,0,0,0,7,0,0,0,0,0,0,34,0,0,0,0,0,0,0,0,0,0,0,0,0,0,0,0,0,0,0,0,0,0,0,0,0,0,0,0,0,0,0,0,0,0,0,0,0,0,0,0
"WADE-003-190","PH12PH005",1549,612,0,5219,254,2557,0,212,0,6846,556,444,0,0,5,0,0,453,86,0,2273,3876,0,0,0,129,0,8,0,1865,209,0,687,0,209,0,0,0,0,0,8,183,0,611,46,0,26,0,0,275,0,0,0,0,0,0,0,0,0,0,0,0,101,226,0,0,0,0,0,0,109,0,0,44,0,0,10,0,0,0,0,0,0,0,0,0,3,2029,0,0,0,0,197,0,0,0,0,0,0,0,0,0,0,31,0,0,0,0,0,0,0,0,0,0,0,0,0,0,0,0,0,0,0,0,2,0,0,0,0,17,11,0,0,0,0,0,0,0,0,0,0,0,0,13,0,0,0,0,0,0,0,0,0,0,0,0,0,0,0,0,0,0,0,0,0,0,0,0,0,0,0,0,0,0,0,0,0,0,0,0,0,0,4,0,0,0,0,0,0,0,0,0,0,0,0,0,0,0,0,0,0,0,0,0,0,0,0,0,0,0,0,0,0,0,0,0,0,0,0,0,0,0
"WADE-003-192","PH21GAM022",104,72,0,3300,2273,642,0,0,0,2200,16,1088,0,0,0,0,0,710,147,0,20,652,0,0,83,1337,0,3,0,0,140,356,357,0,22,0,69,0,153,0,0,33,0,466,0,0,59,0,28,100,0,0,0,0,0,0,10,0,20,0,78,0,613,292,96,0,0,0,0,0,21,0,0,0,0,0,103,0,0,52,0,7,21,0,0,0,0,0,0,0,5,0,0,0,0,0,9,0,9,0,0,0,0,0,0,0,0,0,0,0,0,0,0,663,0,0,0,0,0,0,0,0,0,0,0,0,0,0,0,0,18,0,0,0,0,0,0,0,0,0,181,0,0,0,0,0,0,0,0,0,0,0,0,0,0,0,0,0,0,0,0,0,0,0,0,0,0,0,0,0,0,0,0,0,0,0,0,0,0,0,0,0,0,0,0,0,0,0,0,0,0,0,0,3,0,0,0,0,0,0,0,0,0,0,0,0,0,0,0,0,0,0,0,0,0,0,0,0,0,0,0,0
"WADE-003-195","PH22GAM012",69,683,0,371,12,63,0,0,0,902,0,0,0,0,4,0,0,53,0,0,0,208,0,0,0,53,0,0,0,0,0,6,0,0,436,0,0,0,0,0,0,223,0,6,0,0,3,0,0,0,0,0,0,0,0,0,0,0,8,0,28,0,0,0,18,0,0,0,0,0,20,0,0,0,0,0,0,0,0,0,0,0,0,0,0,0,0,0,0,0,0,0,4,0,0,0,0,0,0,0,0,0,0,25,0,0,0,0,0,0,0,0,0,0,0,0,0,0,0,0,0,0,0,0,0,0,0,0,0,0,0,0,0,0,0,0,0,0,0,0,0,0,0,0,0,0,0,0,0,0,0,0,0,0,0,0,0,0,0,0,0,0,0,0,0,0,0,0,0,0,0,0,0,0,0,0,0,0,0,0,0,0,0,0,0,0,0,0,0,0,0,0,0,0,0,0,0,0,0,0,0,0,0,0,0,0,0,0,0,0,0,0,0,0,0,0,0,0,0,0,0,0
"WADE-003-197","PH22PH002",34,0,0,14759,469,1311,0,0,0,2060,1116,1572,0,0,5,0,0,502,91,0,0,265,0,0,0,188,0,4,0,3,0,19,115,0,6860,0,0,0,0,0,0,43,0,164,41,44,43,0,0,104,0,0,0,0,0,0,0,0,35,0,4,0,5,191,151,8,0,0,0,0,306,0,0,0,0,0,280,0,0,0,0,0,0,0,0,26,0,0,0,0,41,0,7,12,0,0,0,0,0,0,0,0,0,0,0,0,0,0,0,0,132,0,0,0,0,0,0,0,0,0,0,2,0,0,0,0,0,0,0,0,0,0,0,0,0,0,0,0,0,0,0,0,0,0,0,0,0,0,0,0,0,0,0,0,0,0,0,0,0,0,0,0,0,0,0,0,0,0,0,0,0,0,0,0,0,0,0,0,0,0,0,0,0,0,0,0,0,0,0,0,0,0,0,0,0,0,0,0,0,0,0,0,0,0,0,0,0,0,0,0,0,0,0,0,0,0,0,0,0,0,0,0
"WADE-003-198","PH22PH003",14782,1341,0,4287,2069,9493,0,0,4,5177,11,93,0,0,20,0,0,665,1280,0,0,5376,0,0,178,10,0,0,0,0,384,0,3351,2,39,0,35,0,0,0,7,244,0,31,236,0,6,0,10,262,0,0,147,0,0,0,11,0,207,0,16,0,58,516,0,0,285,0,0,0,114,0,0,49,0,0,82,0,0,11,1019,0,0,0,0,0,0,0,0,0,5,0,0,0,0,0,0,39,896,0,0,0,0,0,18,0,0,0,0,0,0,11,85,0,0,7,0,0,0,0,0,0,0,0,0,0,0,0,0,0,29,0,18,0,0,0,0,0,0,0,0,0,0,0,0,0,14,0,0,0,0,0,0,0,0,0,0,0,0,0,0,0,0,0,0,0,0,0,0,0,0,0,0,0,0,0,0,15,0,0,0,0,0,0,0,0,0,0,0,0,0,0,0,0,0,0,0,0,0,0,0,0,0,0,0,0,18,0,13,0,0,0,0,0,0,0,0,0,0,0,0,0
"WADE-003-199","PH23GAM002",14,56,0,923,466,677,0,0,0,858,22,111,0,0,0,0,0,31,39,0,0,51,0,0,0,47,0,20,0,0,4594,0,4355,0,0,0,63,0,127,0,115,0,0,0,0,0,0,0,0,41,5,0,46,0,0,0,0,0,92,0,24,0,0,28,0,0,0,0,0,0,0,0,0,0,0,0,37,0,0,0,47,0,88,0,13,20,152,0,0,0,0,0,0,0,0,0,0,0,0,0,0,0,0,0,8,0,0,0,0,0,0,17,0,0,8,0,0,0,0,0,0,0,0,0,0,0,0,0,0,0,0,27,62,0,0,0,0,0,0,0,0,0,0,113,0,0,0,0,0,0,0,0,0,0,13,11,0,0,0,0,0,0,0,0,0,3,0,0,0,0,0,0,0,0,0,48,0,0,0,0,0,0,0,0,0,0,0,0,0,0,0,0,0,0,0,0,0,0,0,0,0,0,0,0,0,13,0,0,0,0,0,0,0,0,0,0,0,0,0,0,0,0
"WADE-003-200","PH23GAM003",2349,9747,0,4207,229,8152,0,0,0,3034,6,982,0,0,14,0,0,993,0,2051,131,2064,0,0,174,59,0,561,0,0,192,0,48,0,13,0,0,0,0,0,0,49,0,170,118,0,2,0,7,126,0,0,0,0,0,0,0,0,0,0,0,0,613,278,13,0,0,0,0,0,0,16,0,596,0,0,4,0,0,0,0,0,0,0,0,0,0,0,0,0,0,0,0,59,0,0,0,0,25,0,0,0,0,11,0,0,0,0,0,0,305,0,118,0,0,0,0,0,0,0,0,0,0,0,0,0,0,0,0,0,8,0,0,0,0,0,0,0,0,0,0,0,0,0,0,0,0,0,0,0,0,0,0,0,0,0,0,0,0,0,0,0,0,0,0,3,0,0,0,0,0,0,0,0,0,0,0,0,0,0,0,0,0,0,0,0,11,0,0,0,0,0,0,0,0,0,0,0,0,0,0,0,0,0,0,0,0,0,0,0,0,0,0,0,0,0,0,0,0,0,0,0
"WADE-003-214","PH23GAM009",15441,22,107,7471,414,1651,0,0,0,575,27,1356,0,0,184,0,0,290,57,93,18,523,0,0,9,28,0,0,0,0,83,0,114,0,26,0,7,0,256,0,2,456,0,118,384,0,20,0,8,104,0,0,31,278,0,0,0,0,13,0,14,0,0,1092,3,0,0,0,0,0,0,0,0,320,0,0,91,0,0,0,0,49,0,0,27,0,4,0,0,0,0,0,0,16,0,0,0,11,0,0,0,0,9,0,0,0,0,0,0,20,0,0,0,10,0,0,0,0,0,0,0,0,29,4,0,0,0,0,0,0,0,0,0,0,0,0,0,0,0,0,0,0,0,0,0,0,0,0,0,0,0,0,0,0,0,0,0,0,0,0,0,7,0,0,4,3,0,0,0,13,0,0,0,0,0,0,0,0,0,0,0,0,8,0,0,0,0,0,0,0,0,0,0,0,0,0,0,0,0,0,0,0,0,0,0,0,0,0,0,0,0,0,0,0,0,0,0,0,0,0,0,0
"WADE-003-202","PH23GAM017",16901,12,8,9960,17,74,0,0,0,105,121,334,0,0,1097,0,0,275,0,0,0,160,0,0,9,0,0,0,0,0,26,0,23,0,31,0,0,0,34,0,0,50,0,59,309,17,0,0,0,13,0,0,0,0,0,0,0,0,0,0,0,0,2049,0,14,0,0,0,0,0,0,0,0,0,0,0,20,0,0,0,0,0,0,0,0,0,8,25,0,0,0,0,13,0,0,0,0,0,0,0,0,0,0,0,0,0,0,0,0,0,196,18,0,0,0,0,0,0,0,0,0,0,0,0,0,0,0,0,0,0,0,0,0,0,0,0,0,0,0,0,0,0,0,0,0,0,0,0,0,0,0,0,0,0,0,0,0,0,0,0,0,0,0,0,0,3,0,0,0,0,0,0,0,0,0,0,0,0,0,0,0,0,0,0,0,0,0,0,0,0,0,0,0,0,0,0,0,0,0,0,0,0,0,0,0,0,0,0,0,0,0,0,0,0,0,0,0,0,0,0,0,0
"WADE-003-203","PH24GAM001",2234,209,0,8924,8619,5048,0,0,0,1115,10,2700,0,0,23,0,0,451,50,0,0,959,0,0,86,304,0,0,0,0,140,16,173,0,30,5,524,0,0,0,57,69,0,191,0,0,114,0,0,118,0,0,17,76,0,0,17,0,321,0,67,0,20,141,96,0,0,0,0,0,0,0,0,0,0,0,288,0,0,24,259,0,0,0,0,0,42,0,0,0,0,0,0,3,0,0,0,23,14,0,0,0,0,0,0,0,0,0,0,0,0,22,137,54,0,2,0,0,0,0,0,0,7,0,0,0,0,0,0,0,58,0,0,0,0,0,0,0,0,0,10,0,0,0,36,0,0,0,0,0,0,0,0,0,0,0,0,0,0,0,0,0,0,0,0,0,0,0,0,0,0,0,0,0,0,12,0,0,0,0,0,0,0,0,0,0,0,0,0,0,0,0,0,0,0,0,0,0,0,0,0,0,0,0,0,0,0,0,0,0,0,0,0,0,0,0,0,0,0,0,0,0
"WADE-003-204","PH24GAM008",929,800,0,847,280,10019,0,0,0,270,792,1112,0,0,3,0,0,507,24,0,0,731,0,0,8858,62,0,7,0,0,1578,0,38,0,32,6,0,51,0,0,27,0,0,0,51,0,0,0,52,197,0,0,150,259,0,0,0,0,0,0,16,0,0,105,30,0,0,0,0,0,6,692,0,0,0,0,19,0,0,0,313,0,0,0,51,275,22,0,0,0,0,0,0,0,0,0,0,0,0,0,0,0,0,24,0,0,0,0,0,0,0,0,0,0,7,0,0,0,0,0,0,0,77,0,0,0,0,0,0,0,56,18,0,0,0,0,0,0,0,0,0,0,0,0,0,0,0,0,0,0,0,0,0,0,0,0,0,0,0,0,0,9,0,0,0,41,0,0,0,0,0,0,0,0,0,0,0,9,0,0,0,40,0,13,0,0,0,0,19,0,0,0,0,0,0,0,0,2,0,0,0,0,0,0,0,0,0,0,0,0,0,0,0,0,0,0,0,0,0,7,0,0
"WADE-003-205","PH24GAM016",15,0,0,11407,467,935,0,0,0,6830,270,2437,0,0,19,0,0,70,100,0,0,3092,0,0,4,0,0,0,0,0,227,5,149,0,373,0,15,0,0,0,0,580,0,118,139,0,26,0,6,698,0,0,0,0,0,0,0,0,0,0,0,0,0,176,4643,0,187,0,0,0,988,124,0,0,0,0,0,0,0,0,0,0,0,0,0,0,0,0,0,0,42,0,107,242,0,0,0,0,0,0,0,0,0,20,0,0,0,0,0,537,374,0,0,0,0,0,0,0,0,0,0,0,0,0,0,0,0,0,0,0,0,0,0,0,0,0,0,0,0,0,0,0,0,0,0,0,0,0,0,0,0,0,0,0,0,0,0,0,0,0,0,0,0,0,0,0,0,0,0,0,0,0,0,0,0,0,0,0,0,0,0,0,0,0,0,0,0,0,0,0,0,0,0,0,0,0,0,0,0,0,0,0,0,0,0,0,0,0,0,0,0,0,0,0,0,0,0,0,0,0,0,0
"WADE-003-206","PH24GAM017",72,2041,0,4737,613,1558,0,27,0,4111,4040,1098,0,0,769,0,0,438,112,0,554,1709,0,0,0,28,0,0,0,87,701,0,14,0,1131,0,20,0,0,0,7,226,0,108,23,38,0,0,219,53,0,0,0,0,0,0,0,0,0,0,53,0,0,153,24,0,0,0,0,0,476,0,0,141,0,0,34,0,0,0,8,0,0,0,4,12,0,0,0,8,233,0,11,0,0,0,0,0,0,0,0,0,0,0,0,0,0,0,0,242,0,0,0,0,0,0,0,0,73,0,0,0,0,0,0,0,5,0,0,0,14,0,19,0,0,0,0,0,0,0,0,0,0,0,0,0,0,0,0,0,0,0,0,0,0,0,0,0,0,0,0,0,0,0,0,0,0,0,0,0,0,0,0,0,0,0,0,0,0,0,0,0,0,0,0,0,0,0,0,0,0,0,0,0,0,0,0,0,0,0,0,0,0,0,0,0,0,0,0,0,0,0,0,0,0,0,0,0,0,0,0,0
"WADE-003-221","PH24GAM025",32,29,0,14322,45,407,0,0,0,4759,30,20,0,0,0,0,0,542,0,6576,0,3391,0,0,110,578,35,669,0,172,4401,0,48,0,136,0,0,0,1260,0,0,65,0,0,115,0,0,0,0,1457,0,0,292,0,0,0,0,0,0,0,493,0,0,39,91,0,0,0,6,0,7,0,0,0,0,0,0,0,0,26,0,0,0,0,0,0,0,0,0,0,0,0,0,0,0,0,0,0,0,0,0,0,0,0,0,0,0,45,0,0,0,0,31,0,0,0,0,0,0,0,0,0,0,0,0,0,152,0,0,0,29,0,6,0,0,0,0,0,0,0,111,0,0,0,0,0,0,0,0,0,0,0,0,0,0,0,0,0,0,0,0,0,0,0,0,0,0,0,0,0,0,0,0,0,0,0,0,0,0,0,0,0,0,0,0,0,0,0,0,0,0,0,0,0,0,0,0,0,0,0,0,0,0,0,0,0,0,0,0,0,0,0,0,0,0,0,0,0,0,0,0,0
"WADE-003-208","PH24GAM031",451,1290,0,3525,1260,635,0,0,0,13789,240,11960,0,0,4,0,0,299,47,104,1466,59,0,0,514,421,0,142,0,133,215,0,0,0,24,0,21,0,196,0,135,268,0,473,0,0,7,0,23,0,0,0,103,119,0,0,0,0,0,0,0,0,0,128,15,0,0,0,0,0,14,76,0,0,0,0,0,0,0,0,0,7,0,0,6,347,11,0,0,5,19,0,0,0,0,0,0,0,0,0,0,0,14,0,21,0,0,0,0,0,81,0,0,2,0,0,0,0,0,0,0,0,2,0,0,0,18,0,0,0,0,0,27,0,0,0,0,0,0,0,10,0,0,0,0,0,0,114,0,0,0,0,0,0,0,50,0,0,0,0,0,0,0,0,0,0,89,27,0,0,0,0,50,0,0,27,0,0,0,0,0,0,39,0,0,0,0,0,0,0,0,0,0,0,0,0,0,0,0,0,0,0,0,0,0,0,0,0,0,0,2,0,0,0,0,0,0,0,0,0,0,0
"WADE-003-209","PH25GAM009",6793,846,0,208,3106,1496,0,0,35,6816,107,47,320,0,8582,0,0,804,73,0,0,713,323,0,395,494,13919,915,0,0,1262,640,148,0,66,0,339,0,30,0,0,256,0,280,70,48,704,0,204,40,0,0,0,0,0,0,209,0,824,0,35,0,13,0,4,0,29,0,6,293,48,0,0,0,0,263,3,0,0,234,0,52,89,0,0,14,0,0,0,0,8,0,44,0,0,0,31,50,24,0,0,0,0,0,0,29,331,0,373,0,0,0,0,0,0,0,0,0,52,0,3,0,0,0,0,0,0,0,0,32,0,0,0,0,0,26,46,0,0,0,0,0,0,0,0,0,0,0,0,0,6,0,0,0,0,0,0,0,0,0,0,0,0,0,0,0,0,0,0,0,0,0,0,0,0,0,0,0,0,0,0,0,0,0,3,0,0,0,0,0,0,0,0,21,0,0,0,0,0,0,0,0,0,0,0,0,0,0,0,0,0,0,0,0,0,0,0,0,0,0,0,0
