Specimen ID,Repeat or New Specimen?,Shipment,Location in body,Extraction date,bio_rep?,LabID,tech_rep?,Notes,extract_con_ng_ul,Final_PCR1_16S_band,Final_PCR1_16S_date,Number_PCR1_16S,PCR1_16S_9.17.24_band,Clean1_date,Index_plate,Index_date,Final_quant_16S,MiSeq_success_16s,Final_PCR1_12S_band,Final_PCR1_12S_date,Number_PCR1_12S,Final_quant_12s,MiSeq_success_12s,Final_PCR1_CO1_band,Final_PCR1_CO1_date,Number_PCR1_CO1,MiSeq_success_CO1,Final_quant_CO1,MiSeq_success_12s,Platemap_Notes
DL22OME005,New,1,,,yes,NA,no,,NA,NA,NA,NA,NA,NA,NA,NA,NA,,,,,,,,,,,,,
DL22OME004,New,1,,,yes,NA,no,,NA,NA,NA,NA,NA,NA,NA,NA,NA,,,,,,,,,,,,,
DL22OME003,New,1,,,yes,NA,no,,NA,NA,NA,NA,NA,NA,NA,NA,NA,,,,,,,,,,,,,
DL22OME002,New,1,,,yes,NA,no,,NA,NA,NA,NA,NA,NA,NA,NA,NA,,,,,,,,,,,,,
DL22OME001,New,1,,,yes,NA,no,,NA,NA,NA,NA,NA,NA,NA,NA,NA,,,,,,,,,,,,,
DL21OTZ007,New,1,,,yes,NA,no,,NA,NA,NA,NA,NA,NA,NA,NA,NA,,,,,,,,,,,,,
DL20OME003,New,1,,,yes,NA,no,,NA,NA,NA,NA,NA,NA,NA,NA,NA,,,,,,,,,,,,,
DL20OME002,New,1,,,yes,NA,no,,NA,NA,NA,NA,NA,NA,NA,NA,NA,,,,,,,,,,,,,
DL20OME001,New,1,,,yes,NA,no,,NA,NA,NA,NA,NA,NA,NA,NA,NA,,,,,,,,,,,,,
2021BDL-0723C,New,1,,,yes,NA,no,,NA,NA,NA,NA,NA,NA,NA,NA,NA,,,,,,,,,,,,,
2021BDL-0723A,New,1,,,yes,NA,no,,NA,NA,NA,NA,NA,NA,NA,NA,NA,,,,,,,,,,,,,
2021BDL-0708Sa,New,1,,,yes,NA,no,,NA,NA,NA,NA,NA,NA,NA,NA,NA,,,,,,,,,,,,,
2022165,New,1,,,yes,NA,no,,NA,NA,NA,NA,NA,NA,NA,NA,NA,,,,,,,,,,,,,
2022161,New,1,,,yes,NA,no,,NA,NA,NA,NA,NA,NA,NA,NA,NA,,,,,,,,,,,,,
2021214,New,1,,,yes,NA,no,,NA,NA,NA,NA,NA,NA,NA,NA,NA,,,,,,,,,,,,,
2021028,New,1,,,yes,NA,no,,NA,NA,NA,NA,NA,NA,NA,NA,NA,,,,,,,,,,,,,
2020230,New,1,,,yes,NA,no,,NA,NA,NA,NA,NA,NA,NA,NA,NA,,,,,,,,,,,,,
PL12GAM049,New,1,NA,not extracted,,NA,no,sample not found,NA,NA,NA,NA,NA,NA,NA,NA,NA,,,,,,,,,,,,,
DIO-001-14,New,1,NA,not extracted,,NA,no,sample not found,NA,NA,NA,NA,NA,NA,NA,NA,NA,,,,,,,,,,,,,
2023Beluga0726SA,New,1,NA,not extracted,,NA,no,sample not found,NA,NA,NA,NA,NA,NA,NA,NA,NA,,,,,,,,,,,,,
2018199,New,1,NA,not extracted,,NA,no,sample not found,NA,NA,NA,NA,NA,NA,NA,NA,NA,,,,,,,,,,,,,
2023Beluga0722SD,New,1,NA,not extracted,,NA,no,"vial cracked, all sample lost",NA,NA,NA,NA,NA,NA,NA,NA,NA,,,,,,,,,,,,,
2023157,Replacement,2,stomach,9/9/2024,,WADE-003-001,no,,0.873,yes,2/24/2025,1,no,5/13/2025,16SP2,,1.25,,,,,,,yes,9/17/2025,9,,,,A1 plate 5
2023279,Replacement,2,stomach,9/9/2024,,WADE-003-002,no,,4.2,no,,1,no,5/13/2025,no,NA,NA,NA,,,,,,yes,9/17/2025,9,,,,
2023281,Replacement,2,stomach,9/9/2024,,WADE-003-003,no,,32.2,no,,1,no,5/13/2025,no,NA,NA,NA,,,,,,yes,9/17/2025,9,,,,
2023295,Replacement,2,stomach,9/9/2024,,WADE-003-004,no,,0.835,no,,1,no,5/13/2025,no,NA,NA,NA,,,,,,yes,9/17/2025,9,,,,
2023296,Replacement,2,stomach,9/9/2024,,WADE-003-005,no,,4.21,no,,1,no,5/13/2025,no,NA,NA,NA,,,,,,yes,9/17/2025,9,,,,
2014122,New,2,stomach,9/9/2024,no,WADE-003-006,no,,100,faint,9/17/2024,1,yes,9/23/2024,16SP1,,1.9,yes,,,,,,yes,9/17/2025,9,,,,yes
2017198,New,2,stomach,9/9/2024,no,WADE-003-007,no,,15.6,no,,1,no,no,no,NA,NA,NA,,,,,,yes,9/17/2025,9,,,,
2017206,New,2,stomach,9/9/2024,no,WADE-003-008,no,,2.99,yes,2/14/2024,1,no,no,16SP2,NA,12.2,NA,,,,,,yes,9/17/2025,9,,,,G1 plate 4
2017215,New,2,stomach,9/9/2024,no,WADE-003-009,no,,0.697,no,,1,no,no,no,NA,NA,NA,,,,,,yes,9/17/2025,9,,,,
2017217,New,2,stomach,9/9/2024,no,WADE-003-010,no,,100,smear,2/14/2025,1,yes,9/23/2024,16SP2,,1.83,no,,,,,,yes,9/17/2025,9,,,,A2 plate 4
2017221,New,2,stomach,9/9/2024,no,WADE-003-011,no,,100,faint,9/17/2024,1,faint,9/23/2024,16SP1,,0.09,yes,,,,,,yes,9/17/2025,9,,,,yes
2017222,New,2,stomach,9/9/2024,no,WADE-003-012,no,,5.68,no,,1,no,no,no,NA,NA,NA,,,,,,yes,9/17/2025,9,,,,
2017228,New,2,stomach,9/9/2024,no,WADE-003-013,no,,0.995,no,,1,no,no,no,NA,NA,NA,,,,,,yes,9/17/2025,9,,,,
2017230,New,2,stomach,9/9/2024,no,WADE-003-014,no,,18.9,smear,2/14/2025,1,no,no,16SP2,,2.08,,,,,,,yes,9/17/2025,9,,,,C2 plate 5
2018278,New,2,stomach,9/9/2024,no,WADE-003-015,no,,1.99,no,,1,no,no,no,NA,NA,NA,,,,,,yes,9/17/2025,9,,,,
2020230,Replacement,2,stomach,9/9/2024,yes,WADE-003-016,no,,4.6,no,,1,no,no,no,NA,NA,NA,,,,,,yes,9/17/2025,9,,,,
2021028,Replacement,2,stomach,9/9/2024,yes,WADE-003-017,no,,100,smear,2/14/2025,1,yes,9/23/2024,16SP2,,1.03,no,,,,,,smear,9/17/2025,9,,,,G2 plate 4
2021214,Replacement,2,stomach,9/9/2024,yes,WADE-003-018,no,,10.9,no,,1,no,no,no,NA,NA,NA,,,,,,yes,9/17/2025,9,,,,
2021214,Replacement,2,stomach,9/9/2024,yes,WADE-003-018-2,no,,10.9,,,,,,,,,,,,,,,,,,,,,
2021BDL-0708Sa,Replacement,2,stomach,9/9/2024,yes,WADE-003-019-2,no,,1.8,,,,,,,,,,,,,,,,,,,,,
2021BDL-0723A,Replacement,2,stomach,9/9/2024,yes,WADE-003-020-2,no,,26.4,,,,,,,,,,,,,,,,,,,,,
2021BDL-0708Sa,Replacement,2,stomach,9/9/2024,yes,WADE-003-019,no,,1.8,yes,2/14/2025,1,no,no,16SP2,,1.34,no,,,,,,yes,9/17/2025,9,,,,A3 plate 4
2021BDL-0723A,Replacement,2,stomach,9/9/2024,yes,WADE-003-020,no,,26.4,faint,9/17/2024,1,faint,9/23/2024,16SP1,,0.709,no,,,,,,yes,9/17/2025,9,,,,yes
2021BDL-0723C,Replacement,2,stomach,9/9/2024,yes,WADE-003-021,no,,100,smear,9/17/2024,1,yes,9/23/2024,16SP1,,3.25,no,,,,,,smear,9/17/2025,9,,,,
2022161,Replacement,2,stomach,9/9/2024,yes,WADE-003-022,no,,1.66,no,,1,no,no,no,NA,NA,NA,,,,,,yes,9/17/2025,9,,,,
2022165,Replacement,2,stomach,9/9/2024,yes,WADE-003-023,no,,1.18,no,,1,no,no,no,NA,NA,NA,,,,,,yes,9/26/2025,10,,,,
2022Beluga-0713-SD,Replacement,2,stomach,9/10/2024,yes,WADE-003-024,no,,27.1,smear,2/24/2025,1,no,no,16SP2,,1.5,,,,,,,yes,9/17/2025,9,,,,B3 plate 5
DL17HB001,New,2,stomach,9/10/2024,no,WADE-003-025,no,,2,yes,9/17/2024,1,yes,9/23/2024,16SP1,,3.54,yes,,,,,,yes,9/17/2025,9,,,,
DL17OME001,New,2,stomach,9/10/2024,no,WADE-003-026,no,,9.01,yes,9/17/2024,1,yes,9/23/2024,16SP1,,3.55,yes,,,,,,yes,9/17/2025,9,,,,
DL18OME001,New,2,stomach,9/10/2024,no,WADE-003-027,no,,51,yes,9/17/2024,1,yes,9/23/2024,16SP1,,5.16,yes,,,,,,yes,9/17/2025,9,,,,
DL18OME002,New,2,stomach,9/10/2024,no,WADE-003-028,no,,100,smear,9/17/2024,1,yes,9/23/2024,16SP1,,5.18,yes,,,,,,yes,9/17/2025,9,,,,
DL18OME003,New,2,stomach,9/10/2024,no,WADE-003-029,no,,40.6,yes,9/17/2024,1,yes,9/23/2024,16SP1,,4.49,yes,,,,,,yes,9/17/2025,9,,,,
DL18OME004,New,2,stomach,9/10/2024,no,WADE-003-030,no,,100,yes,9/17/2024,1,yes,9/23/2024,16SP1,,3.12,yes,,,,,,yes,9/17/2025,9,,,,
DL20OME001,Replacement,2,stomach,9/10/2024,yes,WADE-003-031,no,,100,yes,9/17/2024,1,yes,9/23/2024,16SP1,,4.52,yes,,,,,,yes,9/17/2025,9,,,,
DL20OME002,Replacement,2,stomach,9/10/2024,yes,WADE-003-032,no,,100,smear,9/17/2024,1,yes,9/23/2024,16SP1,,0.893,yes,,,,,,yes,9/17/2025,9,,,,
DL20OME003,Replacement,2,stomach,9/10/2024,yes,WADE-003-033,no,,41.9,yes,9/17/2024,1,yes,9/23/2024,16SP1,,2.04,yes,,,,,,yes,9/17/2025,9,,,,
DL21OTZ007,Replacement,2,stomach,9/10/2024,yes,WADE-003-034,no,,100,yes,9/17/2024,1,yes,9/23/2024,16SP1,,1.39,yes,,,,,,yes,9/17/2025,9,,,,
DL22OME001,Replacement,2,stomach,9/10/2024,yes,WADE-003-035,no,,100,smear,9/17/2024,1,yes,9/23/2024,16SP1,,0.854,yes,,,,,,yes,9/17/2025,9,,,,
DL22OME002,Replacement,2,stomach,9/10/2024,yes,WADE-003-036,no,,100,yes,2/14/2025,1,yes,9/23/2024,16SP2,,0.88,no,,,,,,yes,9/17/2025,9,,,,E3 plate 4
DL22OME003,Replacement,2,stomach,9/10/2024,yes,WADE-003-037,no,,59,yes,2/14/2025,1,yes,9/23/2024,16SP2,,1.61,no,,,,,,yes,9/17/2025,9,,,,F3 plate 4
DL22OME004,Replacement,2,stomach,9/10/2024,yes,WADE-003-038,no,,15.3,yes,2/14/2025,1,faint,9/23/2024,16SP2,,1.41,no,,,,,,yes,9/17/2025,9,,,,G3 plate 4
DL22OME005,Replacement,2,stomach,9/10/2024,yes,WADE-003-039,no,,100,yes,2/14/2025,1,yes,9/23/2024,16SP2,,1.44,no,,,,,,yes,9/17/2025,9,,,,H3 plate 4
DL22OTZ004,Replacement,2,stomach,9/10/2024,yes,WADE-003-040,no,,100,smear,2/24/2025,1,yes,9/23/2024,16SP2,,0.85,no,,,,,,yes,9/17/2025,9,,,,C3 plate 5
DL22SCM001,Replacement,2,stomach,9/10/2024,yes,WADE-003-041,no,,0.941,yes,2/14/2025,1,yes,9/23/2024,16SP2,,1.78,no,,,,,,yes,9/17/2025,9,,,,B4 plate 4
DL23OME001,Replacement,2,stomach,9/10/2024,??,WADE-003-042,no,says it is a replacement but only one sample listed,100,yes,2/14/2025,1,yes,9/23/2024,16SP2,,1.68,no,,,,,,yes,9/17/2025,9,,,,C4 plate 4
DL23OME002,Replacement,2,stomach,9/10/2024,??,WADE-003-043,no,says it is a replacement but only one sample listed,47.7,yes,2/14/2025,1,yes,9/23/2024,16SP2,,1.1,no,,,,,,yes,9/17/2025,9,,,,D4 plate 4
DL23OME002,Replacement,2,stomach,9/10/2024,??,WADE-003-043-2,no,says it is a replacement but only one sample listed,47.7,yes,2/24/2025,1,yes,9/23/2024,16SP2,,0.572,,,,,,,yes,9/17/2025,9,,,,E7 plate 5
DL23OME003,Replacement,2,stomach,9/10/2024,??,WADE-003-044,no,says it is a replacement but only one sample listed,100,smear,9/17/2024,1,yes,9/23/2024,16SP1,,0.23,yes,,,,,,yes,9/17/2025,9,,,,
DL23SCM001,Replacement,2,stomach,9/10/2024,??,WADE-003-045,no,says it is a replacement but only one sample listed,100,smear,9/17/2024,1,yes,9/23/2024,16SP1,,1.74,yes,,,,,,smear,9/17/2025,9,,,,
SHH-004-14,New,1,stomach,9/10/2024,no,WADE-003-046,no,,0.243,no,9/17/2024,1,no,no,no,NA,NA,NA,,,,,,yes,10/7/2025,,,,,
PL14GAM064,New,1,stomach,9/11/2024,no,WADE-003-047,no,sample found in shipment 1 but not in metadata,1.33,no,9/17/2024,1,no,no,no,NA,NA,NA,,,,,,yes,10/7/2025,,,,,
PH15GAM051,New,1,stomach,9/11/2024,no,WADE-003-048,no,,0.871,yes,,1,yes,9/23/2024,16SP1,,1.62,no,,,,,,yes,10/7/2025,,,,,
PH14GAM029,New,1,stomach,9/11/2024,no,WADE-003-049,no,,15.3,no,9/17/2024,1,no,no,no,NA,NA,NA,,,,,,yes,10/7/2025,,,,,
PH14GAM027,New,1,stomach,9/11/2024,no,WADE-003-050,no,,1.23,yes,,1,yes,9/23/2024,16SP1,,1.94,no,,,,,,yes,10/7/2025,,,,,
PH14GAM026,New,1,stomach,9/11/2024,no,WADE-003-051,no,,4.77,no,9/17/2024,1,no,no,no,NA,NA,NA,,,,,,yes,10/7/2025,,,,,
PH14GAM020,New,1,stomach,9/11/2024,no,WADE-003-052,no,,3.22,no,9/17/2024,1,no,no,no,NA,NA,NA,,,,,,yes,10/7/2025,,,,,
N24-2013,New,1,stomach,9/11/2024,no,WADE-003-053,no,,1.89,no,9/17/2024,1,no,no,no,NA,NA,NA,,,,,,yes,10/7/2025,,,,,
LDL-UNK-A-17,New,1,stomach,9/11/2024,no,WADE-003-054,no,,2.36,no,9/17/2024,1,no,no,no,NA,NA,NA,,,,,,yes,10/7/2025,,,,,
LDL-32-17,New,1,stomach,9/11/2024,no,WADE-003-055,no,,0.956,no,9/17/2024,1,no,no,no,NA,NA,NA,,,,,,yes,10/7/2025,,,,,
LDL-24-17,New,1,stomach,9/11/2024,no,WADE-003-056,no,,0.913,no,9/17/2024,1,no,no,no,NA,NA,NA,,,,,,yes,10/7/2025,,,,,
LDL-23-17,New,1,stomach,9/11/2024,no,WADE-003-057,no,,3.89,no,9/17/2024,1,no,no,no,NA,NA,NA,,,,,,yes,10/7/2025,,,,,
LDL-21-17,New,1,stomach,9/11/2024,no,WADE-003-058,no,,13.8,no,9/17/2024,1,no,no,no,NA,NA,NA,,,,,,yes,10/7/2025,,,,,
LDL-16-17,New,1,stomach,9/11/2024,no,WADE-003-059,no,,0.817,no,9/17/2024,1,no,no,no,NA,NA,NA,,,,,,yes,10/7/2025,,,,,
EB14GAM025,New,1,stomach,9/11/2024,no,WADE-003-060,no,,0.406,no,9/17/2024,1,no,no,no,NA,NA,NA,,,,,,yes,10/7/2025,,,,,
EB13GAM020,New,1,stomach,9/11/2024,no,WADE-003-061,no,sample found in shipment 1 but not in metadata,4.99,no,9/17/2024,1,no,no,no,NA,NA,NA,,,,,,yes,10/7/2025,,,,,
DL18OME005,New,1,stomach,9/11/2024,no,WADE-003-062,no,,6.14,yes,9/17/2024,1,yes,9/23/2024,16SP1,,2.94,yes,,,,,,yes,10/7/2025,,,,,
DL16OME004,New,1,stomach,9/11/2024,no,WADE-003-063,no,,2.47,no,9/17/2024,1,no,no,no,NA,NA,NA,,,,,,yes,10/7/2025,,,,,
DL16HB001,New,1,stomach,9/11/2024,no,WADE-003-064,no,,5.63,no,9/17/2024,1,no,no,no,NA,NA,NA,,,,,,yes,10/7/2025,,,,,
EB15SH020,New,1,stomach,9/11/2024,no,WADE-003-065,no,,4.48,no,9/17/2024,1,no,no,no,NA,NA,NA,,,,,,yes,10/7/2025,,,,,
DIO-001-11,New,1,stomach,9/11/2024,no,WADE-003-066,no,,2.43,no,9/17/2024,1,no,no,no,NA,NA,NA,,,,,,yes,10/7/2025,,,,,
2023Beluga0728SB,New,1,stomach,9/11/2024,no,WADE-003-067,no,,0.099,no,9/17/2024,1,no,no,no,NA,NA,NA,,,,,,yes,10/7/2025,,,,,
2023Beluga0728SA,New,1,stomach,9/11/2024,no,WADE-003-068,no,,3.05,no,9/17/2024,1,no,no,no,NA,NA,NA,,,,,,yes,10/7/2025,,,,,
2023Beluga0726SB,New,1,stomach,9/11/2024,no,WADE-003-069,no,,0.429,no,9/17/2024,1,no,no,no,NA,NA,NA,,,,,,yes,10/7/2025,,,,,
unk_beluga,unk,1,stomach,9/12/2024,no,WADE-003-070,no,"vial lid cracked, no label on vial",1.39,no,9/17/2024,1,no,no,no,NA,NA,NA,,,,,,yes,10/7/2025,,,,,
2023Beluga0722SF,New,1,stomach,9/12/2024,no,WADE-003-071,no,,0.531,no,9/17/2024,1,no,no,no,NA,NA,NA,,,,,,yes,10/7/2025,,,,,
2023Beluga0722SE,New,1,stomach,9/12/2024,no,WADE-003-072,no,,0.35,no,9/17/2024,1,no,no,no,NA,NA,NA,,,,,,yes,10/7/2025,,,,,
2023296,New,1,stomach,9/12/2024,yes,WADE-003-073,no,,1.06,no,9/17/2024,1,no,no,no,NA,NA,NA,,,,,,yes,10/7/2025,,,,,
2023Beluga0722SB,New,1,stomach,9/12/2024,no,WADE-003-074,no,,0.799,no,9/17/2024,1,no,no,no,NA,NA,NA,,,,,,yes,10/7/2025,,,,,
2023Beluga0722SA,New,1,stomach,9/12/2024,no,WADE-003-075,no,,29.9,no,9/17/2024,1,no,no,no,NA,NA,NA,,,,,,yes,10/7/2025,,,,,
2023Beluga0721SB,New,1,stomach,9/12/2024,no,WADE-003-076,no,,0.605,no,9/17/2024,1,no,no,no,NA,NA,NA,,,,,,yes,10/7/2025,,,,,
2023Beluga0721SA,New,1,stomach,9/12/2024,no,WADE-003-077,no,,1.33,no,9/17/2024,1,no,no,no,NA,NA,NA,,,,,,yes,10/7/2025,,,,,
2022Beluga-0713-SB,New,1,stomach,9/12/2024,no,WADE-003-078,no,,2,no,9/17/2024,1,no,no,no,NA,NA,NA,,,,,,yes,10/7/2025,,,,,
2022Beluga-0713-SA,New,1,stomach,9/12/2024,no,WADE-003-079,no,,1.18,no,9/17/2024,1,no,no,no,NA,NA,NA,,,,,,yes,10/7/2025,,,,,
2021BDL-0723B,New,1,stomach,9/12/2024,no,WADE-003-080,no,"vial cracked, still had some sample",3.8,no,9/17/2024,1,no,no,no,NA,NA,NA,,,,,,yes,10/7/2025,,,,,
2014BS18,New,1,stomach,9/12/2024,no,WADE-003-081,no,,1.31,no,9/17/2024,1,no,no,no,NA,NA,NA,,,,,,yes,10/7/2025,,,,,
2014-02-RS,New,1,stomach,9/12/2024,no,WADE-003-082,no,,2.83,no,9/17/2024,1,no,no,no,NA,NA,NA,,,,,,yes,10/7/2025,,,,,
2013RS31,New,1,stomach,9/12/2024,no,WADE-003-083,no,,0.349,no,9/17/2024,1,no,no,no,NA,NA,NA,,,,,,yes,10/7/2025,,,,,
2010RSW-05,New,1,stomach,9/12/2024,no,WADE-003-084,no,,2.12,no,9/17/2024,1,no,no,no,NA,NA,NA,,,,,,yes,10/7/2025,,,,,
09WWBS10,New,1,stomach,9/12/2024,no,WADE-003-085,no,,2.16,no,9/17/2024,1,no,no,no,NA,NA,NA,,,,,,yes,10/7/2025,,,,,
08BS7,New,1,stomach,9/12/2024,no,WADE-003-086,no,,0.575,no,9/17/2024,1,no,no,no,NA,NA,NA,,,,,,yes,10/7/2025,,,,,
08BS09,New,1,stomach,9/12/2024,no,WADE-003-087,no,,4.12,no,9/17/2024,1,no,no,no,NA,NA,NA,,,,,,yes,10/7/2025,,,,,
2022Beluga-07130SD,New,1,stomach,9/12/2024,yes,WADE-003-088,no,,0.173,no,9/17/2024,1,no,no,no,NA,NA,NA,,,,,,yes,10/7/2025,,,,,
2015066,New,1,intestine,9/12/2024,no,WADE-003-089,no,,3.15,no,9/17/2024,1,no,no,no,NA,NA,NA,,,,,,yes,10/7/2025,,,,,
2012180,New,1,stomach,9/12/2024,no,WADE-003-090,no,,1.07,no,9/17/2024,1,no,no,no,NA,NA,NA,,,,,,yes,10/7/2025,,,,,
DL22SCM001,New,1,stomach,9/12/2024,yes,WADE-003-091,no,,0.578,no,9/17/2024,1,no,no,no,NA,NA,NA,,,,,,yes,10/7/2025,,,,,
DL22OTZ004,New,1,stomach,9/12/2024,yes,WADE-003-092,no,,3.91,no,9/17/2024,1,no,no,no,NA,NA,NA,,,,,,yes,10/7/2025,,,,,
2021BDL-0723B,Replacement,1,stomach,10/7/2024,,WADE-003-093,yes,re-extraction test of 9/12 samples with low DNA quants,0.821,NA,NA,NA,NA,NA,NA,NA,NA,NA,,,,,,no,,,,,,
08BS7,Replacement,1,stomach,10/7/2024,,WADE-003-094,yes,re-extraction test of 9/12 samples with low DNA quants,0.387,NA,NA,NA,NA,NA,NA,NA,NA,NA,,,,,,yes,10/7/2025,,,,,
2014-02-RS,Replacement,1,stomach,10/7/2024,,WADE-003-095,yes,re-extraction test of 9/12 samples with low DNA quants,15.2,NA,NA,NA,NA,NA,NA,NA,NA,NA,,,,,,yes,10/7/2025,,,,,
09WWBS10,Replacement,1,stomach,10/7/2024,,WADE-003-096,yes,re-extraction test of 9/12 samples with low DNA quants,0.656,NA,NA,NA,NA,NA,NA,NA,NA,NA,,,,,,yes,10/7/2025,,,,,
2023Beluga0722SA,Replacement,1,stomach,10/7/2024,,WADE-003-097,yes,re-extraction test of 9/12 samples with low DNA quants; only 0.5 ml from sample,7.67,NA,NA,NA,NA,NA,NA,NA,NA,NA,,,,,,yes,10/7/2025,,,,,
2023Beluga0722SF,Replacement,1,stomach,10/7/2024,,WADE-003-098,yes,re-extraction test of 9/12 samples with low DNA quants,2.29,NA,NA,NA,NA,NA,NA,NA,NA,NA,,,,,,yes,10/7/2025,,,,,
2023Beluga0721SA,Replacement,1,stomach,10/7/2024,,WADE-003-099,yes,re-extraction test of 9/12 samples with low DNA quants,4.06,NA,NA,NA,NA,NA,NA,NA,NA,NA,,,,,,yes,10/7/2025,,,,,
2010RSW-05,Replacement,1,stomach,10/7/2024,,WADE-003-100-C,yes,re-extraction test of 9/12 samples with low DNA quants,2.9,NA,NA,NA,NA,NA,NA,NA,NA,NA,,,,,,yes,10/7/2025,,,,,
2010RSW-05,Replacement,1,stomach,10/7/2024,,WADE-003-100-UC,yes,re-extraction test of 9/12 samples with low DNA quants,2.9,NA,NA,NA,NA,NA,NA,NA,NA,NA,,,,,,yes,10/7/2025,,,,,
2014BS18,Replacement,1,stomach,10/7/2024,,WADE-003-101-C,yes,re-extraction test of 9/12 samples with low DNA quants,1.85,NA,NA,NA,NA,NA,NA,NA,NA,NA,,,,,,yes,10/7/2025,,,,,
2014BS18,Replacement,1,stomach,10/7/2024,,WADE-003-101-UC,yes,re-extraction test of 9/12 samples with low DNA quants,1.85,NA,NA,NA,NA,NA,NA,NA,NA,NA,,,,,,yes,10/7/2025,,,,,
EB21GAM031-S,New,3,stomach,11/27/2024,no,WADE-003-102,no,,100,smear,2/24/2025,,,,16SP2,,0.631,no,,,,,,yes,9/17/2025,9,,,,D3 plate 5
EB22GAM019-S,New,3,stomach,11/27/2024,no,WADE-003-103,no,,100,smear,2/24/2025,,,,16SP2,,0.921,,,,,,,yes,9/17/2025,9,,,,E3 plate 5
EB23PH005-S,New,3,stomach,11/27/2024,no,WADE-003-104,no,,100,yes,,,,,16SP2,,3.25,,,,,,,yes,9/17/2025,9,,,,B1 plate 3
EB23PH028-S,New,3,stomach,11/27/2024,no,WADE-003-105,no,,100,smear,2/24/2025,,,,16SP2,,1.02,,,,,,,yes,9/17/2025,9,,,,F3 plate 5
EB23SH008-S,New,3,stomach,11/27/2024,no,WADE-003-106,no,,46.9,yes,2/14/2025,,,,16SP2,,11.6,no,,,,,,yes,9/17/2025,9,,,,F4 plate 4
EB23SH009-S,New,3,stomach,11/27/2024,no,WADE-003-107,no,,27.6,yes,2/14/2025,,,,16SP2,,1.13,,,,,,,yes,9/17/2025,9,,,,G4 plate 4
EB24GAM020-S,New,3,stomach,11/27/2024,no,WADE-003-108,no,,100,smear,2/24/2025,,,,16SP2,,1.36,,,,,,,yes,9/17/2025,9,,,,H3 plate 5
EB24GAM027-S,New,3,stomach,11/27/2024,no,WADE-003-109,no,,54,no,,,,,,,,,,,,,,yes,9/17/2025,9,,,,no
EB24PH055-S,New,3,stomach,11/27/2024,no,WADE-003-110,no,,100,yes,2/2/2025,,,,16SP2,,3.87,,,,,,,yes,9/17/2025,9,,,,E1 plate 3
EB24PH075-S,New,3,stomach,11/27/2024,no,WADE-003-111,no,,100,yes,2/2/2025,,,,16SP2,,3.36,,,,,,,yes,9/17/2025,9,,,,F1 plate 3
PH22SH004-S,New,3,stomach,11/27/2024,no,WADE-003-112,no,,100,yes,1/24/2025,,,,,,,,,,,,,yes,9/17/2025,9,,,,C2 plate 2
PH22SH005-S,New,3,stomach,11/27/2024,no,WADE-003-113,no,,100,smear,12/9/2024,,,,,,,,,,,,,yes,9/17/2025,9,,,,D2 plate 1
PH22SH015-S,New,3,stomach,11/27/2024,no,WADE-003-114,no,,10.5,faint,1/24/2025,,,,,,,,,,,,,yes,9/17/2025,9,,,,E2 plate 2
PH22SH036-S,New,3,stomach,11/27/2024,no,WADE-003-115,no,,5.77,yes,1/24/2025,,,,,,,,,,,,,yes,9/17/2025,9,,,,F2 plate 2
PH22SH043-S,New,3,stomach,11/27/2024,no,WADE-003-116-C,no,,100,smear,2/24/2025,,,,16SP2,,3.7,no,,,,,,yes,9/17/2025,9,,,,"DO BOTH: C4 plate 5 (cleaned DNA; quant 3.7), H1 plate 3 (uncleaned DNA; quant 1.12)"
PH22SH043-S,New,3,stomach,11/27/2024,no,WADE-003-116-2,no,,100,,,,,,16SP2,,3.7,no,,,,,,yes,9/17/2025,9,,,,"DO BOTH: C4 plate 5 (cleaned DNA; quant 3.7), H1 plate 3 (uncleaned DNA; quant 1.12)"
PH22SH043-S,New,3,stomach,11/27/2024,no,WADE-003-116-UC,no,,100,smear,2/12/2025,,,,16SP2,,1.12,no,,,,,,NA,,,,,,"DO BOTH: C4 plate 5 (cleaned DNA; quant 3.7), H1 plate 3 (uncleaned DNA; quant 1.12)"
PH23GAM007-S,New,3,stomach,11/27/2024,no,WADE-003-117-C,no,,100,smear,2/24/2025,,,,16SP2,,1.6,,,,,,,yes,9/17/2025,9,,,,"DO BOTH: D4 plate 5 (cleaned DNA; quant 1.6), A2 plate 3 (uncleaned DNA)"
PH23GAM007-S,New,3,stomach,11/27/2024,no,WADE-003-117-UC,no,,100,smear,2/12/2025,,,,16SP2,,1.47,,,,,,,NA,,,,,,"DO BOTH: D4 plate 5 (cleaned DNA; quant 1.6), A2 plate 3 (uncleaned DNA)"
PH23SH005-S,New,3,stomach,11/27/2024,no,WADE-003-118-C,no,,100,smear,2/24/2025,,,,16SP2,,0.783,,,,,,,yes,9/17/2025,9,,,,"DO BOTH: E4 plate 5 (cleaned DNA; quant 0.783), B2 plate 3 (uncleaned DNA)"
PH23SH005-S,New,3,stomach,11/27/2024,no,WADE-003-118-UC,no,,100,smear,2/12/2025,,,,16SP2,,3.33,,,,,,,NA,,,,,,"DO BOTH: E4 plate 5 (cleaned DNA; quant 0.783), B2 plate 3 (uncleaned DNA)"
PH23SH013-S,New,3,stomach,11/27/2024,no,WADE-003-119,no,,100,smear,2/24/2025,,,,16SP2,,0.825,,,,,,,yes,9/17/2025,9,,,,F4 plate 5
PH23SH013-S,New,3,stomach,11/27/2024,no,WADE-003-119-2,no,,100,,,,,,16SP2,,0.825,,,,,,,yes,9/17/2025,9,,,,F4 plate 5
PH23SH032-S,New,3,stomach,11/27/2024,no,WADE-003-120,no,,3.34,faint,1/24/2025,,,,,,,,,,,,,yes,9/17/2025,9,,,,C3 plate 2
PH23SH032-S,New,3,stomach,11/27/2024,no,WADE-003-120-2,no,,3.34,faint,1/24/2025,,,,,,,,,,,,,yes,9/17/2025,9,,,,C3 plate 2
PH24GAM014-S,New,3,stomach,11/27/2024,no,WADE-003-121,no,,100,smear,2/24/2025,,,,16SP2,,4.24,no,,,,,,yes,9/17/2025,9,,,,G4 plate 5
EB22PH005-S,New,3,stomach,11/27/2024,no,WADE-003-122,yes,,0,smear,2/14/2025,,,,16SP2,,0.389,,,,,,,yes,9/17/2025,9,,,,A5 plate 4
PH22SH036-S,New,3,stomach,11/27/2024,no,WADE-003-123,yes,,27.5,faint,1/24/2025,,,,16SP2,,3.67,,,,,,,yes,9/17/2025,9,,,,F3 plate 2
EB24PH075-S,New,3,stomach,11/27/2024,no,WADE-003-124,yes,,13.8,faint,1/24/2025,,,,16SP2,,0.952,,,,,,,yes,9/17/2025,9,,,,G3 plate 2
EB21GAM031-F,New,3,feces,12/2/2024,no,WADE-003-125,no,,0.773,no,,,,,,,,,,,,,,faint,9/17/2025,9,,,,no
EB22GAM019-F,New,3,feces,12/2/2024,no,WADE-003-126,no,,8.22,smear,12/9/2025,,,,,,,,,,,,,yes,9/26/2025,10,,,,B4 plate 1
EB23PH005-F,New,3,feces,12/2/2024,no,WADE-003-127-C,no,,8.64,smear,2/24/2025,,,,16SP2,,3.39,no,,,,,,no,,,,,,"DO BOTH: C5 plate 5 (cleaned DNA; quant 3.39), C4 plate 2 (uncleaned DNA)"
EB23PH005-F,New,3,feces,12/2/2024,no,WADE-003-127-UC,no,,8.64,smear,1/21/2025,,,,16SP2,,1.34,,,,,,,NA,,,,,,"DO BOTH: C5 plate 5 (cleaned DNA; quant 3.39), C4 plate 2 (uncleaned DNA)"
EB23PH028-F,New,3,feces,12/2/2024,no,WADE-003-128,no,,1.02,no,2/24/2025,,,,,,,,,,,,,faint,9/26/2025,10,,,,no
EB23SH008-F,New,3,feces,12/2/2024,no,WADE-003-129,no,,10.6,no,2/24/2025,,,,,,,,,,,,,yes,9/26/2025,10,,,,no
EB23SH009-F,New,3,feces,12/2/2024,no,WADE-003-130,no,,1.65,no,2/24/2025,,,,,,,,,,,,,faint,9/17/2025,9,,,,no
EB24GAM020-F,New,3,feces,12/2/2024,no,WADE-003-131,no,,12.4,no,2/24/2025,,,,,,,,,,,,,no,,,,,,no
EB24GAM027-F,New,3,feces,12/2/2024,no,WADE-003-132,no,,12.4,no,2/24/2025,,,,,,,,,,,,,no,,,,,,no
EB24PH055-F,New,3,feces,12/2/2024,no,WADE-003-133,no,,8.94,no,2/24/2025,,,,,,,,,,,,,faint,9/17/2025,9,,,,no
EB24PH075-F,New,3,feces,12/2/2024,no,WADE-003-134,no,,3.34,no,,,,,,,,,,,,,,yes,9/26/2025,10,,,,no
PH22SH004-F,New,3,feces,12/2/2024,no,WADE-003-135,no,,26.3,no,,,,,,,,,,,,,,yes,9/26/2025,10,,,,no
PH22SH005-F,New,3,feces,12/2/2024,no,WADE-003-136,no,,18,no,,,,,,,,,,,,,,faint,9/17/2025,9,,,,no
PH22SH015-F,New,3,feces,12/2/2024,no,WADE-003-137,no,,23.4,no,,,,,,,,,,,,,,faint,9/26/2025,10,,,,no
PH22SH036-F,New,3,feces,12/2/2024,no,WADE-003-138,no,,100,smear,2/24/2025,,,,16SP2,,3.87,no,,,,,,smear,9/17/2025,9,,,,F6 plate 5
PH22SH043-F,New,3,feces,12/2/2024,no,WADE-003-139,no,,4.45,no,,,,,,,,,,,,,,faint,9/26/2025,10,,,,no
PH23GAM007-F,New,3,feces,12/2/2024,no,WADE-003-140,no,,3.72,no,,,,,,,,,,,,,,faint,9/26/2025,10,,,,no
PH23SH005-F,New,3,feces,12/2/2024,no,WADE-003-141,no,,1.71,no,,,,,,,,,,,,,,faint,9/26/2025,10,,,,no
PH23SH013-F,New,3,feces,12/2/2024,no,WADE-003-142,no,,2.61,no,,,,,,,,,,,,,,yes,9/26/2025,10,,,,no
PH23SH032-F,New,3,feces,12/2/2024,no,WADE-003-143,no,,100,faint,,,,,,,,,,,,,,faint,9/26/2025,10,,,,E7 plate 5
PH24GAM014-F,New,3,feces,12/2/2024,no,WADE-003-144,no,,2.05,smear,,,,,,,,,,,,,,yes,9/17/2025,9,,,,no
EB23PH028-F,New,3,feces,12/2/2024,no,WADE-003-145,yes,,12,no,,,,,,,,,,,,,,yes,9/17/2025,9,,,,no
PH22SH015-F,New,3,feces,12/2/2024,no,WADE-003-146,yes,,100,smear,2/24/2025,,,,16SP2,,3.84,no,,,,,,yes,9/17/2025,9,,,,G7 plate 5
PH23SH032-F,New,3,feces,12/2/2024,no,WADE-003-147,yes,,7.33,no,,,,,,,,,,,,,,yes,9/26/2025,10,,,,no
neg1,NA,NA,,9/9/2024,NA,,no,,0.091,NA,9/17/2024,1,NA,no,no,NA,NA,NA,,,,,,,,,,,,
neg2,NA,NA,,9/10/2024,NA,,no,,0,no,9/17/2024,1,no,no,no,NA,NA,NA,,,,,,,,,,,,
neg3,NA,NA,NA,9/11/2024,NA,,no,,0,no,9/17/2024,1,no,no,no,NA,NA,NA,,,,,,,,,,,,
neg4,NA,NA,NA,9/12/2024,NA,,no,,0,no,9/17/2024,1,no,no,no,NA,NA,NA,,,,,,,,,,,,
neg5,NA,NA,NA,10/7/2024,NA,,yes,re-extraction test of 9/12 samples with low DNA quants,0,NA,NA,NA,NA,NA,NA,NA,NA,NA,,,,,,,,,,,,
neg6,NA,NA,NA,11/27/2024,NA,,no,,0.27,NA,,,,,,,,,,,,,,,,,,,,NA
neg7,NA,NA,NA,12/2/2024,NA,,no,,0,NA,,,,,,,,,,,,,,,,,,,,NA
2025011A,New,4,stomach,10/6/2025,no,WADE-003-148,no,foregut? - check this,20.1,,,,,,,,,,,,,,,,,,,,,
2025011B,New,4,stomach,10/6/2025,no,WADE-003-149,no,main gut,4.24,,,,,,,,,,,,,,,,,,,,,
finwhale.fat,New,4,stomach,10/6/2025,no,WADE-003-150-A,no,fat at the top as insoluble; this is from the fatty top,0.263,,,,,,,,,,,,,,,,,,,,,
finwhale,New,4,stomach,10/6/2025,,WADE-003-150-B,no,fat at the top as insoluble; this is from the middle/bottom of the sample,0.222,,,,,,,,,,,,,,,,,,,,,
neg8,NA,NA,NA,10/6/2025,NA,NA,NA,,0,,,,,,,,,,,,,,,,,,,,,
EB10PH008,New,5,feces,4/12/2026,no,WADE-003-151,no,,3.37,,,,,,,,,,,,,,,,,,,,,
EB10PH021,New,5,feces,4/12/2026,no,WADE-003-152,no,,4.34,,,,,,,,,,,,,,,,,,,,,
EB10PH036,New,5,feces,4/12/2026,no,WADE-003-153-A,no,,2.33,,,,,,,,,,,,,,,,,,,,,
EB10PH036,New,5,feces,4/12/2026,no,WADE-003-153-B,no,,2.33,,,,,,,,,,,,,,,,,,,,,
EB11PH022,New,5,feces,4/12/2026,no,WADE-003-154,no,,1.81,,,,,,,,,,,,,,,,,,,,,
EB11PH042,New,5,feces,4/12/2026,no,WADE-003-155,no,,2.06,,,,,,,,,,,,,,,,,,,,,
EB12PH019,New,5,feces,4/12/2026,no,WADE-003-156,no,,18.7,,,,,,,,,,,,,,,,,,,,,
EB12PH023,New,5,feces,4/12/2026,no,WADE-003-157,no,,5.86,,,,,,,,,,,,,,,,,,,,,
EB12SH034,New,5,feces,4/12/2026,no,WADE-003-158,no,,14.8,,,,,,,,,,,,,,,,,,,,,
EB21GAM025,New,5,feces,4/12/2026,no,WADE-003-159,no,,4.04,,,,,,,,,,,,,,,,,,,,,
EB21GAM028,New,5,feces,4/12/2026,no,WADE-003-160,no,,1.76,,,,,,,,,,,,,,,,,,,,,
EB22GAM003,New,5,feces,4/12/2026,no,WADE-003-161,no,,11.4,,,,,,,,,,,,,,,,,,,,,
EB22GAM010,New,5,feces,4/12/2026,no,WADE-003-162,no,,8.62,,,,,,,,,,,,,,,,,,,,,
EB22GAM023,New,5,feces,4/12/2026,no,WADE-003-163,no,,18.5,,,,,,,,,,,,,,,,,,,,,
EB22GAM026,New,5,feces,4/12/2026,no,WADE-003-164,no,,1.74,,,,,,,,,,,,,,,,,,,,,
EB22GAM027,New,5,feces,4/12/2026,no,WADE-003-165,no,,100,,,,,,,,,,,,,,,,,,,,,
EB22SH001,New,5,feces,4/12/2026,no,WADE-003-166,no,,10,,,,,,,,,,,,,,,,,,,,,
EB22SH004,New,5,feces,4/12/2026,no,WADE-003-167,no,,4.66,,,,,,,,,,,,,,,,,,,,,
EB23GAM001,New,5,feces,4/12/2026,no,WADE-003-168,no,,32.6,,,,,,,,,,,,,,,,,,,,,
EB23GAM013,New,5,feces,4/12/2026,no,WADE-003-169-A,no,,24.9,,,,,,,,,,,,,,,,,,,,,
EB23GAM013,New,5,feces,4/12/2026,no,WADE-003-169-B,no,,24.9,,,,,,,,,,,,,,,,,,,,,
EB23SH001,New,5,feces,4/12/2026,no,WADE-003-170,no,,3.66,,,,,,,,,,,,,,,,,,,,,
EB23SH004,New,5,feces,4/12/2026,no,WADE-003-171,no,,11,,,,,,,,,,,,,,,,,,,,,
EB24GAM022,New,5,feces,4/12/2026,no,WADE-003-172,no,,28.2,,,,,,,,,,,,,,,,,,,,,
EB24GAM025,New,5,feces,4/12/2026,no,WADE-003-173,no,,17.6,,,,,,,,,,,,,,,,,,,,,
EB24GAM028,New,5,feces,4/12/2026,no,WADE-003-174,no,,9.5,,,,,,,,,,,,,,,,,,,,,
EB24GAM034,New,5,feces,4/12/2026,no,WADE-003-175,no,,1.13,,,,,,,,,,,,,,,,,,,,,
EB24GAM039,New,5,feces,4/12/2026,no,WADE-003-176,no,,1.83,,,,,,,,,,,,,,,,,,,,,
EB24GAM043,New,5,feces,4/12/2026,no,WADE-003-177,no,,0.076,,,,,,,,,,,,,,,,,,,,,
EB24GAM044,New,5,feces,4/12/2026,no,WADE-003-178,no,,29.7,,,,,,,,,,,,,,,,,,,,,
EB24GAM046,New,5,feces,4/12/2026,no,WADE-003-179,no,,0.396,,,,,,,,,,,,,,,,,,,,,
EB24GAM046,New,5,feces,4/12/2026,no,WADE-003-180,no,,4.17,,,,,,,,,,,,,,,,,,,,,
EB25GAM024,New,5,feces,4/12/2026,no,WADE-003-181,no,,1.13,,,,,,,,,,,,,,,,,,,,,
EB25SH001,New,5,feces,4/12/2026,no,WADE-003-182,no,,48,,,,,,,,,,,,,,,,,,,,,
EB25SH009,New,5,feces,4/12/2026,no,WADE-003-183,no,,43,,,,,,,,,,,,,,,,,,,,,
PH10HB027,New,5,feces,4/12/2026,no,WADE-003-184,no,,100,,,,,,,,,,,,,,,,,,,,,
PH10PH001,New,5,feces,4/12/2026,no,WADE-003-185,no,,18.1,,,,,,,,,,,,,,,,,,,,,
PH10PH002,New,5,feces,4/12/2026,no,WADE-003-186,no,,8.92,,,,,,,,,,,,,,,,,,,,,
PH12DIO005,New,5,feces,4/12/2026,no,WADE-003-187,no,,9.24,,,,,,,,,,,,,,,,,,,,,
PH12HB011,New,5,feces,4/12/2026,no,WADE-003-188,no,,16.4,,,,,,,,,,,,,,,,,,,,,
PH12PH004,New,5,feces,4/12/2026,no,WADE-003-189,no,,6.65,,,,,,,,,,,,,,,,,,,,,
PH12PH005,New,5,feces,4/12/2026,no,WADE-003-190,no,,1.75,,,,,,,,,,,,,,,,,,,,,
PH14KOTZ001,New,5,feces,4/12/2026,no,WADE-003-191,no,,60,,,,,,,,,,,,,,,,,,,,,
PH21GAM022,New,5,feces,4/12/2026,no,WADE-003-192,no,,27.4,,,,,,,,,,,,,,,,,,,,,
PH22GAM001,New,5,feces,4/12/2026,no,WADE-003-193,no,,47.5,,,,,,,,,,,,,,,,,,,,,
PH22GAM004,New,5,feces,4/12/2026,no,WADE-003-194,no,,7.47,,,,,,,,,,,,,,,,,,,,,
PH22GAM012,New,5,feces,4/12/2026,no,WADE-003-195,no,,30.4,,,,,,,,,,,,,,,,,,,,,
PH22GAM022,New,5,feces,4/12/2026,no,WADE-003-196,no,,32.9,,,,,,,,,,,,,,,,,,,,,
PH22PH002,New,5,feces,4/12/2026,no,WADE-003-197,no,,100,,,,,,,,,,,,,,,,,,,,,
PH22PH003,New,5,feces,4/12/2026,no,WADE-003-198,no,,8.56,,,,,,,,,,,,,,,,,,,,,
PH23GAM002,New,5,feces,4/12/2026,no,WADE-003-199,no,,1.81,,,,,,,,,,,,,,,,,,,,,
PH23GAM003,New,5,feces,4/12/2026,no,WADE-003-200,no,,21.3,,,,,,,,,,,,,,,,,,,,,
PH23GAM009,New,5,feces,4/12/2026,no,WADE-003-201,no,,46.4,,,,,,,,,,,,,,,,,,,,,
PH23GAM017,New,5,feces,4/12/2026,no,WADE-003-202,no,,100,,,,,,,,,,,,,,,,,,,,,
PH24GAM001,New,5,feces,4/12/2026,no,WADE-003-203,no,,29.1,,,,,,,,,,,,,,,,,,,,,
PH24GAM008,New,5,feces,4/12/2026,no,WADE-003-204,no,,8.52,,,,,,,,,,,,,,,,,,,,,
PH24GAM016,New,5,feces,4/12/2026,no,WADE-003-205,no,,1.86,,,,,,,,,,,,,,,,,,,,,
PH24GAM017,New,5,feces,4/12/2026,no,WADE-003-206,no,,6.91,,,,,,,,,,,,,,,,,,,,,
PH24GAM028,New,5,feces,4/12/2026,no,WADE-003-207,no,,35.2,,,,,,,,,,,,,,,,,,,,,
PH24GAM031,New,5,feces,4/12/2026,no,WADE-003-208,no,,100,,,,,,,,,,,,,,,,,,,,,
PH25GAM009,New,5,feces,4/12/2026,no,WADE-003-209,no,,1.21,,,,,,,,,,,,,,,,,,,,,
EB10PH008,New,5,feces,4/12/2026,no,WADE-003-210,yes,,1.25,,,,,,,,,,,,,,,,,,,,,
EB22GAM003,New,5,feces,4/12/2026,no,WADE-003-211,yes,,44.7,,,,,,,,,,,,,,,,,,,,,
EB23SH004,New,5,feces,4/12/2026,no,WADE-003-212,yes,,28.8,,,,,,,,,,,,,,,,,,,,,
PH14KOTZ001,New,5,feces,4/12/2026,no,WADE-003-213,yes,,100,,,,,,,,,,,,,,,,,,,,,
PH23GAM009,New,5,feces,4/12/2026,no,WADE-003-214,yes,,40,,,,,,,,,,,,,,,,,,,,,
PH25GAM009,New,5,feces,4/12/2026,no,WADE-003-215,yes,,2.29,,,,,,,,,,,,,,,,,,,,,
PH23GAM003,New,5,feces,4/12/2026,no,WADE-003-216,yes,,12.8,,,,,,,,,,,,,,,,,,,,,
PH12PH005,New,5,feces,4/12/2026,no,WADE-003-217,yes,,15.4,,,,,,,,,,,,,,,,,,,,,
EB25GAM010,New,5,feces,4/12/2026,no,WADE-003-218,yes,,2.64,,,,,,,,,,,,,,,,,,,,,
EB23SH001,New,5,feces,4/12/2026,no,WADE-003-219,yes,,6.17,,,,,,,,,,,,,,,,,,,,,
EB25GAM024,New,5,feces,4/12/2026,no,WADE-003-220,yes,,6.89,,,,,,,,,,,,,,,,,,,,,
PH24GAM025,New,5,feces,4/12/2026,no,WADE-003-221,yes,,0.258,,,,,,,,,,,,,,,,,,,,,
neg9,NA,NA,NA,4/12/2026,NA,neg1,NA,,0.979,,,,,,,,,,,,,,,,,,,,,
NA,NA,NA,NA,NA,,mock1-782D,NA,,,,,,,,,,,,,,,,,,,,,,,
NA,NA,NA,NA,NA,,mock2-783D,NA,,,,,,,,,,,,,,,,,,,,,,,
neg9,NA,NA,NA,4/12/2026,,neg2,NA,,0.979,,,,,,,,,,,,,,,,,,,,,
neg9,NA,NA,NA,4/12/2026,,neg2-2,NA,,0.979,,,,,,,,,,,,,,,,,,,,,
415292,New,??,lamprey tissue/scale,5/26/2026,no,WADE-003-222,no,,,,,,,,,,,,,,,,,,,,,,,
415299,New,??,lamprey tissue/scale,5/26/2026,no,WADE-003-223,no,,,,,,,,,,,,,,,,,,,,,,,
415293,New,??,lamprey tissue/scale,5/26/2026,no,WADE-003-224,no,,,,,,,,,,,,,,,,,,,,,,,
415300,New,??,lamprey tissue/scale,5/26/2026,no,WADE-003-225,no,,,,,,,,,,,,,,,,,,,,,,,
UAM:Fish:10308,New,6,fish tissue,5/26/2026,no,WADE-003-226,no,minimal tissue,,,,,,,,,,,,,,,,,,,,,,
UAM:Fish:10304,New,6,fish tissue,5/26/2026,no,WADE-003-227,no,minimal tissue,,,,,,,,,,,,,,,,,,,,,,
UAM:Fish:10013,New,6,fish tissue,5/26/2026,no,WADE-003-228,no,minimal tissue,,,,,,,,,,,,,,,,,,,,,,
UAM:Fish:4081,New,6,fish tissue,5/26/2026,no,WADE-003-229,no,minimal tissue,,,,,,,,,,,,,,,,,,,,,,
UAM:Fish:4061,New,6,fish tissue,5/26/2026,no,WADE-003-230,no,minimal tissue,,,,,,,,,,,,,,,,,,,,,,
UAM:Fish:3895,New,6,fish tissue,5/26/2026,no,WADE-003-231,no,minimal tissue,,,,,,,,,,,,,,,,,,,,,,
UAM:Fish:3876,New,6,fish tissue,5/26/2026,no,WADE-003-232,no,minimal tissue,,,,,,,,,,,,,,,,,,,,,,
PH25GAM011,New,6,muscle,5/26/2026,no,WADE-003-233,no,used 2x ProK,,,,,,,,,,,,,,,,,,,,,,
EB25PH044,New,6,muscle,5/26/2026,no,WADE-003-234,no,used 2x ProK,,,,,,,,,,,,,,,,,,,,,,
DL25DLG001,New,6,skin,5/26/2026,no,WADE-003-235,no,used 2x ProK,,,,,,,,,,,,,,,,,,,,,,
neg,NA,NA,NA,5/26/2026,NA,NA,NA,,,,,,,,,,,,,,,,,,,,,,,
