"ASV","Kingdom","Phylum","Class","Order","Family","Genus","Species"
"ASV2","Eukaryota","Chordata","Actinopteri","Gadiformes","Gadidae","Eleginus","Eleginus gracilis"
"ASV3","Eukaryota","Chordata","Actinopteri","Clupeiformes","Clupeidae","Clupea","Clupea pallasii"
"ASV5","Eukaryota","Chordata","Actinopteri","Osmeriformes","Osmeridae","Osmerus","Osmerus mordax"
"ASV11","Eukaryota","Chordata","Actinopteri","Perciformes","Gasterosteidae","Pungitius","Pungitius pungitius"
"ASV16","Eukaryota","Chordata","Actinopteri","Gadiformes","Gadidae","Boreogadus","Boreogadus saida"
"ASV19","Eukaryota","Chordata","Actinopteri","Perciformes","Cottidae","Myoxocephalus","Myoxocephalus spp."
"ASV24","Eukaryota","Chordata","Actinopteri","Uranoscopiformes","Ammodytidae","Ammodytes","Ammodytes hexapterus"
"ASV26","Eukaryota","Chordata","Actinopteri","Pleuronectiformes","Pleuronectidae","Lepidopsetta","Lepidopsetta spp."
"ASV28","Eukaryota","Chordata","Actinopteri","Osmeriformes","Osmeridae","Hypomesus","Hypomesus olidus"
"ASV99","Eukaryota","Chordata","Actinopteri","Perciformes",NA,"Eurymen","Eurymen gyrinus"
"ASV263","Eukaryota","Chordata","Actinopteri","Salmoniformes","Salmonidae","Coregonus","Coregonus spp."
