"","Specimen.ID","Eleginus gracilis","Oncorhynchus kisutch","Oncorhynchus keta","Osmerus mordax","Coregonus laurettae","Myzopsetta proboscidea","Liparis spp.","Hypomesus olidus","Clupea pallasii","Ammodytes hexapterus","Myoxocephalus stelleri","Pleuronectes quadrituberculatus","NA","Limanda aspera","Gadus chalcogrammus","Pungitius pungitius","Stichaeus punctatus","Gymnocanthus tricuspis","Gymnocanthus pistilliger","Microcottus sellaris"
"WADE-003-062","DL18OME005",0.897,0,0,0,0,0,0.076,0,0,0.026,0,0,0,0,0,0,0,0,0,0.001
"WADE-003-006","2014122",0,0.783,0.217,0,0,0,0,0,0,0,0,0,0,0,0,0,0,0,0,0
"WADE-003-008","2017206",0.621,0.117,0.212,0,0.051,0,0,0,0,0,0,0,0,0,0,0,0,0,0,0
"WADE-003-011","2017221",1,0,0,0,0,0,0,0,0,0,0,0,0,0,0,0,0,0,0,0
"WADE-003-014","2017230",1,0,0,0,0,0,0,0,0,0,0,0,0,0,0,0,0,0,0,0
"WADE-003-001","2023157",0,1,0,0,0,0,0,0,0,0,0,0,0,0,0,0,0,0,0,0
"WADE-003-024","2022Beluga-0713-SD",1,0,0,0,0,0,0,0,0,0,0,0,0,0,0,0,0,0,0,0
"WADE-003-025","DL17HB001",0.782,0,0,0.217,0,0,0,0.001,0,0,0,0,0,0,0,0,0,0,0,0
"WADE-003-026","DL17OME001",0.994,0,0,0.002,0,0,0,0,0,0,0.004,0,0,0,0,0,0,0,0,0
"WADE-003-027","DL18OME001",0.999,0,0,0,0,0,0,0,0,0,0,0,0,0,0,0.001,0,0,0,0
"WADE-003-028","DL18OME002",0.997,0,0,0.001,0,0,0,0,0,0.002,0,0,0,0,0,0,0,0,0,0
"WADE-003-029","DL18OME003",1,0,0,0,0,0,0,0,0,0,0,0,0,0,0,0,0,0,0,0
"WADE-003-030","DL18OME004",0.995,0,0,0,0,0,0,0,0,0,0,0,0,0,0.005,0,0,0,0,0
"WADE-003-031","DL20OME001",1,0,0,0,0,0,0,0,0,0,0,0,0,0,0,0,0,0,0,0
"WADE-003-032","DL20OME002",1,0,0,0,0,0,0,0,0,0,0,0,0,0,0,0,0,0,0,0
"WADE-003-033","DL20OME003",0.999,0,0,0.001,0,0,0,0,0,0,0,0,0,0,0,0,0,0,0,0
"WADE-003-034","DL21OTZ007",0.999,0,0,0,0,0,0,0,0,0.001,0,0,0,0,0,0,0,0,0,0
"WADE-003-035","DL22OME001",1,0,0,0,0,0,0,0,0,0,0,0,0,0,0,0,0,0,0,0
"WADE-003-043","DL23OME002",0.136,0,0,0,0,0,0,0,0,0.679,0,0,0,0,0.185,0,0,0,0,0
"WADE-003-044","DL23OME003",0.155,0,0,0.114,0,0,0,0,0,0.002,0.64,0,0,0,0,0,0.089,0,0,0
"WADE-003-045","DL23SCM001",0.711,0,0,0.02,0.198,0,0,0.065,0,0,0,0,0,0,0,0.006,0,0,0,0
"WADE-003-104","EB23PH005-S",0.923,0,0,0,0,0,0,0,0,0,0,0,0,0,0,0,0,0.043,0,0.034
"WADE-003-107","EB23SH009-S",0.446,0,0,0.012,0,0.32,0,0,0,0.007,0,0.063,0,0.128,0,0,0,0.004,0.013,0.006
"WADE-003-108","EB24GAM020-S",0,0,0,0,0,0,1,0,0,0,0,0,0,0,0,0,0,0,0,0
"WADE-003-110","EB24PH055-S",0,0,0,0,0,0.824,0,0,0,0.012,0,0.027,0.127,0,0,0,0,0.01,0,0
"WADE-003-111","EB24PH075-S",0,0,0,0,0,0.041,0,0,0,0.26,0,0,0.506,0.046,0,0,0.121,0,0.026,0
"WADE-003-112","PH22SH004-S",0.71,0,0,0,0,0,0,0,0.29,0,0,0,0,0,0,0,0,0,0,0
"WADE-003-114","PH22SH015-S",0.877,0,0,0.121,0,0,0,0,0.003,0,0,0,0,0,0,0,0,0,0,0
"WADE-003-115","PH22SH036-S",0,0,0,0.826,0,0,0,0,0.174,0,0,0,0,0,0,0,0,0,0,0
"WADE-003-123","PH22SH036-S",0.963,0,0,0.037,0,0,0,0,0,0,0,0,0,0,0,0,0,0,0,0
"WADE-003-117-UC","PH23GAM007-S",0,0,0,0,0,0,0,0,0,0,0,0,0,0,0,0,0,0,0,1
"WADE-003-118-UC","PH23SH005-S",0,0,0,0.01,0,0,0,0,0.99,0,0,0,0,0,0,0,0,0,0,0
"WADE-003-120","PH23SH032-S",0.417,0,0,0.583,0,0,0,0,0,0,0,0,0,0,0,0,0,0,0,0
"WADE-003-147","PH23SH032-F",0,0,0,0,0,0,0,0,0,0.065,0,0,0.302,0.29,0,0,0,0.343,0,0
