"Predator","category","cat_small","n_samples","n_present","prevalence","total_reads","mean_rel_abundance_all","mean_rel_abundance_present","max_rel_abundance","core_prevalence","core_abundance","core_candidate","core_class"
"bearded seal","ASV1","c__ Clostridia | ASV1",30,29,0.966666666666667,539615,0.678608194113952,0.702008476669605,1,TRUE,TRUE,TRUE,"High-prevalence core (>=90%)"
"bearded seal","ASV3","c__ Gammaproteobacteria | ASV3",30,28,0.933333333333333,61082,0.0598080873937322,0.0640800936361417,0.992918742571002,TRUE,TRUE,TRUE,"High-prevalence core (>=90%)"
"bearded seal","ASV14","c__ Campylobacteria | ASV14",30,27,0.9,32343,0.0514445189749414,0.0571605766388238,0.562015068031036,TRUE,TRUE,TRUE,"High-prevalence core (>=90%)"
"bearded seal","ASV20","c__ Bacilli | ASV20",30,27,0.9,21581,0.024022725017644,0.0266919166862711,0.181144011482643,TRUE,TRUE,TRUE,"High-prevalence core (>=90%)"
"bearded seal","ASV4","c__ Fusobacteriia | ASV4",30,26,0.866666666666667,35250,0.0385998286706849,0.0445382638507903,0.227550638439463,TRUE,TRUE,TRUE,"Candidate core (>=80%)"
"bearded seal","ASV13","c__ Bacteroidia | ASV13",30,25,0.833333333333333,99845,0.12428929920267,0.149147159043203,0.417570679929237,TRUE,TRUE,TRUE,"Candidate core (>=80%)"
"bearded seal","ASV51","c__ Coriobacteriia | ASV51",30,20,0.666666666666667,8742,0.00967228210840639,0.0145084231626096,0.114176142097827,FALSE,TRUE,FALSE,"Non-core"
"bearded seal","ASV80","c__ Negativicutes | ASV80",30,18,0.6,1686,0.00228267610452318,0.00380446017420529,0.0115493571584223,FALSE,TRUE,FALSE,"Non-core"
"bearded seal","ASV241","c__ Desulfovibrionia | ASV241",30,17,0.566666666666667,2405,0.00265015660244162,0.00467674694548521,0.0315823139042136,FALSE,TRUE,FALSE,"Non-core"
"bearded seal","ASV159","c__ Deferribacteres | ASV159",30,15,0.5,2705,0.00374753901108208,0.00749507802216415,0.0399682371625198,FALSE,TRUE,FALSE,"Non-core"
"bearded seal","ASV142","c__ Alphaproteobacteria | ASV142",30,11,0.366666666666667,1049,0.00128408805058708,0.00350205831978294,0.0144185922550039,FALSE,TRUE,FALSE,"Non-core"
"bearded seal","ASV17","c__ Actinobacteria | ASV17",30,10,0.333333333333333,730,0.00087094818674971,0.00261284456024913,0.0112700015948115,FALSE,FALSE,FALSE,"Non-core"
"bearded seal","ASV213","c__ Cyanobacteriia | ASV213",30,7,0.233333333333333,532,0.00129197351412192,0.00553702934623679,0.0183411783801331,FALSE,TRUE,FALSE,"Non-core"
"bearded seal","ASV999","c__ Planctomycetes | ASV999",30,6,0.2,232,0.000247183791367156,0.00123591895683578,0.00380040086420074,FALSE,FALSE,FALSE,"Non-core"
"bearded seal","ASV1175","c__ Verrucomicrobiia | ASV1175",30,5,0.166666666666667,153,0.000625146176567853,0.00375087705940712,0.014818043146655,FALSE,FALSE,FALSE,"Non-core"
"bearded seal","ASV564","c__ Acidimicrobiia | ASV564",30,2,0.0666666666666667,63,8.59265655850904e-05,0.00128889848377636,0.00242161611011981,FALSE,FALSE,FALSE,"Non-core"
"bearded seal","ASV1612","c__ Blastocatellia | ASV1612",30,2,0.0666666666666667,31,5.61292436470648e-05,0.000841938654705972,0.000892174356359929,FALSE,FALSE,FALSE,"Non-core"
"bearded seal","ASV1733","c__ Nanoarchaeia | ASV1733",30,2,0.0666666666666667,9,1.99277220707013e-05,0.00029891583106052,0.000475021771831209,FALSE,FALSE,FALSE,"Non-core"
"bearded seal","ASV638","c__ Vampirivibrionia | ASV638",30,1,0.0333333333333333,246,0.000285336488273366,0.00856009464820099,0.00856009464820099,FALSE,FALSE,FALSE,"Non-core"
"bearded seal","ASV247","c__ Deinococci | ASV247",30,1,0.0333333333333333,44,4.83091787439614e-05,0.00144927536231884,0.00144927536231884,FALSE,FALSE,FALSE,"Non-core"
"bearded seal","ASV738","c__ Parcubacteria | ASV738",30,1,0.0333333333333333,7,1.8473068904547e-05,0.00055419206713641,0.00055419206713641,FALSE,FALSE,FALSE,"Non-core"
"bearded seal","ASV2126","c__ Babeliae | ASV2126",30,1,0.0333333333333333,5,1.31950492175336e-05,0.000395851476526007,0.000395851476526007,FALSE,FALSE,FALSE,"Non-core"
"bearded seal","ASV2265","c__ Bdellovibrionia | ASV2265",30,1,0.0333333333333333,4,1.05560393740269e-05,0.000316681181220806,0.000316681181220806,FALSE,FALSE,FALSE,"Non-core"
"bearded seal","ASV1464","c__ Chloroflexia | ASV1464",30,1,0.0333333333333333,6,8.82301041115229e-06,0.000264690312334569,0.000264690312334569,FALSE,FALSE,FALSE,"Non-core"
"bearded seal","ASV1674","c__ Nitrososphaeria | ASV1674",30,1,0.0333333333333333,10,8.67671430182818e-06,0.000260301429054846,0.000260301429054846,FALSE,FALSE,FALSE,"Non-core"
"bearded seal","ASV202","c__ Chlamydiia | ASV202",30,0,0,0,0,0,0,FALSE,FALSE,FALSE,"Non-core"
"bearded seal","ASV532","c__ Brevinematia | ASV532",30,0,0,0,0,0,0,FALSE,FALSE,FALSE,"Non-core"
"bearded seal","ASV605","c__ Gracilibacteria | ASV605",30,0,0,0,0,0,0,FALSE,FALSE,FALSE,"Non-core"
"bearded seal","ASV1629","c__ Oligoflexia | ASV1629",30,0,0,0,0,0,0,FALSE,FALSE,FALSE,"Non-core"
"bearded seal","ASV1726","c__ Thermoleophilia | ASV1726",30,0,0,0,0,0,0,FALSE,FALSE,FALSE,"Non-core"
"bearded seal","ASV1964","c__ Polyangiia | ASV1964",30,0,0,0,0,0,0,FALSE,FALSE,FALSE,"Non-core"
"beluga whale","ASV1","c__ Clostridia | ASV1",41,41,1,543859,0.433549808879798,0.433549808879798,0.997575463692569,TRUE,TRUE,TRUE,"Universal core (100%)"
"beluga whale","ASV20","c__ Bacilli | ASV20",41,41,1,168165,0.129275248849241,0.129275248849241,0.428497818693964,TRUE,TRUE,TRUE,"Universal core (100%)"
"beluga whale","ASV3","c__ Gammaproteobacteria | ASV3",41,40,0.975609756097561,212091,0.167932376998853,0.172130686423825,0.48657608441892,TRUE,TRUE,TRUE,"High-prevalence core (>=90%)"
"beluga whale","ASV4","c__ Fusobacteriia | ASV4",41,35,0.853658536585366,69859,0.0579228632499258,0.0678524969499131,0.4011802295253,TRUE,TRUE,TRUE,"Candidate core (>=80%)"
"beluga whale","ASV17","c__ Actinobacteria | ASV17",41,34,0.829268292682927,69341,0.0558871015082916,0.067393269465881,0.82756460880695,TRUE,TRUE,TRUE,"Candidate core (>=80%)"
"beluga whale","ASV13","c__ Bacteroidia | ASV13",41,31,0.75609756097561,86057,0.0666509189094445,0.0881512153318459,0.520999932800215,FALSE,TRUE,FALSE,"Non-core"
"beluga whale","ASV14","c__ Campylobacteria | ASV14",41,25,0.609756097560976,58414,0.0719053664964333,0.117924801054151,0.770591188168514,FALSE,TRUE,FALSE,"Non-core"
"beluga whale","ASV80","c__ Negativicutes | ASV80",41,17,0.414634146341463,20509,0.0122843928742715,0.0296270651673606,0.179319993005071,FALSE,TRUE,FALSE,"Non-core"
"beluga whale","ASV51","c__ Coriobacteriia | ASV51",41,15,0.365853658536585,3363,0.00322816014098914,0.00882363771870365,0.0723616006634875,FALSE,TRUE,FALSE,"Non-core"
"beluga whale","ASV142","c__ Alphaproteobacteria | ASV142",41,5,0.121951219512195,749,0.000791996778212723,0.00649437358134433,0.0317239581069923,FALSE,FALSE,FALSE,"Non-core"
"beluga whale","ASV247","c__ Deinococci | ASV247",41,4,0.0975609756097561,20,1.57685652195663e-05,0.000161627793500555,0.000312910695287565,FALSE,FALSE,FALSE,"Non-core"
"beluga whale","ASV1175","c__ Verrucomicrobiia | ASV1175",41,2,0.0487804878048781,58,5.49481145500686e-05,0.00112643634827641,0.00156446916692017,FALSE,FALSE,FALSE,"Non-core"
"beluga whale","ASV213","c__ Cyanobacteriia | ASV213",41,2,0.0487804878048781,37,3.89669629894414e-05,0.000798822741283549,0.00147755421320238,FALSE,FALSE,FALSE,"Non-core"
"beluga whale","ASV1674","c__ Nitrososphaeria | ASV1674",41,2,0.0487804878048781,25,1.33035740343763e-05,0.000272723267704714,0.000359755366350881,FALSE,FALSE,FALSE,"Non-core"
"beluga whale","ASV564","c__ Acidimicrobiia | ASV564",41,1,0.024390243902439,328,0.000320243384972579,0.0131299787838757,0.0131299787838757,FALSE,FALSE,FALSE,"Non-core"
"beluga whale","ASV532","c__ Brevinematia | ASV532",41,1,0.024390243902439,116,8.85308308618476e-05,0.00362976406533575,0.00362976406533575,FALSE,FALSE,FALSE,"Non-core"
"beluga whale","ASV1612","c__ Blastocatellia | ASV1612",41,1,0.024390243902439,27,2.86183384192714e-05,0.00117335187519013,0.00117335187519013,FALSE,FALSE,FALSE,"Non-core"
"beluga whale","ASV605","c__ Gracilibacteria | ASV605",41,1,0.024390243902439,3,4.4129263438464e-06,0.000180929980097702,0.000180929980097702,FALSE,FALSE,FALSE,"Non-core"
"beluga whale","ASV999","c__ Planctomycetes | ASV999",41,1,0.024390243902439,3,3.79280176795133e-06,0.000155504872486005,0.000155504872486005,FALSE,FALSE,FALSE,"Non-core"
"beluga whale","ASV1726","c__ Thermoleophilia | ASV1726",41,1,0.024390243902439,3,3.17981537991904e-06,0.000130372430576681,0.000130372430576681,FALSE,FALSE,FALSE,"Non-core"
"beluga whale","ASV159","c__ Deferribacteres | ASV159",41,0,0,0,0,0,0,FALSE,FALSE,FALSE,"Non-core"
"beluga whale","ASV202","c__ Chlamydiia | ASV202",41,0,0,0,0,0,0,FALSE,FALSE,FALSE,"Non-core"
"beluga whale","ASV241","c__ Desulfovibrionia | ASV241",41,0,0,0,0,0,0,FALSE,FALSE,FALSE,"Non-core"
"beluga whale","ASV638","c__ Vampirivibrionia | ASV638",41,0,0,0,0,0,0,FALSE,FALSE,FALSE,"Non-core"
"beluga whale","ASV738","c__ Parcubacteria | ASV738",41,0,0,0,0,0,0,FALSE,FALSE,FALSE,"Non-core"
"beluga whale","ASV1464","c__ Chloroflexia | ASV1464",41,0,0,0,0,0,0,FALSE,FALSE,FALSE,"Non-core"
"beluga whale","ASV1629","c__ Oligoflexia | ASV1629",41,0,0,0,0,0,0,FALSE,FALSE,FALSE,"Non-core"
"beluga whale","ASV1733","c__ Nanoarchaeia | ASV1733",41,0,0,0,0,0,0,FALSE,FALSE,FALSE,"Non-core"
"beluga whale","ASV1964","c__ Polyangiia | ASV1964",41,0,0,0,0,0,0,FALSE,FALSE,FALSE,"Non-core"
"beluga whale","ASV2126","c__ Babeliae | ASV2126",41,0,0,0,0,0,0,FALSE,FALSE,FALSE,"Non-core"
"beluga whale","ASV2265","c__ Bdellovibrionia | ASV2265",41,0,0,0,0,0,0,FALSE,FALSE,FALSE,"Non-core"
"ringed seal","ASV3","c__ Gammaproteobacteria | ASV3",33,33,1,145591,0.172401312317449,0.172401312317449,0.996430566763921,TRUE,TRUE,TRUE,"Universal core (100%)"
"ringed seal","ASV20","c__ Bacilli | ASV20",33,32,0.96969696969697,31125,0.05008608072083,0.051651270743356,0.397981991187177,TRUE,TRUE,TRUE,"High-prevalence core (>=90%)"
"ringed seal","ASV1","c__ Clostridia | ASV1",33,31,0.939393939393939,424230,0.425879596326791,0.453355699315617,0.915410385259631,TRUE,TRUE,TRUE,"High-prevalence core (>=90%)"
"ringed seal","ASV13","c__ Bacteroidia | ASV13",33,31,0.939393939393939,120064,0.125411155385452,0.133502197668384,0.514428299837045,TRUE,TRUE,TRUE,"High-prevalence core (>=90%)"
"ringed seal","ASV4","c__ Fusobacteriia | ASV4",33,29,0.878787878787879,155329,0.149542847274174,0.170169446898198,0.541887274229282,TRUE,TRUE,TRUE,"Candidate core (>=80%)"
"ringed seal","ASV14","c__ Campylobacteria | ASV14",33,26,0.787878787878788,29402,0.0415619126702312,0.0527516583891396,0.380959344837672,FALSE,TRUE,FALSE,"Non-core"
"ringed seal","ASV80","c__ Negativicutes | ASV80",33,20,0.606060606060606,2447,0.00237988228621181,0.00392680577224948,0.0170464805518437,FALSE,TRUE,FALSE,"Non-core"
"ringed seal","ASV51","c__ Coriobacteriia | ASV51",33,16,0.484848484848485,7147,0.00653752155149118,0.0134836381999506,0.0397882716783633,FALSE,TRUE,FALSE,"Non-core"
"ringed seal","ASV17","c__ Actinobacteria | ASV17",33,16,0.484848484848485,3707,0.0062479479659225,0.0128863926797152,0.136248549425045,FALSE,TRUE,FALSE,"Non-core"
"ringed seal","ASV159","c__ Deferribacteres | ASV159",33,16,0.484848484848485,3405,0.00313096045459858,0.00645760593760957,0.0334308277274057,FALSE,TRUE,FALSE,"Non-core"
"ringed seal","ASV241","c__ Desulfovibrionia | ASV241",33,12,0.363636363636364,1122,0.0012120819028756,0.0033332252329079,0.0140684410646388,FALSE,TRUE,FALSE,"Non-core"
"ringed seal","ASV142","c__ Alphaproteobacteria | ASV142",33,12,0.363636363636364,795,0.000867057583503123,0.00238440835463359,0.00704473406128919,FALSE,FALSE,FALSE,"Non-core"
"ringed seal","ASV213","c__ Cyanobacteriia | ASV213",33,9,0.272727272727273,234,0.000463083345771869,0.00169797226783018,0.00765223054379681,FALSE,FALSE,FALSE,"Non-core"
"ringed seal","ASV247","c__ Deinococci | ASV247",33,8,0.242424242424242,529,0.00153442478754976,0.00632950224864277,0.0229566916313904,FALSE,TRUE,FALSE,"Non-core"
"ringed seal","ASV999","c__ Planctomycetes | ASV999",33,8,0.242424242424242,186,0.000208920179893593,0.00086179574206107,0.00297768409782863,FALSE,FALSE,FALSE,"Non-core"
"ringed seal","ASV202","c__ Chlamydiia | ASV202",33,3,0.0909090909090909,2660,0.010946765284318,0.120414418127498,0.187055742611298,FALSE,TRUE,FALSE,"Non-core"
"ringed seal","ASV1175","c__ Verrucomicrobiia | ASV1175",33,3,0.0909090909090909,194,0.000376989065032064,0.0041468797153527,0.00669815371404036,FALSE,FALSE,FALSE,"Non-core"
"ringed seal","ASV605","c__ Gracilibacteria | ASV605",33,2,0.0606060606060606,17,6.88807933881209e-05,0.00113653309090399,0.00195376098990557,FALSE,FALSE,FALSE,"Non-core"
"ringed seal","ASV738","c__ Parcubacteria | ASV738",33,2,0.0606060606060606,16,5.09617833356756e-05,0.000840869425038648,0.00103048518677544,FALSE,FALSE,FALSE,"Non-core"
"ringed seal","ASV1964","c__ Polyangiia | ASV1964",33,2,0.0606060606060606,15,4.40205291797624e-05,0.00072633873146608,0.00081406707912732,FALSE,FALSE,FALSE,"Non-core"
"ringed seal","ASV638","c__ Vampirivibrionia | ASV638",33,2,0.0606060606060606,24,1.72041513244775e-05,0.000283868496853878,0.000389314250755455,FALSE,FALSE,FALSE,"Non-core"
"ringed seal","ASV532","c__ Brevinematia | ASV532",33,1,0.0303030303030303,200,0.000986747974699782,0.0325626831650928,0.0325626831650928,FALSE,FALSE,FALSE,"Non-core"
"ringed seal","ASV1726","c__ Thermoleophilia | ASV1726",33,1,0.0303030303030303,20,3.19685940532021e-05,0.00105496360375567,0.00105496360375567,FALSE,FALSE,FALSE,"Non-core"
"ringed seal","ASV2265","c__ Bdellovibrionia | ASV2265",33,1,0.0303030303030303,3,7.80670596042e-06,0.00025762129669386,0.00025762129669386,FALSE,FALSE,FALSE,"Non-core"
"ringed seal","ASV1629","c__ Oligoflexia | ASV1629",33,1,0.0303030303030303,2,3.87036596245358e-06,0.000127722076760968,0.000127722076760968,FALSE,FALSE,FALSE,"Non-core"
"ringed seal","ASV564","c__ Acidimicrobiia | ASV564",33,0,0,0,0,0,0,FALSE,FALSE,FALSE,"Non-core"
"ringed seal","ASV1464","c__ Chloroflexia | ASV1464",33,0,0,0,0,0,0,FALSE,FALSE,FALSE,"Non-core"
"ringed seal","ASV1612","c__ Blastocatellia | ASV1612",33,0,0,0,0,0,0,FALSE,FALSE,FALSE,"Non-core"
"ringed seal","ASV1674","c__ Nitrososphaeria | ASV1674",33,0,0,0,0,0,0,FALSE,FALSE,FALSE,"Non-core"
"ringed seal","ASV1733","c__ Nanoarchaeia | ASV1733",33,0,0,0,0,0,0,FALSE,FALSE,FALSE,"Non-core"
"ringed seal","ASV2126","c__ Babeliae | ASV2126",33,0,0,0,0,0,0,FALSE,FALSE,FALSE,"Non-core"
