"","input","filtered","denoisedF","denoisedR","merged","nonchim"
"WADE-003-001-MFU_S41",20015,18892,18884,18879,18842,18652
"WADE-003-002-MFU_S42",33071,23210,23106,23194,22954,22954
"WADE-003-003-MFU_S43",17584,16872,16867,16863,16860,16860
"WADE-003-004-MFU_S44",31048,28573,28455,28559,28434,28390
"WADE-003-005-MFU_S45",74415,70462,70452,70440,70440,70440
"WADE-003-007-MFU_S47",37379,36171,36169,36160,36159,36159
"WADE-003-008-MFU_S48",15253,14630,14622,14594,14586,14562
"WADE-003-009-MFU_S49",1592,1457,1455,1454,1454,1454
"WADE-003-010-MFU_S50",27903,27137,27132,27125,27108,27108
"WADE-003-011-MFU_S51",22364,20971,20962,20957,20956,20956
"WADE-003-012-MFU_S52",35486,34607,34598,34594,34589,34589
"WADE-003-013-MFU_S53",22509,21626,21620,21617,21615,21615
"WADE-003-014-MFU_S55",33074,31891,31883,31882,31876,31876
"WADE-003-015-MFU_S54",31902,30370,30362,30363,30359,30359
"WADE-003-016-MFU_S56",27212,25449,25441,25442,25434,25434
"WADE-003-017-MFU_S57",334,327,324,325,324,324
"WADE-003-018-MFU_S58",188964,182735,182729,182701,182653,182650
"WADE-003-019-MFU_S59",22600,21269,21253,21247,21183,20243
"WADE-003-020-MFU_S60",28223,27401,27378,27387,27236,27163
"WADE-003-021-MFU_S61",8944,8626,8622,8606,8554,8541
"WADE-003-022-MFU_S62",32333,31220,31210,31212,31208,31208
"WADE-003-023-MFU_S63",35406,29699,29693,29689,29683,29683
"WADE-003-024-MFU_S64",37928,35626,35612,35615,35416,35089
"WADE-003-025-MFU_S65",45930,43773,43761,43686,43553,40852
"WADE-003-026-MFU_S66",44675,42084,42058,42050,42000,41458
"WADE-003-027-MFU_S67",28461,26930,26928,26918,26359,26355
"WADE-003-028-MFU_S68",3262,3127,3112,3117,3102,3096
"WADE-003-029-MFU_S69",36124,34682,34667,34650,34603,34326
"WADE-003-030-MFU_S70",3666,3525,3517,3517,3498,3493
"WADE-003-031-MFU_S71",52341,49499,49496,49491,49448,49441
"WADE-003-032-MFU_S72",1409,1348,1346,1346,1346,1346
"WADE-003-033-MFU_S73",23200,22383,22378,22375,22364,22265
"WADE-003-034-MFU_S74",14991,14341,14331,14325,14281,14110
"WADE-003-035-MFU_S75",28233,26700,26664,26681,26435,26196
"WADE-003-036-MFU_S76",28377,27097,27060,27050,26860,26361
"WADE-003-037-MFU_S77",24944,23920,23887,23882,23818,23278
"WADE-003-038-MFU_S78",17916,17211,17176,17177,16987,16347
"WADE-003-039-MFU_S79",19467,18706,18706,18702,18677,18677
"WADE-003-040-MFU_S80",24590,23604,23595,23583,23358,23235
"WADE-003-041-MFU_S81",1919084,1818633,1817648,1816928,1811420,1624644
"WADE-003-042-MFU_S82",32833,31350,31341,31333,31314,31216
"WADE-003-043-MFU_S83",20040,19208,19192,19190,19159,18679
"WADE-003-044-MFU_S84",33490,32011,31976,31956,31701,30936
"WADE-003-045-MFU_S85",8698,8371,8336,8348,8256,7767
"WADE-003-102-MFU_S86",46774,44778,44775,44769,44767,44767
"WADE-003-103-MFU_S87",405045,388115,388091,388076,388033,388033
"WADE-003-104-MFU_S88",35248,33852,33786,33823,33544,31097
"WADE-003-109-MFU_S93",27232,26193,26190,26157,26154,25970
"WADE-003-110-MFU_S94",36573,35312,35292,35285,35156,34002
"WADE-003-111-MFU_S95",48558,46856,46770,46802,46026,38467
"WADE-003-112-MFU_S96",1789781,1683406,1683188,1682250,1679545,1576761
"WADE-003-113-MFU_S97",38073,34068,34058,34056,33958,33948
"WADE-003-114-MFU_S98",1787029,1624097,1623573,1623672,1620693,1529016
"WADE-003-116-MFU_S100",35833,34602,34595,34586,34559,33833
"WADE-003-117-MFU_S101",23356,21982,21978,21973,21973,21973
"WADE-003-118-MFU_S102",24562,23419,23411,23391,23378,22526
"WADE-003-119-MFU_S103",27556,24155,24152,24154,24151,24151
"WADE-003-120-MFU_S104",37867,35883,35863,35850,35770,33595
"WADE-003-121-MFU_S105",12466,12231,12226,12230,12226,12220
"WADE-003-122-MFU_S106",20874,19096,19091,19091,19045,19045
"WADE-003-123-MFU_S107",74520,71048,70992,71019,70915,67816
"WADE-003-124-MFU_S108",25914,24901,24868,24879,24416,20775
"WADE-003-125-MFU_S109",37919,18797,18790,18764,18695,18473
"WADE-003-126-MFU_S110",38036,8884,8870,8870,8845,8845
"WADE-003-127-MFU_S111",23991,11510,11490,11475,11254,10062
"WADE-003-129-MFU_S112",29046,20955,20853,20889,20624,19788
"WADE-003-130-MFU_S113",26146,15459,15454,15450,15446,15407
"WADE-003-131-MFU_S114",26110,22589,22581,22569,22351,19041
"WADE-003-133-MFU_S116",54800,36129,36119,36119,36080,36080
"WADE-003-134-MFU_S117",25830,21788,21762,21772,21572,20631
"WADE-003-135-MFU_S118",42331,22612,22581,22596,22558,22238
"WADE-003-136-MFU_S119",24471,20601,20595,20582,20464,19721
"WADE-003-137-MFU_S120",17095,13937,13877,13904,13618,13095
"WADE-003-138-MFU_S121",16128,15749,15746,15749,15745,15738
"WADE-003-139-MFU_S122",18174,17261,17253,17251,17212,16918
"WADE-003-141-MFU_S124",41947,24701,24679,24669,24584,24323
"WADE-003-142-MFU_S125",27839,26497,26491,26485,26464,26461
"WADE-003-143-MFU_S126",21753,17504,17503,17502,17497,17486
"WADE-003-144-MFU_S127",23137,20350,20347,20350,20334,20212
"WADE-003-152-MFU_S114",82855,68901,68727,68834,67975,66138
"WADE-003-153-MFU_S117",79984,58516,58345,58490,57785,54573
"WADE-003-155-MFU_S121",41982,33945,33877,33915,33612,33597
"WADE-003-158-MFU_S125",82345,73989,73975,73981,73841,73689
"WADE-003-159-MFU_S127",104631,95543,95401,95470,94065,80130
"WADE-003-160-MFU_S129",81984,69811,69735,69770,69530,69101
"WADE-003-161-MFU_S131",74700,60100,60079,60089,59992,59982
"WADE-003-162-MFU_S132",58895,53388,53377,53388,53076,53076
"WADE-003-163-MFU_S134",93455,66298,66153,66085,64746,59957
"WADE-003-164-MFU_S136",55097,47263,47208,47201,47056,46789
"WADE-003-165-MFU_S138",35888,33059,33038,32950,32124,32111
"WADE-003-166-MFU_S140",229733,47149,46840,46884,46501,46362
"WADE-003-168-MFU_S144",62368,52882,52733,52713,51732,42007
"WADE-003-169-MFU_S147",71638,57708,57637,57659,57172,53711
"WADE-003-170-MFU_S149",149379,115141,115083,114997,114507,113596
"WADE-003-175-MFU_S156",56175,33199,33192,33182,32631,32465
"WADE-003-178-MFU_S161",125177,110202,110166,110161,109235,103418
"WADE-003-179-MFU_S163",95716,80126,80087,80028,79013,76835
"WADE-003-180-MFU_S164",58842,42877,42855,42872,42729,42613
"WADE-003-181-MFU_S166",72181,56634,56620,56628,56225,56146
"WADE-003-182-MFU_S168",39065,34543,34494,34436,33931,29991
"WADE-003-183-MFU_S170",83559,53306,53038,53304,52684,52423
"WADE-003-184-MFU_S172",67129,62200,62197,62194,62122,62100
"WADE-003-185-MFU_S174",57151,43712,43631,43704,43302,42925
"WADE-003-189-MFU_S179",71721,42349,42321,42254,42111,41700
"WADE-003-190-MFU_S181",157444,45515,45374,45467,45164,44992
"WADE-003-191-MFU_S182",52684,40541,40514,40438,40150,39070
"WADE-003-192-MFU_S184",68047,54576,54447,54557,54311,53839
"WADE-003-193-MFU_S185",105165,40057,40037,40038,39930,39747
"WADE-003-194-MFU_S187",117876,58013,57824,57863,57590,57556
"WADE-003-195-MFU_S189",83632,52921,52909,52915,52798,52748
"WADE-003-196-MFU_S191",64379,50803,50786,50768,50468,49693
"WADE-003-197-MFU_S193",69849,56435,56420,56426,56228,55586
"WADE-003-198-MFU_S195",70841,57232,57215,57217,57040,56567
"WADE-003-199-MFU_S197",269404,80281,80274,80178,79839,79839
"WADE-003-200-MFU_S199",139187,65889,65883,65870,65498,65451
"WADE-003-201-MFU_S201",63773,50975,50775,50969,50603,50172
"WADE-003-202-MFU_S203",137090,56560,56476,56543,55858,55570
"WADE-003-203-MFU_S205",103997,58935,58876,58912,58644,58606
"WADE-003-205-MFU_S209",149286,70060,69894,70050,69750,69749
"WADE-003-207-MFU_S213",401554,30144,30138,30142,29761,29761
"WADE-003-208-MFU_S215",61798,55728,55715,55721,55636,55636
"WADE-003-209-MFU_S217",102665,66473,66433,66468,66316,66316
"WADE-003-210-MFU_S219",102981,64251,64152,64032,63488,63352
"WADE-003-217-MFU_S230",75004,61780,61745,61632,61343,61117
"WADE-003-218-MFU_S231",117848,67370,67313,67357,67116,66859
"WADE-003-219-MFU_S233",133698,67339,67297,67118,66723,66472
"WADE-003-220-MFU_S235",108128,55421,55414,55416,55094,55074
"WADE-003-221-MFU_S237",60107,1187,1186,1186,1140,1140
